Immanuel Kant,50
David Hume,43
John Locke,37
John Maynard Keynes,34
Friedrich Nietzsche,33
Bertrand Russell,31
√âmile Durkheim,30
Carl Jung,28
Georg Wilhelm Friedrich Hegel,28
Ren√© Descartes,28
Sigmund Freud,27
Michel Foucault,27
Max Weber,27
Jean Piaget,27
Margaret Mead,27
Jean-Jacques Rousseau,27
George Berkeley,26
Pragmatism,26
Stanley Milgram,26
David Ricardo,25
Ludwig Wittgenstein,25
Karl Marx,25
,24
Noam Chomsky,24
Milton Friedman,22
Thorstein Veblen,21
Martin Heidegger,20
Baruch Spinoza,20
Thomas Aquinas,20
John Stuart Mill,20
Arthur Schopenhauer,20
Jean-Paul Sartre,19
Unemployment,19
Erik Erikson,19
Claude L√©vi-Strauss,19
Abraham Maslow,19
George Santayana,18
Ruth Benedict,17
Utilitarianism,17
Francis Bacon,17
Aristotle,16
Tax,16
Inflation,16
Stoicism,16
Leviathan,16
John Dewey,15
Friedrich Hayek,15
Adam Smith,15
William James,14
Thomas Robert Malthus,14
Demand,14
Republic (disambiguation),14
John Kenneth Galbraith,14
Clifford Geertz,13
Bronislaw Malinowski,13
Monopoly,13
Gottfried Wilhelm Leibniz,13
John B. Watson,13
The Wealth of Nations,13
John Rawls,13
Willard Van Orman Quine,13
Plato,12
Kenneth Arrow,12
Ethics,12
Milgram experiment,12
Jacques Derrida,12
B. F. Skinner,11
Gross domestic product,11
Meditations on First Philosophy,11
Bystander effect,11
Personality,11
Truth,11
Johann Gottlieb Fichte,11
Cognitive dissonance,10
The Phenomenology of Spirit,10
Crime,10
Philip Zimbardo,10
The Golden Bough,10
Erving Goffman,10
Dream,10
Socrates,10
G. E. Moore,10
Herbert Spencer,10
Marcel Mauss,9
Stanford prison experiment,9
Culture,9
Charles Sanders Peirce,9
Soren Aabye Kierkegaard,9
The Prince,9
Carl Rogers,9
Alfred Adler,9
Walter Benjamin,9
Prison,9
Intelligence,9
On Liberty,9
Gottlob Frege,9
Critique of Pure Reason,9
An Enquiry Concerning Human Understanding,9
Franz Boas,9
Thomas Hobbes,9
Intelligence quotient,8
Vilfredo Pareto,8
Voting,8
Free will,8
Ronald Coase,8
Karl Popper,8
C. Wright Mills,8
Knowledge,8
The Social Contract,8
Two Dogmas of Empiricism,8
Time,8
Thus Spoke Zarathustra,8
W. E. B. Du Bois,8
Augustine of Hippo,8
Confucius,8
Hannah Arendt,8
Coming of Age in Samoa,8
Antonio Gramsci,8
Robert Nozick,8
Bruno Bettelheim,8
Memory,8
Fear and Trembling,8
The Chrysanthemum and the Sword,8
The Communist Manifesto,8
Summa Theologica,8
Montesquieu,8
Lewis H. Morgan,7
The Interpretation of Dreams,7
Schizophrenia,7
Auguste Comte,7
A. J. Ayer,7
Two Treatises of Government,7
Solomon Asch,7
Alexis de Tocqueville,7
Color,7
Alfred L. Kroeber,7
Maslow's hierarchy of needs,7
Tractatus Logico-Philosophicus,7
Edmund Husserl,7
Money,7
Existentialism,7
History,7
United States,7
The,7
Jeremy Bentham,7
Talcott Parsons,7
Amartya Sen,7
Russia,7
Beyond Good and Evil,7
Externality,7
Soren Kierkegaard,7
Niccol√≤ Machiavelli,7
Robert K. Merton,7
Albert Bandura,7
J√ºrgen Habermas,7
Heraclitus,6
"Anarchy, State, and Utopia",6
Ludwig Feuerbach,6
Marshall McLuhan,6
The World as Will and Representation,6
Justice,6
A Theory of Justice,6
Theodor W. Adorno,6
Interest rate,6
Henri Bergson,6
Blaise Pascal,6
Pierre Bourdieu,6
Gestalt psychology,6
Comparative advantage,6
Lev Vygotsky,6
The Sickness Unto Death,6
Edmund Burke,6
The Structure of Scientific Revolutions,6
Nicomachean Ethics,6
The Power Elite,6
Saul Kripke,6
Verb,6
Behaviorism,6
Daniel Kahneman,6
Erich Fromm,6
Emotion,6
Being and Time,6
Capital: Critique of Political Economy,5
Economic inequality,5
Capital,5
Friedrich Engels,5
John Searle,5
The Protestant Ethic and the Spirit of Capitalism,5
Maimonides,5
J. L. Austin,5
Metaphysics,5
Neoplatonism,5
Friedrich,5
Trobriand Islands,5
Simone de Beauvoir,5
Analects,5
The Myth of Sisyphus,5
The Lonely Crowd,5
Vowel,5
Peter Abelard,5
Donald Davidson,5
Epicureanism,5
Game theory,5
Ontological argument,5
Linguistics,5
Language,5
George Herbert Mead,5
Magic,5
City,5
Herbert Marcuse,5
Denis Diderot,5
Philosophical Investigations,5
The Affluent Society,5
Alfred North Whitehead,5
Richard Rorty,5
S√∏ren Aabye Kierkegaard ,5
The Theory of the Leisure Class,5
Labour,5
Three Dialogues between Hylas and Philonous,4
Learned helplessness,4
Attention,4
Poverty,4
Anthropology,4
The Presentation of Self in Everyday Life,4
Leo Strauss,4
Either/Or,4
Risk,4
Jean Baudrillard,4
Frantz Fanon,4
An Essay Concerning Human Understanding,4
Mind,4
Art,4
The Second Sex,4
Scotland,4
Karl Jaspers,4
The Praise of Folly,4
George,4
Leviathan (book),4
The Theory of Moral Sentiments,4
Esperanto,4
Phillips curve,4
Wilfrid Sellars,4
Love,4
The Birth of Tragedy,4
Bronislaw Kasper Malinowski,4
Atheism,4
The Savage Mind,4
Bobo doll experiment,4
On the Genealogy of Morality,4
The Consolation of Philosophy,4
Dialogues Concerning Natural Religion,4
Altruism,4
Being and Nothingness,4
Law,4
Wilhelm Wundt,4
Thomas Nagel,4
Fundamental attribution error,4
Common sense,4
Leviathan (disambiguation),4
Marbury v. Madison,4
France,4
Judith Butler,4
Filibuster,4
Joseph Stiglitz,4
Consciousness,4
Categorical imperative,4
Business cycle,4
James George Frazer,4
Lawrence Kohlberg,4
Duns Scotus,4
Robert Lucas Jr.,4
Stress,4
Postmodernism,4
Conditioning,4
Linguistic relativity,4
The Essence of Christianity,4
Elements of the Philosophy of Right,4
Orientalism,4
Abraham,4
Steven Pinker,4
Roland Barthes,4
Conformity,4
Tractatus Theologico-Politicus,4
Archaeology,4
Phenomenology,4
Kinship,4
Albert Ellis,3
One-Dimensional Man,3
"The General Theory of Employment, Interest and Money",3
Parmenides,3
Japanese,3
Syllable,3
Spain,3
Abortion,3
Sublime (philosophy),3
Karen Horney,3
Jacques Lacan,3
Election,3
Niccol√≤,3
Water,3
Realistic conflict theory,3
Facing Mount Kenya,3
Classical conditioning,3
Nicolaus Copernicus,3
Rorschach test,3
Avicenna,3
John Ruskin,3
Arrow's impossibility theorem,3
Prisoner's dilemma,3
Gresham's law,3
The Self-Improvement of Salvadore Ross,3
Josiah Royce,3
Platon,3
Progress and Poverty,3
3 (number),3
Anselm of Canterbury,3
Hilary Putnam,3
Epicurus,3
Reductionism,3
The Division of Labour in Society,3
Lewis Mumford,3
Euthyphro,3
Civilization and Its Discontents,3
Enlightenment,3
Al-Ghazali,3
Suicide,3
Pythagoras,3
Cynic,3
How the Other Half Lives,3
Scientific method,3
Education,3
Intentionality,3
Of Grammatology,3
Paul Krugman,3
Folkways,3
Symposium,3
Gilbert Ryle,3
Edward Thorndike,3
Democracy,3
Private language argument,3
William Graham Sumner,3
Tragedy of the commons,3
Aesthetics,3
Social contract,3
Sanskrit,3
Meaning,3
William of Ockham,3
Evolution,3
Grammar,3
Ludwig von Mises,3
Anomie,3
Averroes,3
Georg Simmel,3
Leon Festinger,3
Price,3
Lakoff,3
Working memory,3
Broken windows theory,3
Phoneme,3
Philosophy and the Mirror of Nature,3
The Concept of Mind,3
Jos√© Ortega y Gasset,3
Object,3
Gregory Bateson,3
Dualism (philosophy of mind),3
WiLL,3
Civilization,3
"Contingency, Irony, and Solidarity",3
Alfred Radcliffe-Brown,3
Ethics (Spinoza),3
Discourse on the Method,3
Liberty,3
China,3
Indonesia,3
Pareto efficiency,3
A Vindication of the Rights of Woman,3
Gy√∂rgy Luk√°cs,3
Little Albert experiment,3
Richard Posner,3
James Stopford (bishop),3
Edward Burnett Tylor,3
Roman Jakobson,3
Attitude,3
Need,3
Oedipus complex,3
Harry Harlow,3
Paul Samuelson,3
Empiricism,3
Forgetting,3
Japan,3
Elizabeth Loftus,3
Contract,3
University of Chicago,3
Spanish,3
Poetry,2
John Watson,2
Economic growth,2
Claude,2
Mozi,2
Monadology,2
Brown v. Board of Education,2
Martin Buber,2
Neoconservatism,2
Thor Heyerdahl,2
Nicolas Malebranche,2
Friedrich H√∂lderlin,2
Irony,2
Marxism,2
Democracy in America,2
Ivan Pavlov,2
Totalitarianism,2
Gestalt,2
Harris,2
Galileo Galilei,2
Spleen,2
"Language, Truth, and Logic",2
Sign language,2
Bandwagoning,2
Timaeus,2
Anthony Giddens,2
God is dead,2
Indo-European languages,2
Division of labour,2
University of Oxford,2
Nelson Goodman,2
Stanford University,2
McDonald's,2
Dasein,2
Gender Trouble,2
Primitive culture,2
Public good,2
Skepticism,2
The Death of the Author,2
Marshall Sahlins,2
Logic,2
Piaget's theory of cognitive development,2
Benjamin Lee Whorf,2
Islam,2
Gunnar Myrdal,2
Deep Play: Notes on the Balinese Cockfight,2
Clifford,2
Christianity,2
John,2
Cambridge Platonists,2
Laffer curve,2
Edward,2
Zande people,2
Poland,2
Elasticity,2
Arousal,2
Autism spectrum,2
Hebrew language,2
Genitive case,2
White collar,2
Phaedrus,2
Utility,2
Ferdinand T√∂nnies,2
Deconstruction,2
The Guide for the Perplexed,2
Dialectic,2
Minima Moralia,2
Symposium (Plato),2
Zhuangzi,2
Belief,2
The Elementary Forms of the Religious Life,2
Alan Greenspan,2
Fredric Jameson,2
Edward Said,2
Henry Sidgwick,2
Isaiah Berlin,2
A Letter Concerning Toleration,2
Discourses on Livy,2
Self-actualization,2
Twilight of the Idols,2
Bowling Alone,2
Mencius,2
Liquidity trap,2
Anthony Bacon (industrialist),2
Trichotomy (philosophy),2
Existentialism and Humanism,2
English,2
The Theory of Communicative Action,2
Thomas Paine,2
De rerum natura,2
The Feminine Mystique,2
Poetics,2
Francis Hutcheson,2
Derek Parfit,2
Nagarjuna,2
Monkey,2
Induction,2
Peter Gustav Lejeune Dirichlet,2
Elizabeth Anscombe,2
Reflections on the Revolution in France,2
Isaac Newton,2
Perpetual Peace: A Philosophical Sketch,2
The Structural Transformation of the Public Sphere,2
Samuel von Pufendorf,2
The Open Society and Its Enemies,2
Kenneth Waltz,2
Ancient Greek,2
Market risk,2
Bernard Williams,2
The Poverty of Historicism,2
G,2
Brazil,2
Semiotics,2
New Essays on Human Understanding,2
The Art of War,2
Enchiridion,2
Monopolistic competition,2
Ferdinand de Saussure,2
Woman,2
Violence,2
Francis Fukuyama,2
Bronis≈Çaw Kasper Malinowski,2
"Black Skin, White Masks",2
Parerga and Paralipomena,2
The Will to Believe,2
Death,2
Columbia University,2
The Mind and Society,2
Ralph Waldo Emerson,2
Multiple realizability,2
The Rules of Sociological Method,2
Marshall,2
Demand curve,2
Aboriginal Australians,2
Chimpanzee,2
Auction,2
Critique of Practical Reason,2
Georges,2
African American Vernacular English,2
The Souls of Black Folk,2
S√∏ren ,2
E. E. Evans-Pritchard,2
Robert D. Putnam,2
Adjective,2
Jean Paul,2
A Thousand Plateaus,2
Paul Tillich,2
Determinism,2
Bernhard Riemann,2
Mathematics,2
John Forbes Nash Jr.,2
Rudolf Carnap,2
Groundwork of the Metaphysic of Morals,2
Homosexuality,2
International trade,2
The Holocaust,2
Meditations,2
Soren Kierkegaard ,2
Evil,2
Soren,2
The Wretched of the Earth,2
Sic et Non,2
Nuer,2
Structural functionalism,2
John Hicks,2
Victor,2
Yoga,2
Coase theorem,2
Phaedo,2
'Pataphysics,2
Attachment theory,2
Phrenology,2
Basque,2
Anarchy,2
The City of God (book),2
Positivism,2
Confucianism,2
Capitalism,2
Rat,2
Poll,2
Soren Aabye Kierkegaard ,2
Ronald Dworkin,2
Susan Sontag,2
The Gift,2
Johann Georg Hamann,2
Desiderius Erasmus,2
Pierre-Joseph Proudhon,2
Chinese room,2
Sociology,2
Power,2
Martha Nussbaum,2
L√©on Walras,2
Viktor Frankl,2
Optical illusion,2
Cognitive map,2
Anti-intellectualism in American Life,2
Totem,2
Harold Bloom,2
A System of Logic,2
Halford Mackinder,2
Play,2
The Uncanny,2
Incest,2
Italy,2
Rite of passage (disambiguation),2
Totem and Taboo,2
Anarchism,2
Edmund Phelps,2
Efficient-market hypothesis,2
Word and Object,2
I and Thou,2
Learning,2
Burke,2
Hans-Georg Gadamer,2
David,2
John Peter Altgeld,2
Maoism,2
Baptism,2
Africa,2
Harry Stack Sullivan,2
Affirmative action,2
Maurice Merleau-Ponty,2
The Postmodern Condition,2
The Young Hegelians and Karl Marx,2
Cargo cult,2
State,2
Marriage,2
Utopia,2
The Labyrinth of Solitude,2
Arabic,2
Consumer price index,2
Consonant,2
Exchange rate,2
Tristes Tropiques,2
Person-centered therapy,2
Joseph Nye,2
Rationality,2
Bertrand,2
Emanuel Swedenborg,2
Samuel Huntington,2
Vienna Circle,2
Advertising,2
Tony Judt,2
Oscar Wilde,2
Religion,2
Modern English,2
Course in General Linguistics,2
Good,2
Principle of sufficient reason,2
The New Science,2
Dialectic of Enlightenment,2
History and Class Consciousness,2
Possible world,2
The Road to Serfdom,2
Fourteenth Amendment to the United States Constitution,2
Melville J. Herskovits,2
Exile,2
Germaine Greer,2
Language acquisition,2
Eloisa to Abelard,2
Franz Brentano,2
Fear,2
Terrorism,2
Existence of God,2
Culture and Anarchy,2
Therapy,2
Science,2
Novum Organum,2
Robert Lucas,2
Insurance,2
Naming and Necessity,2
Edward Sapir,2
Savage,1
Communism,1
Vocal-fold cyst,1
Potter's wheel,1
Yanomami,1
Ataraxia,1
5 (number),1
Ronald,1
Vagueness,1
Henri,1
Industry,1
Karaite,1
Mohism,1
Legalism,1
Algorithmic game theory,1
Tariff,1
Liminality,1
Paul,1
Raymond Cattell,1
Bronislaw Kasper,1
Victor Turner,1
Maze,1
Herbert Simon,1
Mediterranean Sea,1
Siegfried Kracauer,1
Game,1
Leslie Fiedler,1
K√ºbler-Ross model,1
Al-Farabi,1
Lattice energy,1
Frankfurt School,1
2001 U.S. Figure Skating Championships,1
Motivation,1
Celtic languages,1
Georg Cantor,1
Aristotleles,1
Grammatical mood,1
Karl Polanyi,1
Cadaver,1
Pens√©es,1
Jonathan Franzen,1
Inflection,1
Lord Frederick,1
University of Wisconsin-Madison,1
Cobb-Douglas Production Function,1
Roman citizenship,1
Neorealism,1
Operant conditioning chamber,1
Proslogion,1
Report on Manufactures,1
Social network,1
The Hero with a Thousand Faces,1
Aggregate supply,1
Mythologiques,1
Jerry,1
Globalization,1
Eichmann in Jerusalem,1
The Ghost in the Machine,1
Wheel,1
Fourteenth Amendment,1
Atom,1
In a Different Voice,1
Cicero,1
Longinus (literature),1
Monad,1
Slaughter-House Cases,1
Epoch√©,1
John Galbraith,1
Eye,1
"Notes on ""Camp""",1
"G√∂del, Escher, Bach",1
Tommy Jones (quarterback),1
Ludwig,1
Western canon,1
Dora,1
Silent letter,1
Buckminster Fuller,1
Odysseus,1
Marseille,1
Cultural influence of Plato's Republic,1
Transition state,1
Total factor productivity,1
Revealed preference,1
Rabelais and His World,1
Colorless green ideas sleep furiously,1
Feminism,1
Stephen Walt,1
Pierre Duhem,1
Organizational dissent,1
Double bond,1
University,1
Joseph de Maistre,1
Cambridge,1
Defect,1
Econometrics,1
Timothy Leary,1
On the Principles of Political Economy and Taxation,1
Major depressive disorder,1
Phonemic awareness,1
Algazel,1
Howard Zinn,1
Strain theory,1
S√°ndor Ferenczi,1
Transaction cost,1
Dividend,1
Callophrys augustinus,1
Moral hazard,1
B,1
Price index,1
Antichrist (disambiguation),1
Ernest Nagel,1
Apologia Pro Vita Sua,1
Erwin Panofsky,1
Reasons and Persons,1
Charles Darwin,1
Trait theory,1
Eliminative materialism,1
Alain Badiou,1
Chicago,1
Freudo-Marxism,1
Chicago Boys,1
Philosophy of Baruch Spinoza,1
Giorgio Agamben,1
Georgian language,1
Elias James Corey,1
Jury selection,1
Meat,1
Natural History (Pliny),1
Crowds and Power,1
Christian mortalism,1
Vision,1
"The Descent of Man, and Selection in Relation to Sex",1
Reynolds number,1
Lewis,1
Greek tragedy,1
Rudolf Virchow,1
John Albert Broadus,1
Peace Corps,1
Fixed action pattern,1
Murder of Kitty Genovese,1
"Human, All Too Human",1
Johann Joachim Winckelmann,1
Estonian,1
Eating disorder,1
Heaven's Gate,1
John B,1
Poincar√© conjecture,1
Jan Tinbergen,1
Anxiety,1
Dissociative identity disorder,1
White Collar: The American Middle Classes,1
Realism,1
Jean-Paul Marat,1
heLogic of Scientific Discovery ,1
Power set,1
Washington,1
Pathetic fallacy,1
International Phonetic Alphabet,1
Paipai language,1
Southern Agrarians,1
Bead Game,1
Eyewitness,1
Desmond Hume,1
Hospital,1
Paul Ricoeur ,1
Harvard University,1
Peter Shaffer,1
Dialect,1
The Question Concerning Technology,1
Velocity of money,1
"List of clergy educated at Jesus College, Oxford",1
Alexander Berkman,1
C,1
John Dee,1
Slutsky,1
Primacy of mind,1
Thomas Henry Huxley,1
Joseph Campbell,1
I Ching,1
Leopold and Loeb,1
Hedge (disambiguation),1
Caroline Kennedy,1
Computer,1
Wyndham Lewis,1
Runes,1
"Either/or: ""A Fragment on Life"" ",1
Upanishads,1
Redlining,1
Attachment,1
Franz Rosenzweig,1
Measures of national income and output,1
Creation science,1
The Paranoid Style in American Politics,1
On War,1
Moscow City Hall,1
Ontology,1
Octavio Paz,1
Code-switching,1
The Map and the Territory,1
Stuart,1
Against Method,1
Donna Haraway,1
Doll,1
Portuguese language,1
William Godwin,1
Harriet Taylor Mill,1
Ressentiment,1
Alfred Tarksi,1
Athens,1
Meno,1
Narcissism,1
Bill Kramer,1
Dedan Kimathi,1
Jacques Derrida and J¬®urgen Habermas,1
Islam in Indonesia,1
Karl Mannheim,1
Universal Grammar,1
Hernando de Soto,1
master-slave dialectic ,1
Umberto Eco,1
"The System of Economic Contradictions, or The Philosophy of Poverty",1
The Forgotten Man,1
Statistical significance,1
HOMOSEXUAALITY,1
Ren√©,1
Native Hawaiians,1
Russell,1
Edgar Allan Poe,1
Japanese language,1
Giuseppe Peano,1
Close reading,1
Benjamin Banneker,1
Electroshock weapon,1
Richard Cantillon,1
Censorship,1
Social constructivism,1
Debt,1
Dowry,1
University of the Immaculate Conception,1
Legal positivism,1
Rational expectations,1
History of the United States,1
Soul on Ice,1
Halo,1
Edward B. Titchener,1
Power (social and political),1
Swedish,1
Language-game (philosophy),1
Hilary,1
Telophase,1
United States Secretary of the Treasury,1
Grammatical gender,1
John A. Macdonald,1
"Id, ego and super-ego",1
Fl√¢neur,1
Michael Oakeshott,1
Statute of limitations,1
Culture industry,1
School,1
Vice President of the United States,1
Aspiration,1
P. F. Strawson,1
Paul Grice,1
Sweden,1
Property,1
Problem of evil,1
The Eighteenth Brumaire of Louis Napoleon,1
Julian Assange,1
John Langshawn Austin,1
Falsifiability,1
An Essay on Man,1
Barro-Ricardian equivalence,1
Mapp v. Ohio,1
Mechanism design,1
Focal point,1
Private property,1
Ainu,1
Immortality,1
The Market for Lemons,1
Birthday Party,1
Cavendish Laboratory,1
George Mason,1
Cedilla,1
George Akerlof,1
Paul Roazen,1
Free rider problem,1
Hans Eysenck,1
Archimedes,1
Tone,1
Czech,1
Maasai,1
The Female Eunuch,1
Idolatry,1
Louis Althusser,1
Sir,1
Profit (economics),1
Everyday life,1
Pedagogy of the Oppressed,1
Price fixing,1
Lawrence Kohlberg's stages of moral development,1
Maya,1
Maria Czaplicka,1
S√∏ren Kierkegaard ,1
Whiteness,1
Instrumental variable,1
Drive,1
Albert Camus,1
The Meaning of Meaning,1
Madness,1
Witchcraft,1
Cumulative prospect theory,1
Chicken,1
Due process,1
Camille Paglia,1
Aborigine,1
Republic,1
Specters of Marx,1
Zygmunt Bauman,1
Boredom,1
Operation Ivy,1
I Have a Dream,1
Civil war,1
IS/LM model ,1
Parable of the Unjust Steward,1
Paradise Lost,1
Romanticism,1
Alzheimer's disease,1
Father (disambiguation),1
City of God,1
Cultural evolutionism,1
Asch conformity experiments,1
Kingdom of Italy,1
Portuguese,1
Technical analysis,1
Natural history,1
Neopragmatism,1
Argonauts of the Western Pacific,1
The Quest of the Historical Jesus,1
Sartor Resartus,1
Causation,1
Autokinetic effect,1
Piaget,1
Misattribution of arousal,1
Solow-Swan growth model,1
Pseudo-Dionysius the Areopagite,1
Roe v. Wade,1
Fourth Amendment to the United States Constitution,1
Australia,1
Chinese characters,1
Adler,1
Virtual,1
The God that Failed,1
Sino-Tibetan languages,1
Out of Africa,1
Barter,1
German,1
Wrestling,1
Stag hunt,1
The Spirit of the Laws,1
Vietnamese,1
Federal,1
Yaroslav Pryriz,1
Konrad Lorenz,1
William Labov,1
Samuel P. Huntington,1
Hume,1
Technics and Civilization,1
Pluralism (political philosophy),1
C. L. R. James,1
Leon Trotsky,1
William Carlos Williams,1
Apology (Plato),1
David Lewis,1
Equilibrium selection,1
Ernst Gombrich,1
Eric Hoffer,1
John Maynard Keyne,1
Fiscal policy,1
Moral luck,1
Birth control,1
Stanley Cavell,1
Looking glass self,1
Jonathan Edwards,1
Jury,1
Problem of induction,1
Locality,1
Occasionalism,1
The Rebel,1
Lorenzo Valla,1
Bronislaw ,1
Four Books and Five Classics,1
Prison Notebooks,1
Socialism,1
Ars Poetica,1
Serfdom,1
Luce Irigaray,1
Infant,1
Acculturation,1
Benedictus,1
Skin,1
Pornography,1
The Organization Man,1
Money supply,1
0 (number),1
Prairie School,1
Real interest rate,1
Edgeworth box,1
Melanie Klein,1
United States Attorney General,1
Article,1
Wolfgang K√∂hler,1
Luigi Pirandello,1
John Wesley,1
Philosophical zombie,1
Civil Disobedience (Thoreau),1
Terms of trade,1
Henry Louis Gates Jr.,1
Standing on the shoulders of giants,1
Availability heuristic,1
The Civilization of the Renaissance in Italy,1
Monopsony,1
Cooperative,1
Hungary,1
Criminology,1
Mikhail Bakunin,1
Ultimatum game,1
Equity (trade union),1
Great Depression,1
Noumenon,1
Sextus Empiricus,1
Price elasticity of demand,1
Diamond,1
Silent Spring,1
Discourse (disambiguation),1
Printing press,1
Aphasia,1
Earl Russell,1
Fortuna,1
Alasdair MacIntyre,1
Noun,1
Microcredit,1
Ace Attorney Investigations 2,1
Miracle,1
Music of Easter Island,1
The Cheese and the Worms,1
Fritz Perls,1
Kafir,1
Commentaries on the Laws of England,1
Aggression,1
Solow-Swan growth model ,1
Mancur Olson,1
Kurt Lewin,1
Negidals,1
Broken window,1
Critique of Judgment,1
Baldassare Castiglione,1
Dietrich Bonhoeffer,1
Grimm's law,1
Hermeneutics,1
Deviance,1
Punitive damages,1
Dworkin,1
Protagoras,1
S√∏ren Kierkegaard,1
Polynesian languages,1
Taoism,1
Jared Diamond,1
Inattentional blindness,1
Spanish language,1
Socialisme ou Barbarie,1
Jewish question,1
Public sphere,1
Imperative mood,1
French Revolution,1
William Harvey,1
Roland,1
Stephen,1
Modal logic,1
Zone of proximal development,1
Thick description,1
Kansas,1
The End of History and the Last Man,1
Translation,1
Strawson,1
Jizya,1
H,1
Creative destruction,1
Natural selection,1
Anne Robert Jacques Turgot,1
Gary Becker,1
Integrable system,1
Conservative Party (UK),1
Externalism,1
Charles Babbage,1
The Varieties of Religious Experience,1
Solow-Swan-Cass-Koopmans model ,1
C. S. Lewis,1
Amnesia,1
Genomic imprinting,1
The Meditations,1
Friedrich Wilhelm Joseph Schelling,1
Edwin Hubble,1
Raymond Williams,1
Suicide (book),1
Virtue,1
Henry Ford,1
Dictatorship,1
Thales,1
Treason,1
Potlatch,1
Revival of the Hebrew language,1
Paul the Deacon,1
Joseph Brodsky,1
Spider,1
Stability,1
Vector,1
Jaegwon Kim,1
Investment,1
The Art of Loving,1
Darwin's Dangerous Idea,1
The Devil's Dictionary,1
Pain,1
Beauty,1
Science and Health with Key to the Scriptures,1
Beta,1
Mechanical and organic solidarity,1
Halakha,1
Hawaiian grammar,1
James Tobin,1
Baruch,1
Academic tenure,1
Hypatia,1
Paul Churchland,1
Jane Addams,1
The Theory of Interstellar Trade,1
Causes,1
Immanuel Velikovsky,1
Tenth Amendment to the United States Constitution,1
Consciousness Explained,1
Arcades Project,1
Alfred W. Redmer Jr.,1
Hermann Ebbinghaus,1
Israel,1
Alvin Plantinga,1
Black people,1
David Benatar,1
On the Origin of Species,1
Marquis de Sade,1
Indian Railways,1
Soul,1
Hypnotherapy,1
Donald Davidson (philosopher),1
Common Sense (pamphlet),1
Upcycling,1
Authorial intent,1
The Mind of Primitive Man,1
Uncle Tom's Cabin,1
Sigmund,1
Time and Free Will,1
Governor-General of India,1
Object relations theory,1
Waldo R. Tobler,1
Daniel,1
Just war theory,1
Apuleius,1
Context-free grammar,1
Cannibalism,1
Subliminal stimuli,1
Jackals and Arabs,1
Jane Jacobs,1
The Gutenberg Galaxy,1
Colonization,1
Heart (Glee),1
punctuated equilibriumT-Party 2010: OM NOM NOM KENZABURO OE,1
Princess Marie-Ad√©la√Øde,1
Parable,1
Madness and Civilization,1
Keynesian economics,1
Potato,1
Culture shock,1
Mandarin,1
Theses on Feuerbach,1
Mihaly Csikszentmihalyi,1
White flight,1
Circular reasoning,1
Muzafer Sherif,1
Giffen good,1
Thematic Apperception Test,1
Occam's razor,1
"Leviathan the Matter, Form, and Power of a Commonwealth Ecclesiastic and Civil",1
Alan Sokal,1
Indifference curve,1
Cartesian Meditations,1
Trade,1
Tractatus Logico-Philoshopicus,1
Reflections on Violence,1
Rosetta@home,1
Seven Laws of Noah,1
Cornel West,1
Otto,1
George Lakoff,1
Immanuel Wallerstein,1
Human sacrifice in Aztec culture,1
Infinity,1
Cortisol,1
David Foster Wallace,1
Splice,1
The Commonwealth of Oceana,1
Logical Investigations,1
Seneca the Younger,1
Joseph Greenberg,1
Cesare Lombroso,1
Notion,1
Lexical approach,1
Oligopoly,1
Short (finance),1
Identity,1
Friedrich Schleiermacher,1
Production function,1
Morality,1
Robert Barro,1
Egypt Party,1
Alfred Tarski,1
Young Man Luther,1
Heinrich von Kleist,1
Moses and Monotheism,1
Universal (metaphysics),1
Duopoly,1
Philosophy of mind,1
Thomas Reid,1
Empire,1
H√©l√®ne Cixous,1
Essay,1
Imagined community,1
Bias,1
Mathematical logic,1
Canada,1
Giordano Bruno,1
Self-defense,1
Citizens United v. FEC,1
Volunteer's dilemma,1
A Room of One's Own,1
Theft,1
Richard Florida,1
Adverse selection,1
Bowling,1
Washington Park Court District,1
Prospect theory,1
Nick Land,1
Supreme Court of the United States,1
Ablative case,1
Cremation,1
Plato's beard,1
Subaltern (postcolonialism),1
Arthur Evans,1
Sevastopol Sketches,1
Subjunctive mood,1
The Sceptical Chymist,1
"Gustav, Hereditary Prince of Sayn-Wittgenstein-Berleburg",1
Morpheme,1
Latin,1
Robert Fogel,1
Small-world experiment,1
Cliometrics,1
Gift,1
Peter Ludwig Mejdell Sylow,1
Napoleon Chagnon,1
Mary Wollstonecraft,1
Monetary policy,1
Communit√§t Casteller Ring,1
Tertullian,1
Achievement gap in the United States,1
Free market,1
John Frum,1
Roger Bacon,1
Flow (video game),1
International law,1
Maurice Allais,1
The Nature of the Firm,1
The Imitation of Christ,1
Skyhook,1
Animal,1
Modern Hebrew,1
Europe,1
Louis Brandeis,1
Paranoid schizophrenia,1
Public housing,1
Ludwig Boltzmann,1
Frontier Thesis,1
Russian,1
Principia Ethica,1
Philip Melanchthon,1
Qualia,1
Korean,1
Lyme disease,1
Word of Faith,1
University of Pittsburgh,1
Hillingdon Court,1
Alborz,1
Deviance (sociology),1
Chicago school,1
Transcendentalism,1
Social class,1
Partisan Review,1
Ismail Kadare,1
Form of the Good,1
The New Jim Crow,1
What Is to Be Done?,1
Alan M. Olson,1
Dog,1
Wilhelm von Humboldt,1
Repetition: An Essay in Experimental Psychology ,1
Benedetto Croce,1
Thomas Szasz,1
Bernard Lewis,1
Film,1
Heuristic,1
Horse,1
Kate Millett,1
Community property,1
Tradition and the Individual Talent,1
Political party,1
Diminishing returns,1
Texas,1
Copyright,1
Writing system,1
Universal health care,1
Bradley effect,1
Benjamin Franklin,1
Imre Lakatos,1
Greek mythology,1
Libertarianism,1
Science fiction,1
Rem Koolhaas,1
Pleasure,1
Saving,1
Bellwether trial,1
Guy Debord,1
Reification,1
Marginal utility,1
Reading,1
Mersenne Twister,1
The Origins of Totalitarianism,1
Le Corbusier,1
Class,1
Gospel of Luke,1
Mao Zedong,1
Money multiplier,1
Observation,1
Easement,1
World population,1
Parsons,1
Burhuss Frederic Skinner,1
Architecture,1
Trait√© de l'harmonie r√©duite √† ses principes naturels,1
Anti-Federalist Papers,1
The Subjection of Women,1
Ram√≥n,1
Bantu languages,1
Philosophy of music,1
Neil Postman,1
Mircea Eliade,1
Spoken language,1
Troubled Asset Relief Program,1
Eating,1
Intuition pump,1
Algeria,1
Nature,1
Social group,1
Stereotype threat,1
Memory erasure,1
Peter Diamond,1
Deterrence,1
Pope Pius IX,1
Proper noun,1
John Marshall Harlan II,1
God,1
Peace,1
W. B. Yeats,1
Idea,1
Jerry Fodor,1
Robert Bork,1
Sutra,1
"W. W. Bartley, III",1
No Exit,1
Relativism,1
"Capitalism, Socialism and Democracy",1
Germany,1
Visual perception,1
Secretary of State,1
Hand,1
Hawaii,1
The Origin of the Work of Art,1
Nicholas Kaldor,1
Slavoj Zizek ,1
Welfare,1
Cantor set,1
John von Neumann,1
Erving,1
Color term,1
Rhyme,1
Proto-Indo-European language,1
Locative case,1
Culture of Japan,1
Humanism,1
Inferiority complex,1
Manifold,1
Fishery Resources Monitoring System,1
Triceratops,1
Chair of the Federal Reserve,1
Uncanny valley,1
Paradox,1
Wealth,1
Simulacra and Simulation,1
Slavoj Zizek,1
Joseph Schumpeter,1
Shirk,1
Reza Davari Ardakani,1
New York City,1
Irving Fisher,1
Nickel and Dimed,1
Vitamin E,1
Alvin Toffler,1
Bronislaw Kaspar Malinowski ,1
Macs Joy,1
The Trauma of Birth,1
Advantage,1
Daniel Bell,1
Information asymmetry,1
Facial recognition,1
Happiness,1
Productivity,1
Turkish,1
Bipolar disorder,1
Alexander Hamilton,1
Politics (Aristotle),1
Rational choice theory,1
Urban planning,1
Caste system in India,1
Kerplunk experiment,1
An Attempt at a Critique of All Revelation,1
Calculus,1
Carl,1
Heroes,1
Collective unconscious,1
Small-world network,1
Substitution effect,1
Stockholm,1
David Rosenhan,1
Rudy Giuliani,1
Bronis?aw Malinowski,1
S√∏ren Aabye Kierkegaard,1
King James Version,1
Seven Types of Ambiguity,1
Racism,1
Multilingualism,1
"Cross-Strait Economic, Trade and Culture Forum",1
Gabriel Marcel,1
Financial risk,1
Why I Am Not a Christian,1
Laughter,1
Boys Don't Cry (film),1
A Treatise of Human Nature,1
John Stuart,1
Emmanuel Levinas,1
Voting system,1
Bricolage,1
Deception,1
Kula ring,1
Platonism,1
Bernard,1
Comedy,1
Friedrich Schiller,1
Fetishism,1
Gettier problem,1
Scepticism and Animal Faith,1
Holograph,1
Internalized racism,1
Richard Hofstadter,1
Commons,1
Johannes Gutenberg,1
Paul de Man,1
Aid,1
William Blackstone,1
William Stanley Jevons,1
Supreme Soviet,1
Samoa,1
Rite of passage,1
Lincoln Near-Earth Asteroid Research,1
Johan Gottlieb Fichte {BA/MA},1
Toward an Architecture,1
Epistemology,1
Origen,1
Common chimpanzee,1
Johann Gottfried Herder,1
Tzvetan Todorov,1
Eros and Civilization,1
Commodus,1
"John ""Sergeant Feces Processor"" Rawls",1
Swampman,1
Semaphore (disambiguation),1
The Two Cultures,1
The Purloined Letter,1
The Virtue of Selfishness,1
John Calvin,1
Lion,1
Cockfight,1
Psychoanalysis,1
An American Dilemma,1
Isis Unveiled,1
Michel de Montaigne,1
Beard,1
Optics,1
Immanuel,1
Olive Branch Petition,1
Dictionnaire Historique et Critique,1
Principa Ethica,1
The Black Atlantic,1
Materialism,1
Red Queen hypothesis,1
Accusative and infinitive,1
Two-factor theory of emotion,1
Marquis de Condorcet,1
Discipline and Punish,1
Critique of the Gotha Program,1
Zora Neale Hurston,1
Stephen Greenblatt,1
Arthur M. Schlesinger Jr.,1
Christian angelic hierarchy,1
George Gurdjieff,1
Paul Feyerabend,1
Wage,1
The Gay Science,1
American Dream,1
John Toland,1
Land,1
Georges Sorel,1
Semantics,1
Maria Montessori,1
Murder,1
Language of thought hypothesis,1
Wassily Leontief,1
Erasmus Darwin,1
Life-cycle hypothesis,1
Gender,1
Metre,1
Prague school,1
Functionalism,1
Tachyon,1
Paradigm shift,1
Maya civilization,1
Scots,1
Electric shock,1
Self,1
Secundus the Silent,1
Ambiguity,1
Ernst Mach,1
Bonds,1
Darwin among the Machines,1
Patent,1
Robert Zajonc,1
Saint Thomas,1
The Order of Things,1
Ta-Nehisi Coates,1
Thomas Schelling,1
Johann Wolfgang von Goethe,1
Concluding Unscientific Postscript to the Philosophical Fragments {MA},1
Max Horkheimer,1
Charles Sumner,1
Competition,1
Sentences,1
Modigliani-Miller Theorem ,1
Rasmus Rask,1
Discrimination,1
"Osler, Hoskin & Harcourt",1
What Is Property?,1
Barbara Ehrenreich,1
Etruscan,1
Giambattista Vico,1
Social Theory and Social Structure,1
Hicksian demand function,1
The Colonizer and the Colonized,1
David Chalmers,1
Boethius,1
Volatility,1
List of public housing projects in Canada,1
The History of Sexuality,1
Greek,1
Haskalah,1
Lying,1
Essays (Montaigne),1
Identity crisis,1
Betting strategy,1
Gaia hypothesis,1
Stigma,1
Category,1
Dialogue Concerning the Two Chief World Systems,1
Hindi,1
Pleading,1
Government debt,1
John Henry Newman,1
Weber,1
Franco Modigliani,1
American Experience (season 6),1
John Bunyan,1
Reflection,1
Denmark,1
Substitution,1
income effect ,1
Wilfrid,1
Lorenz curve,1
√úbermensch,1
Hernando de Soto Polar,1
Hyman Minksy,1
Clash of Civilizations,1
Syntax,1
Asylum,1
Nationalism,1
The Practice of Everyday Life,1
Noah Webster,1
Netherlands,1
Eratosthenes,1
Halo effect,1
Peter Kropotkin,1
Reconstructionist Judaism,1
Apartheid,1
Judy Garland,1
The City in History,1
Staaaaanley Fish,1
Shelley v. Kraemer,1
Conservatism,1
Bertolt Brecht,1
Stockholm syndrome,1
Marcel,1
University of Cambridge,1
Smith,1
Meteorite,1
Polio vaccine,1
TRANSCENDENSTALISM,1
Sura Al-Barqara ,1
"Concluding Unscientific Postscript to the Philosophical Framents: A Mimical-Pathetical-Dialectical Compilation, an Existential Contribution",1
Crito,1
Evolutionarily stable strategy,1
Alastair Hannay,1
The Little Red Book of Acoustics,1
Suburb,1
Fractal,1
Sense and reference,1
William Shakespeare,1
"Postmodernism, or, the Cultural Logic of Late Capitalism",1
Debt: The First 5000 Years,1
Defence mechanisms,1
Mother,1
Virtue ethics,1
The Metropolis and Mental Life,1
Surface tension,1
Camera lucida,1
"List of MPs elected in the British general election, 1768",1
Rappaport,1
Percy Bysshe Shelley,1
Discourseonthe Origin and Basis ofInequalityAmongMen ,1
IS-LM model,1
Follicle-stimulating hormone,1
Fitness (biology),1
Bubble,1
Telling Me Lies,1
Agreement,1
Austrian School,1
Brain in a vat,1
Rigid designator,1
Expense,1
Oliver Wendell Holmes Jr.,1
Minimum wage,1
Analytic philosophy,1
Returns to scale,1
Color vision,1
Schr√∂dinger's cat,1
Use-centered design,1
Well travelled road effect,1
Demand for money,1
Overpopulation,1
"University of California, Berkeley",1
Slavic,1
Rent (musical),1
Symbol,1
Great chain of being,1
Hedonism,1
Russell Kirk,1
Working class,1
The Closing of the American Mind,1
Absurd,1
Helsinki Accords,1
Thorsten,1
Fourth Amendment,1
Daniel Dennett,1
Phenomenology of Perception,1
Ostracism,1
The Philosophy of Money,1
Richard,1
Corn Laws,1
Social learning theory,1
Pierre,1
Other,1
Redistricting,1
Rule according to higher law,1
Paul Lazarsfeld,1
Pali Canon ,1
Consensus theory of truth,1
Invisible hand,1
Simon Blackburn,1
The Great Transformation,1
Personality test,1
Ship,1
Manifesto of Futurism,1
Trust law,1
Relative,1
Leakey,1
6 (number),1
Paris,1
Adrenal gland,1
Mati,1
Logicomix,1
Optical aberration,1
The Prisoner's Dilemma,1
Ernest Gellner,1
Democracy and Education,1
Mikveh,1
Social security,1
Finnish,1
Objectivism,1
Burckhardt,1
Interracial marriage,1
River,1
Italian,1
Airspace,1
Deterministic finite automaton,1
Passive voice,1
Originalism,1
Colleges of the University of Cambridge,1
G√©rard Debreu,1
Geometric series,1
Scolopidia,1
Xenophon,1
St Bonaventure's High School,1
Dominican Republic,1
Alfred Kinsey,1
The Problem of Social Cost,1
Thomas Piketty,1
Second Amendment,1
Race,1
Plotinus,1
glyph817ovum Organum ,1
Amdahl's law,1
The Demon-Haunted World,1
"Sweetheart, I Have to Confess",1
Cybernetics,1
Warren Buffett,1
Autism,1
"""vosostros""",1
√¢¬Ä¬úTheses on Feuerbach√¢¬Ä¬ù,1
Law of excluded middle,1
Bronislaw Malinowksi,1
Music,1
Zapotec,1
Daemon (classical mythology),1
Chain letter,1
Zuni,1
Family resemblance,1
David Harvey,1
MELOS,1
Guilt,1
Spiritual Exercises of Ignatius of Loyola,1
Number,1
What Is it Like to Be a Bat?,1
"Mind, Self and Society",1
Robert Henri,1
Alan Turing,1
England,1
Regular,1
Truth-conditional semantics,1
On Truth and Lies in a Nonmoral Sense,1
Slavic languages,1
Marva (raga),1
New Atlantis (disambiguation),1
British philosophy,1
Archbishop of Canterbury,1
Christopher Hitchens,1
Psychiatric hospital,1
Semitic languages,1
Concluding Unscientific Postscript to Philosophical Fragments,1
Robert C. Merton,1
Mahatma Gandhi,1
Nicholas,1
"John Dalberg-Acton, 1st Baron Acton",1
Nuclear magnetic resonance spectroscopy,1
Laws (dialogue),1
Wilhelm Reich,1
Reason,1
Jacques,1
Department of Justice,1
Stephen Jay Gould,1
Riboflavin,1
Propositional attitude,1
The Stones of Venice,1
Price discrimination,1
The Cave,1
Vritra,1
Jean-Fran√ßois Lyotard,1
Ten Days That Shook the World,1
Sun,1
Four Dissertations,1
Alain LeRoy Locke,1
Option,1
Starship Troopers,1
Sunspot,1
Solubility,1
Euro calculator,1
Edsger W. Dijkstra,1
Taboo,1
Hyman Minsky,1
The Archaeology of Knowledge,1
Hubert Dreyfus,1
Betty Friedan,1
Human Action,1
Olduvai Gorge,1
South America,1
Nash equilibrium,1
Social,1
Alfred Russel Wallace,1
Henry Morton Stanley,1
Creole,1
Bruno Latour,1
Twilight of the Idols (Gorgoroth album),1
Organ donation,1
Escape from Freedom,1
Bhagavad Gita,1
Heinrich Bl√ºcher,1
Compatibilism,1
Cogito ergo sum,1
Pumping lemma,1
Humanoid,1
Philosopher,1
KARL,1
Thomas Friedman,1
Martin Luther,1
Intelligent design,1
Baby boomers,1
Paul Farmer,1
Jonathan Westphal,1
Critique,1
