Immanuel Kant,27
John Maynard Keynes,18
Carl Jung,17
Ren√© Descartes,17
Sigmund Freud,16
David Hume,16
√âmile Durkheim,15
Karl Marx,15
Friedrich Nietzsche,14
John Locke,14
Michel Foucault,14
Bertrand Russell,14
Jean-Jacques Rousseau,14
Jean Piaget,13
Unemployment,12
Margaret Mead,12
,11
David Ricardo,11
Georg Wilhelm Friedrich Hegel,11
Pragmatism,11
Max Weber,11
Stanley Milgram,11
Baruch Spinoza,10
Adam Smith,10
Erik Erikson,10
Leviathan,10
Noam Chomsky,10
Stoicism,9
Milton Friedman,9
John Stuart Mill,9
Arthur Schopenhauer,9
Ruth Benedict,8
Thorstein Veblen,8
Aristotle,8
Thus Spoke Zarathustra,8
Republic (disambiguation),8
Utilitarianism,8
Ludwig Wittgenstein,8
John B. Watson,8
Jean-Paul Sartre,8
George Berkeley,8
Intelligence,8
Thomas Aquinas,8
Franz Boas,8
Abraham Maslow,8
Tax,7
Dream,7
Monopoly,7
The Wealth of Nations,7
Claude L√©vi-Strauss,7
Plato,6
Gross domestic product,6
Martin Heidegger,6
Demand,6
Milgram experiment,6
Francis Bacon,6
George Santayana,6
Cognitive dissonance,5
Stanford prison experiment,5
John Dewey,5
William James,5
Soren Aabye Kierkegaard,5
Thomas Robert Malthus,5
Maslow's hierarchy of needs,5
Philip Zimbardo,5
The Golden Bough,5
Bystander effect,5
Inflation,5
Ethics,5
Bronislaw Malinowski,5
Augustine of Hippo,5
Language,5
Montesquieu,5
Intelligence quotient,4
B. F. Skinner,4
Crime,4
Justice,4
The Prince,4
Existentialism,4
Alfred Adler,4
Socrates,4
Prison,4
Personality,4
John Kenneth Galbraith,4
Soren Kierkegaard,4
Fear and Trembling,4
Capital,3
Vilfredo Pareto,3
The Phenomenology of Spirit,3
Voting,3
Culture,3
Charles Sanders Peirce,3
Auguste Comte,3
Kenneth Arrow,3
A. J. Ayer,3
Vowel,3
Democracy,3
Epicureanism,3
Coming of Age in Samoa,3
Gestalt psychology,3
Comparative advantage,3
Linguistics,3
Jeremy Bentham,3
Filibuster,3
Gottfried Wilhelm Leibniz,3
Truth,3
On Liberty,3
Verb,3
The Communist Manifesto,3
Critique of Pure Reason,3
An Enquiry Concerning Human Understanding,3
Labour,3
Spanish,3
The Interpretation of Dreams,2
Heraclitus,2
Irony,2
Attention,2
Syllable,2
John Searle,2
The Protestant Ethic and the Spirit of Capitalism,2
Maimonides,2
Election,2
Niccol√≤,2
Water,2
Realistic conflict theory,2
Autism spectrum,2
Free will,2
Mind,2
Knowledge,2
Scotland,2
Rorschach test,2
The Social Contract,2
Arrow's impossibility theorem,2
Color,2
Friedrich Hayek,2
Neoplatonism,2
Friedrich,2
Meditations on First Philosophy,2
Leviathan (book),2
Edmund Husserl,2
Money,2
History,2
Love,2
Interest rate,2
Columbia University,2
Ralph Waldo Emerson,2
Aboriginal Australians,2
Symposium,2
Bobo doll experiment,2
S√∏ren ,2
Law,2
Blaise Pascal,2
United States,2
Fundamental attribution error,2
Social contract,2
Confucianism,2
Capitalism,2
Game theory,2
Ontological argument,2
Leviathan (disambiguation),2
G. E. Moore,2
France,2
Anomie,2
Consciousness,2
Beyond Good and Evil,2
Memory,2
Externality,2
Object,2
Consumer price index,2
Conditioning,2
Consonant,2
Philosophical Investigations,2
Johann Gottlieb Fichte,2
Summa Theologica,2
Behaviorism,2
John Rawls,2
Conformity,2
Archaeology,2
Japan,2
Phenomenology,2
Thomas Hobbes,2
Contract,2
Insurance,2
Kinship,2
Edward Sapir,2
Communism,1
Poetry,1
5 (number),1
Ronald,1
Industry,1
Legalism,1
Tariff,1
Lewis H. Morgan,1
Claude,1
Capital: Critique of Political Economy,1
Brown v. Board of Education,1
Economic inequality,1
Georg Cantor,1
"The General Theory of Employment, Interest and Money",1
Jonathan Franzen,1
Neorealism,1
Parmenides,1
Friedrich H√∂lderlin,1
Aggregate supply,1
Marxism,1
Japanese,1
Eye,1
Gestalt,1
Ludwig,1
Anthropology,1
Silent letter,1
Odysseus,1
Double bond,1
Indo-European languages,1
Division of labour,1
Cambridge,1
University of Oxford,1
Nelson Goodman,1
Sublime (philosophy),1
Algazel,1
B,1
Price index,1
Trait theory,1
Chicago,1
Jury selection,1
Logic,1
Reynolds number,1
Greek tragedy,1
John Albert Broadus,1
Dissociative identity disorder,1
Jean-Paul Marat,1
Pathetic fallacy,1
Hospital,1
Either/Or,1
Risk,1
Velocity of money,1
Laffer curve,1
Computer,1
Edward,1
Ontology,1
Elasticity,1
Schizophrenia,1
Athens,1
Hebrew language,1
Genitive case,1
Ronald Coase,1
Statistical significance,1
HOMOSEXUAALITY,1
Utility,1
Russell,1
Japanese language,1
Censorship,1
Dowry,1
Art,1
Dialectic,1
Power (social and political),1
Grammatical gender,1
Vice President of the United States,1
C. Wright Mills,1
Metaphysics,1
Barro-Ricardian equivalence,1
Two Treatises of Government,1
Alan Greenspan,1
Fredric Jameson,1
George Mason,1
Cedilla,1
Avicenna,1
Tone,1
Czech,1
Profit (economics),1
Prisoner's dilemma,1
Maya,1
S√∏ren Kierkegaard ,1
Two Dogmas of Empiricism,1
Edward Said,1
Gresham's law,1
The Self-Improvement of Salvadore Ross,1
Chicken,1
Alfred L. Kroeber,1
Self-actualization,1
Platon,1
George,1
Paradise Lost,1
Romanticism,1
Alzheimer's disease,1
City of God,1
3 (number),1
Trichotomy (philosophy),1
Portuguese,1
English,1
Neopragmatism,1
The Theory of Communicative Action,1
Argonauts of the Western Pacific,1
Thomas Paine,1
Piaget,1
Roe v. Wade,1
Australia,1
Chinese characters,1
Time,1
Sino-Tibetan languages,1
Francis Hutcheson,1
Epicurus,1
Out of Africa,1
Induction,1
Hume,1
Carl Rogers,1
The Division of Labour in Society,1
Apology (Plato),1
John Maynard Keyne,1
Esperanto,1
Euthyphro,1
Looking glass self,1
Jonathan Edwards,1
Jury,1
The Rebel,1
Bronislaw ,1
Socialism,1
Ars Poetica,1
Benedictus,1
Phillips curve,1
Tractatus Logico-Philosophicus,1
Skin,1
Prairie School,1
Clifford Geertz,1
Enlightenment,1
United States Attorney General,1
Article,1
Brazil,1
Suicide,1
Pythagoras,1
Microcredit,1
The Art of War,1
Critique of Judgment,1
S√∏ren Kierkegaard,1
Cynic,1
Spanish language,1
Bronislaw Kasper Malinowski,1
Woman,1
Analects,1
Natural selection,1
Integrable system,1
Education,1
The Myth of Sisyphus,1
Bronis≈Çaw Kasper Malinowski,1
Henry Ford,1
Erving Goffman,1
Thales,1
Atheism,1
Treason,1
Spider,1
Vector,1
Death,1
Mechanical and organic solidarity,1
Demand curve,1
Causes,1
Paul Krugman,1
Tenth Amendment to the United States Constitution,1
Chimpanzee,1
Marquis de Sade,1
W. E. B. Du Bois,1
Hypnotherapy,1
Upcycling,1
Sigmund,1
Princess Marie-Ad√©la√Øde,1
Parable,1
Keynesian economics,1
African American Vernacular English,1
Mandarin,1
Altruism,1
"Leviathan the Matter, Form, and Power of a Commonwealth Ecclesiastic and Civil",1
Being and Nothingness,1
Peter Abelard,1
Tractatus Logico-Philoshopicus,1
David Foster Wallace,1
Confucius,1
Notion,1
Bernhard Riemann,1
Oligopoly,1
Short (finance),1
Morality,1
Hannah Arendt,1
Heinrich von Kleist,1
Rudolf Carnap,1
Bias,1
Self-defense,1
Soren Kierkegaard ,1
Evil,1
A Room of One's Own,1
Ablative case,1
The Wretched of the Earth,1
"Gustav, Hereditary Prince of Sayn-Wittgenstein-Berleburg",1
Morpheme,1
Walter Benjamin,1
John Hicks,1
Aesthetics,1
International law,1
Coase theorem,1
Modern Hebrew,1
Attachment theory,1
Public housing,1
Anarchy,1
Social class,1
Positivism,1
Horse,1
Diminishing returns,1
Evolution,1
Grammar,1
Libertarianism,1
Rat,1
Poll,1
Common sense,1
Burhuss Frederic Skinner,1
Susan Sontag,1
Robert Nozick,1
Memory erasure,1
Desiderius Erasmus,1
Pierre-Joseph Proudhon,1
Marbury v. Madison,1
Sociology,1
God,1
No Exit,1
Relativism,1
Lev Vygotsky,1
Visual perception,1
Hand,1
George Herbert Mead,1
The,1
Rhyme,1
Proto-Indo-European language,1
Magic,1
Humanism,1
Chair of the Federal Reserve,1
Optical illusion,1
Uncanny valley,1
Paradox,1
Macs Joy,1
Totem,1
Harold Bloom,1
Happiness,1
Alexander Hamilton,1
Urban planning,1
Calculus,1
Carl,1
Collective unconscious,1
Bronis?aw Malinowski,1
Incest,1
King James Version,1
City,1
Multilingualism,1
Gabriel Marcel,1
Business cycle,1
James George Frazer,1
Herbert Marcuse,1
John Stuart,1
Price,1
Denis Diderot,1
The Structure of Scientific Revolutions,1
Comedy,1
Holograph,1
Commons,1
Lawrence Kohlberg,1
Samoa,1
Lincoln Near-Earth Asteroid Research,1
Nicomachean Ethics,1
Hans-Georg Gadamer,1
Amartya Sen,1
Psychoanalysis,1
Working memory,1
Materialism,1
Maoism,1
Africa,1
Phoneme,1
Wassily Leontief,1
Metre,1
Tachyon,1
Maya civilization,1
Electric shock,1
Secundus the Silent,1
Patent,1
Stress,1
Max Horkheimer,1
Cargo cult,1
Charles Sumner,1
Barbara Ehrenreich,1
Greek,1
Stigma,1
John Henry Newman,1
Weber,1
Franco Modigliani,1
Gottlob Frege,1
Exchange rate,1
Substitution,1
Niccol√≤ Machiavelli,1
Linguistic relativity,1
Noah Webster,1
The Power Elite,1
Judy Garland,1
The Affluent Society,1
Polio vaccine,1
TRANSCENDENSTALISM,1
Fractal,1
"List of MPs elected in the British general election, 1768",1
Albert Bandura,1
Percy Bysshe Shelley,1
Bertrand,1
Discourse on the Method,1
Liberty,1
Fitness (biology),1
China,1
Orientalism,1
The Chrysanthemum and the Sword,1
Corn Laws,1
Redistricting,1
Little Albert experiment,1
Personality test,1
Trust law,1
Relative,1
Steven Pinker,1
Paris,1
Adrenal gland,1
Modern English,1
Italian,1
Passive voice,1
Scolopidia,1
Erich Fromm,1
Thomas Piketty,1
Richard Rorty,1
glyph817ovum Organum ,1
Emotion,1
Fourteenth Amendment to the United States Constitution,1
Number,1
Exile,1
Herbert Spencer,1
Robert Henri,1
J√ºrgen Habermas,1
Language acquisition,1
Semitic languages,1
Oedipus complex,1
Harry Harlow,1
S√∏ren Aabye Kierkegaard ,1
Eloisa to Abelard,1
Department of Justice,1
Franz Brentano,1
The Theory of the Leisure Class,1
Sun,1
Empiricism,1
Starship Troopers,1
Solubility,1
Taboo,1
Olduvai Gorge,1
Twilight of the Idols (Gorgoroth album),1
Science,1
KARL,1
Martin Luther,1
Baby boomers,1
Willard Van Orman Quine,1
Critique,1
Savage,0
Vocal-fold cyst,0
Potter's wheel,0
Yanomami,0
Ataraxia,0
John Watson,0
Vagueness,0
Henri,0
Karaite,0
Mohism,0
Algorithmic game theory,0
Liminality,0
Economic growth,0
Paul,0
Raymond Cattell,0
Bronislaw Kasper,0
Mozi,0
Victor Turner,0
Maze,0
Herbert Simon,0
Mediterranean Sea,0
Monadology,0
Siegfried Kracauer,0
Game,0
Martin Buber,0
Leslie Fiedler,0
K√ºbler-Ross model,0
Albert Ellis,0
Al-Farabi,0
Lattice energy,0
Frankfurt School,0
2001 U.S. Figure Skating Championships,0
Motivation,0
Celtic languages,0
Three Dialogues between Hylas and Philonous,0
Aristotleles,0
Neoconservatism,0
One-Dimensional Man,0
Thor Heyerdahl,0
Nicolas Malebranche,0
Grammatical mood,0
Karl Polanyi,0
Learned helplessness,0
Cadaver,0
Pens√©es,0
Inflection,0
Lord Frederick,0
University of Wisconsin-Madison,0
Cobb-Douglas Production Function,0
Roman citizenship,0
Operant conditioning chamber,0
Proslogion,0
Report on Manufactures,0
Social network,0
The Hero with a Thousand Faces,0
Mythologiques,0
Jerry,0
Friedrich Engels,0
Globalization,0
Eichmann in Jerusalem,0
The Ghost in the Machine,0
Wheel,0
Fourteenth Amendment,0
Poverty,0
Atom,0
Democracy in America,0
In a Different Voice,0
Cicero,0
Longinus (literature),0
Ivan Pavlov,0
"Anarchy, State, and Utopia",0
Monad,0
Slaughter-House Cases,0
Totalitarianism,0
Epoch√©,0
John Galbraith,0
"Notes on ""Camp""",0
"G√∂del, Escher, Bach",0
Tommy Jones (quarterback),0
Ludwig Feuerbach,0
Western canon,0
Harris,0
Dora,0
Galileo Galilei,0
Spain,0
Spleen,0
Buckminster Fuller,0
"Language, Truth, and Logic",0
Marseille,0
Cultural influence of Plato's Republic,0
Sign language,0
Bandwagoning,0
Transition state,0
Total factor productivity,0
Revealed preference,0
Timaeus,0
Rabelais and His World,0
Marcel Mauss,0
Colorless green ideas sleep furiously,0
Feminism,0
Anthony Giddens,0
Stephen Walt,0
Pierre Duhem,0
God is dead,0
Organizational dissent,0
University,0
Abortion,0
Joseph de Maistre,0
Defect,0
The Presentation of Self in Everyday Life,0
Econometrics,0
Timothy Leary,0
Stanford University,0
On the Principles of Political Economy and Taxation,0
Karen Horney,0
Major depressive disorder,0
Phonemic awareness,0
Howard Zinn,0
Strain theory,0
S√°ndor Ferenczi,0
McDonald's,0
Dasein,0
Transaction cost,0
Gender Trouble,0
Dividend,0
Callophrys augustinus,0
Primitive culture,0
Moral hazard,0
Antichrist (disambiguation),0
Ernest Nagel,0
Apologia Pro Vita Sua,0
Erwin Panofsky,0
Public good,0
Reasons and Persons,0
Skepticism,0
Charles Darwin,0
The Death of the Author,0
Eliminative materialism,0
Alain Badiou,0
Freudo-Marxism,0
Chicago Boys,0
Philosophy of Baruch Spinoza,0
Giorgio Agamben,0
Georgian language,0
Elias James Corey,0
Marshall Sahlins,0
Meat,0
Natural History (Pliny),0
Crowds and Power,0
Christian mortalism,0
Vision,0
"The Descent of Man, and Selection in Relation to Sex",0
Lewis,0
Piaget's theory of cognitive development,0
Jacques Lacan,0
Rudolf Virchow,0
Peace Corps,0
Fixed action pattern,0
Murder of Kitty Genovese,0
"Human, All Too Human",0
Johann Joachim Winckelmann,0
Estonian,0
Eating disorder,0
Benjamin Lee Whorf,0
Heaven's Gate,0
John B,0
Islam,0
Poincar√© conjecture,0
Leo Strauss,0
Gunnar Myrdal,0
Jan Tinbergen,0
Anxiety,0
Marshall McLuhan,0
White Collar: The American Middle Classes,0
Realism,0
heLogic of Scientific Discovery ,0
Deep Play: Notes on the Balinese Cockfight,0
Power set,0
Washington,0
International Phonetic Alphabet,0
Paipai language,0
Southern Agrarians,0
Bead Game,0
Eyewitness,0
Clifford,0
Desmond Hume,0
Christianity,0
Paul Ricoeur ,0
Harvard University,0
John,0
Peter Shaffer,0
Dialect,0
The Question Concerning Technology,0
Cambridge Platonists,0
"List of clergy educated at Jesus College, Oxford",0
Alexander Berkman,0
C,0
John Dee,0
Slutsky,0
Primacy of mind,0
Thomas Henry Huxley,0
Joseph Campbell,0
I Ching,0
Leopold and Loeb,0
Hedge (disambiguation),0
Caroline Kennedy,0
Jean Baudrillard,0
Wyndham Lewis,0
Runes,0
"Either/or: ""A Fragment on Life"" ",0
Upanishads,0
Redlining,0
Attachment,0
Franz Rosenzweig,0
Measures of national income and output,0
Creation science,0
The Paranoid Style in American Politics,0
On War,0
Moscow City Hall,0
Zande people,0
Frantz Fanon,0
Octavio Paz,0
Poland,0
An Essay Concerning Human Understanding,0
Code-switching,0
The Map and the Territory,0
Stuart,0
Against Method,0
Donna Haraway,0
Doll,0
Portuguese language,0
Arousal,0
William Godwin,0
Harriet Taylor Mill,0
Ressentiment,0
Alfred Tarksi,0
Meno,0
Narcissism,0
Bill Kramer,0
Dedan Kimathi,0
Jacques Derrida and J¬®urgen Habermas,0
Islam in Indonesia,0
Karl Mannheim,0
Universal Grammar,0
Hernando de Soto,0
master-slave dialectic ,0
Umberto Eco,0
"The System of Economic Contradictions, or The Philosophy of Poverty",0
The Forgotten Man,0
Facing Mount Kenya,0
White collar,0
Phaedrus,0
Ren√©,0
Native Hawaiians,0
Edgar Allan Poe,0
Giuseppe Peano,0
Close reading,0
Benjamin Banneker,0
Electroshock weapon,0
Richard Cantillon,0
Ferdinand T√∂nnies,0
Social constructivism,0
Debt,0
Deconstruction,0
University of the Immaculate Conception,0
Legal positivism,0
Rational expectations,0
History of the United States,0
The Guide for the Perplexed,0
Soul on Ice,0
Halo,0
Edward B. Titchener,0
Swedish,0
Language-game (philosophy),0
Hilary,0
Telophase,0
United States Secretary of the Treasury,0
John A. Macdonald,0
"Id, ego and super-ego",0
Karl Popper,0
J. L. Austin,0
Fl√¢neur,0
Michael Oakeshott,0
Statute of limitations,0
Culture industry,0
School,0
The Second Sex,0
Aspiration,0
Classical conditioning,0
P. F. Strawson,0
Paul Grice,0
Sweden,0
The World as Will and Representation,0
Property,0
Problem of evil,0
The Eighteenth Brumaire of Louis Napoleon,0
Julian Assange,0
John Langshawn Austin,0
Falsifiability,0
An Essay on Man,0
Minima Moralia,0
Symposium (Plato),0
Mapp v. Ohio,0
Mechanism design,0
Focal point,0
Private property,0
Ainu,0
Immortality,0
The Market for Lemons,0
Zhuangzi,0
Belief,0
Solomon Asch,0
Nicolaus Copernicus,0
Birthday Party,0
The Elementary Forms of the Religious Life,0
Cavendish Laboratory,0
George Akerlof,0
Karl Jaspers,0
John Ruskin,0
Paul Roazen,0
Free rider problem,0
Hans Eysenck,0
Archimedes,0
Maasai,0
The Female Eunuch,0
Idolatry,0
Louis Althusser,0
Sir,0
Everyday life,0
Pedagogy of the Oppressed,0
Price fixing,0
Lawrence Kohlberg's stages of moral development,0
Maria Czaplicka,0
Whiteness,0
Instrumental variable,0
Drive,0
Albert Camus,0
The Meaning of Meaning,0
Alexis de Tocqueville,0
Madness,0
Witchcraft,0
Cumulative prospect theory,0
Henry Sidgwick,0
Isaiah Berlin,0
Due process,0
Camille Paglia,0
Aborigine,0
Republic,0
A Letter Concerning Toleration,0
The Praise of Folly,0
Specters of Marx,0
Zygmunt Bauman,0
Boredom,0
Discourses on Livy,0
Operation Ivy,0
I Have a Dream,0
Civil war,0
IS/LM model ,0
Josiah Royce,0
Twilight of the Idols,0
Bowling Alone,0
Mencius,0
Liquidity trap,0
Progress and Poverty,0
Parable of the Unjust Steward,0
Father (disambiguation),0
Anthony Bacon (industrialist),0
Cultural evolutionism,0
Asch conformity experiments,0
Kingdom of Italy,0
Anselm of Canterbury,0
Existentialism and Humanism,0
Technical analysis,0
Natural history,0
The Quest of the Historical Jesus,0
Hilary Putnam,0
Sartor Resartus,0
Causation,0
Autokinetic effect,0
Misattribution of arousal,0
De rerum natura,0
Solow-Swan growth model,0
Pseudo-Dionysius the Areopagite,0
Fourth Amendment to the United States Constitution,0
Adler,0
The Feminine Mystique,0
Poetics,0
Virtual,0
The God that Failed,0
Derek Parfit,0
Barter,0
German,0
Wrestling,0
Stag hunt,0
Reductionism,0
The Spirit of the Laws,0
Nagarjuna,0
Monkey,0
Vietnamese,0
Federal,0
Yaroslav Pryriz,0
Konrad Lorenz,0
William Labov,0
Samuel P. Huntington,0
Peter Gustav Lejeune Dirichlet,0
Elizabeth Anscombe,0
Technics and Civilization,0
The Theory of Moral Sentiments,0
Pluralism (political philosophy),0
C. L. R. James,0
Leon Trotsky,0
William Carlos Williams,0
David Lewis,0
Reflections on the Revolution in France,0
Equilibrium selection,0
Isaac Newton,0
Ernst Gombrich,0
Eric Hoffer,0
Fiscal policy,0
Moral luck,0
Birth control,0
Perpetual Peace: A Philosophical Sketch,0
Lewis Mumford,0
The Structural Transformation of the Public Sphere,0
Stanley Cavell,0
Samuel von Pufendorf,0
Problem of induction,0
Locality,0
Occasionalism,0
The Open Society and Its Enemies,0
Trobriand Islands,0
Lorenzo Valla,0
Four Books and Five Classics,0
Prison Notebooks,0
Serfdom,0
Luce Irigaray,0
Kenneth Waltz,0
Infant,0
Acculturation,0
Ancient Greek,0
Pornography,0
The Organization Man,0
Market risk,0
Civilization and Its Discontents,0
Money supply,0
0 (number),0
Bernard Williams,0
Real interest rate,0
Edgeworth box,0
The Poverty of Historicism,0
Melanie Klein,0
Wolfgang K√∂hler,0
Luigi Pirandello,0
John Wesley,0
Philosophical zombie,0
Civil Disobedience (Thoreau),0
G,0
Terms of trade,0
Henry Louis Gates Jr.,0
Standing on the shoulders of giants,0
Availability heuristic,0
The Civilization of the Renaissance in Italy,0
Al-Ghazali,0
Monopsony,0
Cooperative,0
Hungary,0
Criminology,0
Mikhail Bakunin,0
Ultimatum game,0
Equity (trade union),0
Great Depression,0
Noumenon,0
Sextus Empiricus,0
Price elasticity of demand,0
Diamond,0
Silent Spring,0
Discourse (disambiguation),0
Printing press,0
Aphasia,0
Semiotics,0
Earl Russell,0
Fortuna,0
Alasdair MacIntyre,0
Noun,0
Ace Attorney Investigations 2,0
Miracle,0
Music of Easter Island,0
Wilfrid Sellars,0
The Cheese and the Worms,0
A Theory of Justice,0
New Essays on Human Understanding,0
Fritz Perls,0
Kafir,0
Commentaries on the Laws of England,0
Aggression,0
The Birth of Tragedy,0
Solow-Swan growth model ,0
Mancur Olson,0
Kurt Lewin,0
Negidals,0
Broken window,0
Enchiridion,0
Monopolistic competition,0
Baldassare Castiglione,0
Dietrich Bonhoeffer,0
Grimm's law,0
Hermeneutics,0
Simone de Beauvoir,0
Deviance,0
Punitive damages,0
Dworkin,0
Protagoras,0
Polynesian languages,0
Taoism,0
Jared Diamond,0
Ferdinand de Saussure,0
Inattentional blindness,0
Socialisme ou Barbarie,0
Jewish question,0
Public sphere,0
Theodor W. Adorno,0
Imperative mood,0
French Revolution,0
William Harvey,0
How the Other Half Lives,0
Roland,0
Stephen,0
Scientific method,0
Modal logic,0
Zone of proximal development,0
Thick description,0
Kansas,0
The End of History and the Last Man,0
Translation,0
Strawson,0
Jizya,0
H,0
Violence,0
Creative destruction,0
Anne Robert Jacques Turgot,0
Gary Becker,0
Conservative Party (UK),0
Externalism,0
Charles Babbage,0
The Varieties of Religious Experience,0
Solow-Swan-Cass-Koopmans model ,0
C. S. Lewis,0
Amnesia,0
Genomic imprinting,0
Francis Fukuyama,0
The Meditations,0
Friedrich Wilhelm Joseph Schelling,0
"Black Skin, White Masks",0
Edwin Hubble,0
Raymond Williams,0
Intentionality,0
Suicide (book),0
Virtue,0
Parerga and Paralipomena,0
The Lonely Crowd,0
Dictatorship,0
The Will to Believe,0
Potlatch,0
Revival of the Hebrew language,0
Paul the Deacon,0
Joseph Brodsky,0
Stability,0
Jaegwon Kim,0
Investment,0
The Art of Loving,0
Darwin's Dangerous Idea,0
The Devil's Dictionary,0
The Savage Mind,0
Pain,0
Beauty,0
Science and Health with Key to the Scriptures,0
Beta,0
Halakha,0
The Mind and Society,0
Of Grammatology,0
Hawaiian grammar,0
Multiple realizability,0
The Rules of Sociological Method,0
James Tobin,0
Baruch,0
Marshall,0
Academic tenure,0
Hypatia,0
Paul Churchland,0
Jane Addams,0
The Theory of Interstellar Trade,0
Immanuel Velikovsky,0
Consciousness Explained,0
Folkways,0
Arcades Project,0
Alfred W. Redmer Jr.,0
Hermann Ebbinghaus,0
Henri Bergson,0
Israel,0
Alvin Plantinga,0
Black people,0
David Benatar,0
On the Origin of Species,0
Auction,0
Indian Railways,0
Soul,0
Donald Davidson (philosopher),0
Common Sense (pamphlet),0
Authorial intent,0
The Mind of Primitive Man,0
Uncle Tom's Cabin,0
Critique of Practical Reason,0
Time and Free Will,0
Governor-General of India,0
Object relations theory,0
Waldo R. Tobler,0
Daniel,0
Just war theory,0
Apuleius,0
Context-free grammar,0
On the Genealogy of Morality,0
Cannibalism,0
Subliminal stimuli,0
Jackals and Arabs,0
The Consolation of Philosophy,0
Jane Jacobs,0
The Gutenberg Galaxy,0
Colonization,0
Heart (Glee),0
punctuated equilibriumT-Party 2010: OM NOM NOM KENZABURO OE,0
Gilbert Ryle,0
Madness and Civilization,0
Georges,0
Potato,0
Culture shock,0
The Souls of Black Folk,0
Theses on Feuerbach,0
Mihaly Csikszentmihalyi,0
White flight,0
Circular reasoning,0
Edward Thorndike,0
E. E. Evans-Pritchard,0
Robert D. Putnam,0
Dialogues Concerning Natural Religion,0
Muzafer Sherif,0
Giffen good,0
Thematic Apperception Test,0
Occam's razor,0
Alan Sokal,0
Indifference curve,0
Cartesian Meditations,0
Trade,0
Adjective,0
Jean Paul,0
Reflections on Violence,0
A Thousand Plateaus,0
Rosetta@home,0
Paul Tillich,0
Seven Laws of Noah,0
Cornel West,0
Otto,0
George Lakoff,0
Immanuel Wallerstein,0
Human sacrifice in Aztec culture,0
Infinity,0
Cortisol,0
Splice,0
The Commonwealth of Oceana,0
Logical Investigations,0
Seneca the Younger,0
Joseph Greenberg,0
Cesare Lombroso,0
Determinism,0
Private language argument,0
Lexical approach,0
Identity,0
Friedrich Schleiermacher,0
Production function,0
Robert Barro,0
Egypt Party,0
Alfred Tarski,0
Young Man Luther,0
Mathematics,0
John Forbes Nash Jr.,0
Moses and Monotheism,0
Donald Davidson,0
Universal (metaphysics),0
Wilhelm Wundt,0
Duopoly,0
Philosophy of mind,0
Groundwork of the Metaphysic of Morals,0
Thomas Reid,0
Empire,0
H√©l√®ne Cixous,0
Essay,0
Imagined community,0
Homosexuality,0
Mathematical logic,0
International trade,0
Canada,0
The Holocaust,0
Giordano Bruno,0
Citizens United v. FEC,0
Volunteer's dilemma,0
Meditations,0
Soren,0
Theft,0
Richard Florida,0
Adverse selection,0
Bowling,0
Washington Park Court District,0
Prospect theory,0
Nick Land,0
Supreme Court of the United States,0
William Graham Sumner,0
Cremation,0
Plato's beard,0
Subaltern (postcolonialism),0
Arthur Evans,0
Sevastopol Sketches,0
Subjunctive mood,0
The Sceptical Chymist,0
Latin,0
Sic et Non,0
Nuer,0
Robert Fogel,0
Structural functionalism,0
Small-world experiment,0
Thomas Nagel,0
Cliometrics,0
Gift,0
Peter Ludwig Mejdell Sylow,0
Napoleon Chagnon,0
Tragedy of the commons,0
Mary Wollstonecraft,0
Monetary policy,0
Communit√§t Casteller Ring,0
Tertullian,0
Achievement gap in the United States,0
Free market,0
John Frum,0
Roger Bacon,0
Flow (video game),0
Maurice Allais,0
The Nature of the Firm,0
Victor,0
The Imitation of Christ,0
Skyhook,0
Yoga,0
Phaedo,0
Animal,0
'Pataphysics,0
Europe,0
Louis Brandeis,0
Paranoid schizophrenia,0
Ludwig Boltzmann,0
Frontier Thesis,0
Russian,0
Principia Ethica,0
Philip Melanchthon,0
Qualia,0
Korean,0
Phrenology,0
Lyme disease,0
Word of Faith,0
Basque,0
University of Pittsburgh,0
Hillingdon Court,0
Alborz,0
Deviance (sociology),0
Chicago school,0
Transcendentalism,0
Partisan Review,0
Sanskrit,0
Antonio Gramsci,0
Ismail Kadare,0
Form of the Good,0
The New Jim Crow,0
Meaning,0
What Is to Be Done?,0
Alan M. Olson,0
The City of God (book),0
Dog,0
Wilhelm von Humboldt,0
Repetition: An Essay in Experimental Psychology ,0
Benedetto Croce,0
Thomas Szasz,0
Bernard Lewis,0
Film,0
Heuristic,0
Kate Millett,0
Community property,0
Tradition and the Individual Talent,0
Political party,0
Texas,0
Copyright,0
Pierre Bourdieu,0
Writing system,0
Universal health care,0
Bradley effect,0
Benjamin Franklin,0
Imre Lakatos,0
William of Ockham,0
Greek mythology,0
Science fiction,0
Rem Koolhaas,0
Pleasure,0
Saving,0
Bellwether trial,0
Guy Debord,0
Reification,0
Marginal utility,0
Soren Aabye Kierkegaard ,0
Reading,0
Mersenne Twister,0
The Origins of Totalitarianism,0
Le Corbusier,0
Class,0
Gospel of Luke,0
Mao Zedong,0
Money multiplier,0
Observation,0
Easement,0
World population,0
Parsons,0
Architecture,0
Trait√© de l'harmonie r√©duite √† ses principes naturels,0
Anti-Federalist Papers,0
The Subjection of Women,0
Ronald Dworkin,0
Ram√≥n,0
The Gift,0
Bantu languages,0
Philosophy of music,0
Neil Postman,0
Mircea Eliade,0
Spoken language,0
Troubled Asset Relief Program,0
Eating,0
Intuition pump,0
Algeria,0
Nature,0
Social group,0
Stereotype threat,0
Peter Diamond,0
Deterrence,0
Johann Georg Hamann,0
Pope Pius IX,0
Proper noun,0
John Marshall Harlan II,0
Chinese room,0
Ludwig von Mises,0
Peace,0
W. B. Yeats,0
Idea,0
Jerry Fodor,0
Robert Bork,0
Sutra,0
"W. W. Bartley, III",0
Power,0
"Capitalism, Socialism and Democracy",0
Germany,0
Secretary of State,0
Hawaii,0
The Origin of the Work of Art,0
Nicholas Kaldor,0
Slavoj Zizek ,0
Welfare,0
Cantor set,0
John von Neumann,0
Martha Nussbaum,0
Erving,0
Color term,0
L√©on Walras,0
Locative case,0
Culture of Japan,0
Viktor Frankl,0
Inferiority complex,0
Manifold,0
Fishery Resources Monitoring System,0
Triceratops,0
Wealth,0
Judith Butler,0
Simulacra and Simulation,0
Slavoj Zizek,0
Joseph Schumpeter,0
Shirk,0
The Sickness Unto Death,0
Reza Davari Ardakani,0
New York City,0
Joseph Stiglitz,0
Irving Fisher,0
Cognitive map,0
Nickel and Dimed,0
Anti-intellectualism in American Life,0
Vitamin E,0
Alvin Toffler,0
Bronislaw Kaspar Malinowski ,0
The Trauma of Birth,0
Advantage,0
Daniel Bell,0
Information asymmetry,0
Facial recognition,0
A System of Logic,0
Halford Mackinder,0
Productivity,0
Turkish,0
Bipolar disorder,0
Politics (Aristotle),0
Rational choice theory,0
Caste system in India,0
Kerplunk experiment,0
An Attempt at a Critique of All Revelation,0
Play,0
Averroes,0
Heroes,0
Small-world network,0
Substitution effect,0
Stockholm,0
David Rosenhan,0
Rudy Giuliani,0
The Uncanny,0
S√∏ren Aabye Kierkegaard,0
Italy,0
Seven Types of Ambiguity,0
Racism,0
Rite of passage (disambiguation),0
"Cross-Strait Economic, Trade and Culture Forum",0
Categorical imperative,0
Edmund Burke,0
Financial risk,0
Totem and Taboo,0
Anarchism,0
Why I Am Not a Christian,0
Bruno Bettelheim,0
Georg Simmel,0
Edmund Phelps,0
Laughter,0
Efficient-market hypothesis,0
Boys Don't Cry (film),0
A Treatise of Human Nature,0
Emmanuel Levinas,0
Leon Festinger,0
Voting system,0
Bricolage,0
Deception,0
Kula ring,0
Word and Object,0
Platonism,0
Bernard,0
Friedrich Schiller,0
I and Thou,0
Fetishism,0
Gettier problem,0
Scepticism and Animal Faith,0
Internalized racism,0
Richard Hofstadter,0
Johannes Gutenberg,0
Paul de Man,0
Aid,0
William Blackstone,0
William Stanley Jevons,0
Supreme Soviet,0
Rite of passage,0
Johan Gottlieb Fichte {BA/MA},0
Learning,0
Toward an Architecture,0
Epistemology,0
Origen,0
Common chimpanzee,0
Johann Gottfried Herder,0
Burke,0
Talcott Parsons,0
Tzvetan Todorov,0
Eros and Civilization,0
Commodus,0
"John ""Sergeant Feces Processor"" Rawls",0
David,0
Swampman,0
Semaphore (disambiguation),0
Russia,0
The Two Cultures,0
The Purloined Letter,0
The Virtue of Selfishness,0
John Calvin,0
Lion,0
Cockfight,0
An American Dilemma,0
Lakoff,0
Isis Unveiled,0
Michel de Montaigne,0
Beard,0
John Peter Altgeld,0
Optics,0
Broken windows theory,0
Immanuel,0
Olive Branch Petition,0
Dictionnaire Historique et Critique,0
Principa Ethica,0
The Black Atlantic,0
Red Queen hypothesis,0
Accusative and infinitive,0
Two-factor theory of emotion,0
Marquis de Condorcet,0
Discipline and Punish,0
Critique of the Gotha Program,0
Zora Neale Hurston,0
Baptism,0
Stephen Greenblatt,0
Arthur M. Schlesinger Jr.,0
Christian angelic hierarchy,0
George Gurdjieff,0
Paul Feyerabend,0
Wage,0
The Gay Science,0
Harry Stack Sullivan,0
Philosophy and the Mirror of Nature,0
American Dream,0
John Toland,0
Land,0
Georges Sorel,0
Semantics,0
Maria Montessori,0
Murder,0
Language of thought hypothesis,0
Affirmative action,0
The Concept of Mind,0
Erasmus Darwin,0
Life-cycle hypothesis,0
Gender,0
Prague school,0
Functionalism,0
Maurice Merleau-Ponty,0
Paradigm shift,0
Scots,0
Self,0
The Postmodern Condition,0
Duns Scotus,0
Jos√© Ortega y Gasset,0
Ambiguity,0
Ernst Mach,0
Robert Lucas Jr.,0
Bonds,0
Darwin among the Machines,0
Robert Zajonc,0
Saint Thomas,0
The Order of Things,0
The Young Hegelians and Karl Marx,0
Ta-Nehisi Coates,0
Thomas Schelling,0
Johann Wolfgang von Goethe,0
Concluding Unscientific Postscript to the Philosophical Fragments {MA},0
Competition,0
Sentences,0
Modigliani-Miller Theorem ,0
Rasmus Rask,0
Gregory Bateson,0
Discrimination,0
"Osler, Hoskin & Harcourt",0
State,0
What Is Property?,0
Etruscan,0
Giambattista Vico,0
Social Theory and Social Structure,0
Hicksian demand function,0
The Colonizer and the Colonized,0
David Chalmers,0
Boethius,0
Volatility,0
List of public housing projects in Canada,0
Dualism (philosophy of mind),0
The History of Sexuality,0
Marriage,0
Haskalah,0
Lying,0
Postmodernism,0
Essays (Montaigne),0
Identity crisis,0
Utopia,0
The Labyrinth of Solitude,0
Betting strategy,0
Gaia hypothesis,0
Arabic,0
Category,0
Dialogue Concerning the Two Chief World Systems,0
WiLL,0
Hindi,0
Pleading,0
Government debt,0
American Experience (season 6),0
John Bunyan,0
Reflection,0
Denmark,0
income effect ,0
Wilfrid,0
Lorenz curve,0
Tristes Tropiques,0
√úbermensch,0
Hernando de Soto Polar,0
Hyman Minksy,0
Clash of Civilizations,0
Syntax,0
Asylum,0
Nationalism,0
The Practice of Everyday Life,0
Netherlands,0
Eratosthenes,0
Halo effect,0
Peter Kropotkin,0
Reconstructionist Judaism,0
Apartheid,0
The City in History,0
Staaaaanley Fish,0
Shelley v. Kraemer,0
Conservatism,0
Bertolt Brecht,0
Person-centered therapy,0
Stockholm syndrome,0
Marcel,0
Joseph Nye,0
The Essence of Christianity,0
University of Cambridge,0
Smith,0
Meteorite,0
Elements of the Philosophy of Right,0
Civilization,0
"Contingency, Irony, and Solidarity",0
Sura Al-Barqara ,0
"Concluding Unscientific Postscript to the Philosophical Framents: A Mimical-Pathetical-Dialectical Compilation, an Existential Contribution",0
Crito,0
Evolutionarily stable strategy,0
Alastair Hannay,0
Alfred Radcliffe-Brown,0
The Little Red Book of Acoustics,0
Suburb,0
Robert K. Merton,0
Rationality,0
Sense and reference,0
William Shakespeare,0
"Postmodernism, or, the Cultural Logic of Late Capitalism",0
Ethics (Spinoza),0
Debt: The First 5000 Years,0
Defence mechanisms,0
Mother,0
Virtue ethics,0
The Metropolis and Mental Life,0
Surface tension,0
Camera lucida,0
Rappaport,0
Discourseonthe Origin and Basis ofInequalityAmongMen ,0
IS-LM model,0
Follicle-stimulating hormone,0
Bubble,0
Saul Kripke,0
Telling Me Lies,0
Agreement,0
Austrian School,0
Indonesia,0
Brain in a vat,0
Emanuel Swedenborg,0
Rigid designator,0
Expense,0
Oliver Wendell Holmes Jr.,0
Minimum wage,0
Analytic philosophy,0
Returns to scale,0
Color vision,0
Schr√∂dinger's cat,0
Use-centered design,0
Well travelled road effect,0
Demand for money,0
Alfred North Whitehead,0
Overpopulation,0
"University of California, Berkeley",0
Slavic,0
Rent (musical),0
Symbol,0
Samuel Huntington,0
Great chain of being,0
Hedonism,0
Russell Kirk,0
Working class,0
Pareto efficiency,0
The Closing of the American Mind,0
Absurd,0
Helsinki Accords,0
Thorsten,0
A Vindication of the Rights of Woman,0
Fourth Amendment,0
Daniel Dennett,0
Phenomenology of Perception,0
Ostracism,0
The Philosophy of Money,0
Richard,0
Vienna Circle,0
Social learning theory,0
Pierre,0
Other,0
Gy√∂rgy Luk√°cs,0
Rule according to higher law,0
Paul Lazarsfeld,0
Pali Canon ,0
Consensus theory of truth,0
Invisible hand,0
Simon Blackburn,0
The Great Transformation,0
Advertising,0
Abraham,0
Ship,0
Tony Judt,0
Manifesto of Futurism,0
Oscar Wilde,0
Leakey,0
6 (number),0
Religion,0
Mati,0
Logicomix,0
Daniel Kahneman,0
Course in General Linguistics,0
Optical aberration,0
The Prisoner's Dilemma,0
Ernest Gellner,0
Democracy and Education,0
Mikveh,0
Social security,0
Finnish,0
Objectivism,0
Burckhardt,0
Interracial marriage,0
River,0
Airspace,0
Richard Posner,0
Deterministic finite automaton,0
James Stopford (bishop),0
Originalism,0
Colleges of the University of Cambridge,0
G√©rard Debreu,0
Edward Burnett Tylor,0
Geometric series,0
Good,0
Roman Jakobson,0
Xenophon,0
Attitude,0
St Bonaventure's High School,0
Dominican Republic,0
Principle of sufficient reason,0
Alfred Kinsey,0
The Problem of Social Cost,0
Roland Barthes,0
Second Amendment,0
Race,0
Plotinus,0
Amdahl's law,0
The New Science,0
The Demon-Haunted World,0
"Sweetheart, I Have to Confess",0
Cybernetics,0
Warren Buffett,0
Autism,0
"""vosostros""",0
√¢¬Ä¬úTheses on Feuerbach√¢¬Ä¬ù,0
Dialectic of Enlightenment,0
Law of excluded middle,0
Bronislaw Malinowksi,0
Music,0
Zapotec,0
Daemon (classical mythology),0
History and Class Consciousness,0
Chain letter,0
Zuni,0
Possible world,0
Family resemblance,0
David Harvey,0
MELOS,0
The Road to Serfdom,0
Guilt,0
Spiritual Exercises of Ignatius of Loyola,0
Melville J. Herskovits,0
What Is it Like to Be a Bat?,0
"Mind, Self and Society",0
Alan Turing,0
England,0
Regular,0
Germaine Greer,0
Truth-conditional semantics,0
On Truth and Lies in a Nonmoral Sense,0
Slavic languages,0
Marva (raga),0
New Atlantis (disambiguation),0
British philosophy,0
Archbishop of Canterbury,0
Christopher Hitchens,0
Psychiatric hospital,0
Jacques Derrida,0
Concluding Unscientific Postscript to Philosophical Fragments,0
Need,0
Robert C. Merton,0
Paul Samuelson,0
Mahatma Gandhi,0
Nicholas,0
"John Dalberg-Acton, 1st Baron Acton",0
Nuclear magnetic resonance spectroscopy,0
Laws (dialogue),0
Being and Time,0
Wilhelm Reich,0
Reason,0
Jacques,0
Stephen Jay Gould,0
Riboflavin,0
Propositional attitude,0
The Stones of Venice,0
Price discrimination,0
The Cave,0
Vritra,0
Jean-Fran√ßois Lyotard,0
Tractatus Theologico-Politicus,0
Fear,0
Ten Days That Shook the World,0
Four Dissertations,0
Alain LeRoy Locke,0
Terrorism,0
Option,0
Sunspot,0
Euro calculator,0
Edsger W. Dijkstra,0
Hyman Minsky,0
The Archaeology of Knowledge,0
Existence of God,0
Hubert Dreyfus,0
Forgetting,0
Betty Friedan,0
Human Action,0
South America,0
Culture and Anarchy,0
Elizabeth Loftus,0
Nash equilibrium,0
Social,0
Alfred Russel Wallace,0
Henry Morton Stanley,0
Creole,0
Bruno Latour,0
Therapy,0
Organ donation,0
Escape from Freedom,0
Novum Organum,0
Bhagavad Gita,0
Heinrich Bl√ºcher,0
Compatibilism,0
Cogito ergo sum,0
Pumping lemma,0
Robert Lucas,0
Naming and Necessity,0
Humanoid,0
Philosopher,0
Thomas Friedman,0
Intelligent design,0
Paul Farmer,0
University of Chicago,0
Jonathan Westphal,0
