David Hume,15
John Locke,14
Ludwig Wittgenstein,14
Friedrich Hayek,13
Bertrand Russell,13
George Berkeley,13
,12
Martin Heidegger,12
Clifford Geertz,12
Max Weber,12
Willard Van Orman Quine,12
Michel Foucault,11
Immanuel Kant,11
John Rawls,11
Claude L√©vi-Strauss,11
Arthur Schopenhauer,11
John Dewey,10
Baruch Spinoza,10
Friedrich Nietzsche,10
Jean Piaget,10
George Santayana,10
Jacques Derrida,10
John Stuart Mill,10
Jean-Jacques Rousseau,10
Stanley Milgram,10
√âmile Durkheim,9
Marcel Mauss,9
Meditations on First Philosophy,9
David Ricardo,9
Erving Goffman,9
Georg Wilhelm Friedrich Hegel,9
Gottfried Wilhelm Leibniz,9
Pragmatism,9
Johann Gottlieb Fichte,9
Erik Erikson,9
Kenneth Arrow,8
Karl Popper,8
Walter Benjamin,8
Antonio Gramsci,8
G. E. Moore,8
Bruno Bettelheim,8
Truth,8
Thomas Aquinas,8
The Phenomenology of Spirit,7
Thorstein Veblen,7
Ronald Coase,7
C. Wright Mills,7
Solomon Asch,7
Two Dogmas of Empiricism,7
Tax,7
Time,7
Carl Rogers,7
Bronislaw Malinowski,7
Hannah Arendt,7
Robert Nozick,7
John Kenneth Galbraith,7
Milton Friedman,7
Russia,7
Gottlob Frege,7
Robert K. Merton,7
The Chrysanthemum and the Sword,7
Francis Bacon,7
Margaret Mead,7
Herbert Spencer,7
Noam Chomsky,7
Carl Jung,6
Ruth Benedict,6
"Anarchy, State, and Utopia",6
Ludwig Feuerbach,6
Marshall McLuhan,6
William James,6
Culture,6
Free will,6
Charles Sanders Peirce,6
The World as Will and Representation,6
Two Treatises of Government,6
The Social Contract,6
Alexis de Tocqueville,6
Alfred L. Kroeber,6
Tractatus Logico-Philosophicus,6
Utilitarianism,6
A Theory of Justice,6
Theodor W. Adorno,6
Henri Bergson,6
W. E. B. Du Bois,6
Pierre Bourdieu,6
The,6
Karl Marx,6
The Sickness Unto Death,6
Edmund Burke,6
Talcott Parsons,6
Amartya Sen,6
John Maynard Keynes,6
On Liberty,6
Unemployment,6
Albert Bandura,6
Saul Kripke,6
Critique of Pure Reason,6
Daniel Kahneman,6
J√ºrgen Habermas,6
Ren√© Descartes,6
Being and Time,6
Abraham Maslow,6
Lewis H. Morgan,5
Vilfredo Pareto,5
Voting,5
Sigmund Freud,5
B. F. Skinner,5
Aristotle,5
J. L. Austin,5
Knowledge,5
Color,5
Philip Zimbardo,5
Trobriand Islands,5
Edmund Husserl,5
Inflation,5
History,5
The Lonely Crowd,5
Ethics,5
Donald Davidson,5
Stoicism,5
Lev Vygotsky,5
Monopoly,5
The Structure of Scientific Revolutions,5
Nicomachean Ethics,5
Beyond Good and Evil,5
Memory,5
Jean-Paul Sartre,5
The Power Elite,5
Alfred North Whitehead,5
Summa Theologica,5
An Enquiry Concerning Human Understanding,5
Erich Fromm,5
Emotion,5
Thomas Hobbes,5
Leviathan,5
Plato,4
Heraclitus,4
Economic inequality,4
Cognitive dissonance,4
Three Dialogues between Hylas and Philonous,4
Learned helplessness,4
Friedrich Engels,4
Poverty,4
The Presentation of Self in Everyday Life,4
Leo Strauss,4
Jean Baudrillard,4
Frantz Fanon,4
An Essay Concerning Human Understanding,4
The Second Sex,4
Metaphysics,4
A. J. Ayer,4
Karl Jaspers,4
Thomas Robert Malthus,4
The Praise of Folly,4
The Theory of Moral Sentiments,4
Republic (disambiguation),4
The Golden Bough,4
Bystander effect,4
Money,4
Wilfrid Sellars,4
The Birth of Tragedy,4
Simone de Beauvoir,4
Analects,4
The Myth of Sisyphus,4
The Savage Mind,4
On the Genealogy of Morality,4
The Consolation of Philosophy,4
Dialogues Concerning Natural Religion,4
Peter Abelard,4
Confucius,4
Wilhelm Wundt,4
Thomas Nagel,4
United States,4
Prison,4
Personality,4
George Herbert Mead,4
Jeremy Bentham,4
Magic,4
Judith Butler,4
Joseph Stiglitz,4
Categorical imperative,4
Herbert Marcuse,4
Milgram experiment,4
Denis Diderot,4
Externality,4
Robert Lucas Jr.,4
Postmodernism,4
Niccol√≤ Machiavelli,4
The Affluent Society,4
The Essence of Christianity,4
Elements of the Philosophy of Right,4
The Communist Manifesto,4
Roland Barthes,4
Richard Rorty,4
The Theory of the Leisure Class,4
Tractatus Theologico-Politicus,4
Albert Ellis,3
One-Dimensional Man,3
Spain,3
Abortion,3
John Searle,3
The Protestant Ethic and the Spirit of Capitalism,3
Maimonides,3
Jacques Lacan,3
Either/Or,3
Risk,3
Schizophrenia,3
Facing Mount Kenya,3
Art,3
John Ruskin,3
Josiah Royce,3
George,3
Progress and Poverty,3
Anselm of Canterbury,3
Hilary Putnam,3
Friedrich,3
Reductionism,3
Esperanto,3
Lewis Mumford,3
Civilization and Its Discontents,3
Al-Ghazali,3
How the Other Half Lives,3
Scientific method,3
Intentionality,3
Atheism,3
Interest rate,3
Of Grammatology,3
Alfred Adler,3
Folkways,3
Gilbert Ryle,3
Edward Thorndike,3
Altruism,3
Being and Nothingness,3
Private language argument,3
Blaise Pascal,3
Socrates,3
Coming of Age in Samoa,3
Sanskrit,3
Meaning,3
William of Ockham,3
Gestalt psychology,3
Game theory,3
Ontological argument,3
Ludwig von Mises,3
Averroes,3
City,3
Business cycle,3
Georg Simmel,3
Leon Festinger,3
John B. Watson,3
Lawrence Kohlberg,3
Lakoff,3
Broken windows theory,3
Philosophy and the Mirror of Nature,3
The Concept of Mind,3
Duns Scotus,3
Jos√© Ortega y Gasset,3
Stress,3
Gregory Bateson,3
Dualism (philosophy of mind),3
Philosophical Investigations,3
Linguistic relativity,3
"Contingency, Irony, and Solidarity",3
Alfred Radcliffe-Brown,3
Ethics (Spinoza),3
Verb,3
Fear and Trembling,3
Indonesia,3
Orientalism,3
Pareto efficiency,3
A Vindication of the Rights of Woman,3
Gy√∂rgy Luk√°cs,3
Behaviorism,3
Abraham,3
Steven Pinker,3
The Wealth of Nations,3
Richard Posner,3
James Stopford (bishop),3
Edward Burnett Tylor,3
Roman Jakobson,3
Attitude,3
Need,3
S√∏ren Aabye Kierkegaard ,3
Paul Samuelson,3
Montesquieu,3
Forgetting,3
Elizabeth Loftus,3
Economic growth,2
Mozi,2
The Interpretation of Dreams,2
Capital: Critique of Political Economy,2
Monadology,2
Martin Buber,2
Thor Heyerdahl,2
Nicolas Malebranche,2
"The General Theory of Employment, Interest and Money",2
Intelligence quotient,2
Parmenides,2
Capital,2
Attention,2
Totalitarianism,2
Anthropology,2
Harris,2
Galileo Galilei,2
"Language, Truth, and Logic",2
Sign language,2
Bandwagoning,2
Timaeus,2
Anthony Giddens,2
Sublime (philosophy),2
Stanford University,2
Karen Horney,2
Dasein,2
Gender Trouble,2
Primitive culture,2
Public good,2
Skepticism,2
Marshall Sahlins,2
Piaget's theory of cognitive development,2
Benjamin Lee Whorf,2
Islam,2
Gunnar Myrdal,2
Deep Play: Notes on the Balinese Cockfight,2
Clifford,2
Christianity,2
John,2
Cambridge Platonists,2
Zande people,2
Poland,2
Arousal,2
Mind,2
White collar,2
Auguste Comte,2
Phaedrus,2
Ferdinand T√∂nnies,2
Deconstruction,2
The Guide for the Perplexed,2
Minima Moralia,2
Scotland,2
Zhuangzi,2
Belief,2
Nicolaus Copernicus,2
The Elementary Forms of the Religious Life,2
Avicenna,2
Prisoner's dilemma,2
The Self-Improvement of Salvadore Ross,2
Henry Sidgwick,2
Isaiah Berlin,2
A Letter Concerning Toleration,2
Discourses on Livy,2
Twilight of the Idols,2
Bowling Alone,2
Mencius,2
Liquidity trap,2
3 (number),2
Anthony Bacon (industrialist),2
Neoplatonism,2
Existentialism and Humanism,2
De rerum natura,2
Justice,2
The Prince,2
The Feminine Mystique,2
Poetics,2
Epicurus,2
Derek Parfit,2
Nagarjuna,2
Monkey,2
Peter Gustav Lejeune Dirichlet,2
Elizabeth Anscombe,2
Demand,2
The Division of Labour in Society,2
Reflections on the Revolution in France,2
Perpetual Peace: A Philosophical Sketch,2
The Structural Transformation of the Public Sphere,2
Euthyphro,2
Samuel von Pufendorf,2
The Open Society and Its Enemies,2
Kenneth Waltz,2
Phillips curve,2
Market risk,2
Bernard Williams,2
Enlightenment,2
The Poverty of Historicism,2
G,2
Pythagoras,2
Semiotics,2
New Essays on Human Understanding,2
Love,2
Enchiridion,2
Cynic,2
Ferdinand de Saussure,2
Violence,2
Francis Fukuyama,2
"Black Skin, White Masks",2
Parerga and Paralipomena,2
The Will to Believe,2
Adam Smith,2
The Mind and Society,2
Multiple realizability,2
The Rules of Sociological Method,2
Marshall,2
Paul Krugman,2
Vowel,2
Auction,2
Bobo doll experiment,2
Critique of Practical Reason,2
Georges,2
The Souls of Black Folk,2
E. E. Evans-Pritchard,2
Robert D. Putnam,2
Adjective,2
Jean Paul,2
A Thousand Plateaus,2
Paul Tillich,2
Augustine of Hippo,2
Determinism,2
Mathematics,2
John Forbes Nash Jr.,2
Law,2
Groundwork of the Metaphysic of Morals,2
Homosexuality,2
International trade,2
The Holocaust,2
Meditations,2
Soren,2
Epicureanism,2
William Graham Sumner,2
Sic et Non,2
Nuer,2
Structural functionalism,2
Tragedy of the commons,2
Aesthetics,2
Fundamental attribution error,2
Victor,2
Phaedo,2
'Pataphysics,2
Phrenology,2
Basque,2
The City of God (book),2
Evolution,2
Grammar,2
Soren Aabye Kierkegaard ,2
Common sense,2
Ronald Dworkin,2
The Gift,2
Johann Georg Hamann,2
Chinese room,2
Power,2
Martha Nussbaum,2
L√©on Walras,2
Viktor Frankl,2
France,2
Cognitive map,2
Anti-intellectualism in American Life,2
Consciousness,2
A System of Logic,2
Halford Mackinder,2
Play,2
The Uncanny,2
Italy,2
Rite of passage (disambiguation),2
Totem and Taboo,2
Anarchism,2
Edmund Phelps,2
James George Frazer,2
Efficient-market hypothesis,2
Word and Object,2
I and Thou,2
Learning,2
Burke,2
David,2
John Peter Altgeld,2
Working memory,2
Baptism,2
Phoneme,2
Harry Stack Sullivan,2
Maurice Merleau-Ponty,2
The Postmodern Condition,2
The Young Hegelians and Karl Marx,2
State,2
Marriage,2
The Labyrinth of Solitude,2
WiLL,2
Soren Kierkegaard,2
Tristes Tropiques,2
Person-centered therapy,2
Joseph Nye,2
Rationality,2
Discourse on the Method,2
Liberty,2
China,2
Emanuel Swedenborg,2
Samuel Huntington,2
Vienna Circle,2
Little Albert experiment,2
Advertising,2
Tony Judt,2
Oscar Wilde,2
Religion,2
Course in General Linguistics,2
Principle of sufficient reason,2
The New Science,2
Dialectic of Enlightenment,2
History and Class Consciousness,2
Possible world,2
The Road to Serfdom,2
Melville J. Herskovits,2
Germaine Greer,2
Conformity,2
Harry Harlow,2
Fear,2
Empiricism,2
Terrorism,2
Archaeology,2
Culture and Anarchy,2
Labour,2
Phenomenology,2
Novum Organum,2
Robert Lucas,2
Naming and Necessity,2
University of Chicago,2
Savage,1
Vocal-fold cyst,1
Poetry,1
Potter's wheel,1
Yanomami,1
Ataraxia,1
John Watson,1
Vagueness,1
Henri,1
Karaite,1
Mohism,1
Algorithmic game theory,1
Liminality,1
Paul,1
Raymond Cattell,1
Bronislaw Kasper,1
Claude,1
Victor Turner,1
Maze,1
Herbert Simon,1
Mediterranean Sea,1
Siegfried Kracauer,1
Brown v. Board of Education,1
Game,1
Leslie Fiedler,1
K√ºbler-Ross model,1
Al-Farabi,1
Lattice energy,1
Frankfurt School,1
2001 U.S. Figure Skating Championships,1
Motivation,1
Celtic languages,1
Neoconservatism,1
Karl Polanyi,1
Cadaver,1
Pens√©es,1
Inflection,1
Lord Frederick,1
University of Wisconsin-Madison,1
Cobb-Douglas Production Function,1
Roman citizenship,1
Operant conditioning chamber,1
Proslogion,1
Report on Manufactures,1
Social network,1
The Hero with a Thousand Faces,1
Friedrich H√∂lderlin,1
Mythologiques,1
Jerry,1
Globalization,1
Eichmann in Jerusalem,1
The Ghost in the Machine,1
Wheel,1
Fourteenth Amendment,1
Atom,1
Democracy in America,1
In a Different Voice,1
Cicero,1
Longinus (literature),1
Monad,1
Japanese,1
Slaughter-House Cases,1
Epoch√©,1
John Galbraith,1
"Notes on ""Camp""",1
"G√∂del, Escher, Bach",1
Tommy Jones (quarterback),1
Gestalt,1
Western canon,1
Syllable,1
Spleen,1
Buckminster Fuller,1
Marseille,1
Cultural influence of Plato's Republic,1
Transition state,1
Total factor productivity,1
Revealed preference,1
Rabelais and His World,1
Colorless green ideas sleep furiously,1
Feminism,1
Stephen Walt,1
Pierre Duhem,1
God is dead,1
Organizational dissent,1
University,1
Joseph de Maistre,1
Indo-European languages,1
Division of labour,1
Defect,1
University of Oxford,1
Nelson Goodman,1
Econometrics,1
Timothy Leary,1
On the Principles of Political Economy and Taxation,1
Stanford prison experiment,1
Phonemic awareness,1
Howard Zinn,1
Strain theory,1
S√°ndor Ferenczi,1
McDonald's,1
Transaction cost,1
Dividend,1
Callophrys augustinus,1
Moral hazard,1
Antichrist (disambiguation),1
Ernest Nagel,1
Apologia Pro Vita Sua,1
Erwin Panofsky,1
Reasons and Persons,1
Charles Darwin,1
The Death of the Author,1
Eliminative materialism,1
Alain Badiou,1
Freudo-Marxism,1
Chicago Boys,1
Philosophy of Baruch Spinoza,1
Giorgio Agamben,1
Georgian language,1
Elias James Corey,1
Meat,1
Natural History (Pliny),1
Crowds and Power,1
Logic,1
Christian mortalism,1
Vision,1
"The Descent of Man, and Selection in Relation to Sex",1
Lewis,1
Election,1
Rudolf Virchow,1
Peace Corps,1
Fixed action pattern,1
"Human, All Too Human",1
Niccol√≤,1
Johann Joachim Winckelmann,1
Estonian,1
Eating disorder,1
Heaven's Gate,1
John B,1
Poincar√© conjecture,1
Jan Tinbergen,1
Anxiety,1
White Collar: The American Middle Classes,1
Realism,1
heLogic of Scientific Discovery ,1
Power set,1
Washington,1
International Phonetic Alphabet,1
Paipai language,1
Southern Agrarians,1
Bead Game,1
Eyewitness,1
Desmond Hume,1
Paul Ricoeur ,1
Harvard University,1
Peter Shaffer,1
Dialect,1
The Question Concerning Technology,1
Water,1
"List of clergy educated at Jesus College, Oxford",1
Alexander Berkman,1
C,1
John Dee,1
Slutsky,1
Primacy of mind,1
Thomas Henry Huxley,1
Joseph Campbell,1
I Ching,1
Leopold and Loeb,1
Hedge (disambiguation),1
Caroline Kennedy,1
Edward,1
Realistic conflict theory,1
Wyndham Lewis,1
Runes,1
"Either/or: ""A Fragment on Life"" ",1
Upanishads,1
Redlining,1
Attachment,1
Franz Rosenzweig,1
Measures of national income and output,1
The Paranoid Style in American Politics,1
Moscow City Hall,1
Octavio Paz,1
Code-switching,1
The Map and the Territory,1
Stuart,1
Against Method,1
Donna Haraway,1
Doll,1
Elasticity,1
Portuguese language,1
William Godwin,1
Harriet Taylor Mill,1
Ressentiment,1
Alfred Tarksi,1
Meno,1
Narcissism,1
Bill Kramer,1
Hebrew language,1
Dedan Kimathi,1
Genitive case,1
Jacques Derrida and J¬®urgen Habermas,1
Islam in Indonesia,1
Karl Mannheim,1
Universal Grammar,1
Hernando de Soto,1
master-slave dialectic ,1
Umberto Eco,1
"The System of Economic Contradictions, or The Philosophy of Poverty",1
The Forgotten Man,1
Ren√©,1
Utility,1
Native Hawaiians,1
Edgar Allan Poe,1
Crime,1
Giuseppe Peano,1
Close reading,1
Benjamin Banneker,1
Electroshock weapon,1
Richard Cantillon,1
Social constructivism,1
Debt,1
University of the Immaculate Conception,1
Legal positivism,1
Rational expectations,1
History of the United States,1
Soul on Ice,1
Halo,1
Edward B. Titchener,1
Dialectic,1
Swedish,1
Language-game (philosophy),1
Hilary,1
United States Secretary of the Treasury,1
John A. Macdonald,1
"Id, ego and super-ego",1
Fl√¢neur,1
Michael Oakeshott,1
Statute of limitations,1
Culture industry,1
Aspiration,1
Classical conditioning,1
P. F. Strawson,1
Paul Grice,1
Sweden,1
Property,1
Problem of evil,1
The Eighteenth Brumaire of Louis Napoleon,1
Julian Assange,1
Soren Aabye Kierkegaard,1
John Langshawn Austin,1
Falsifiability,1
An Essay on Man,1
Symposium (Plato),1
Mapp v. Ohio,1
Mechanism design,1
Focal point,1
Private property,1
Ainu,1
Immortality,1
The Market for Lemons,1
Gross domestic product,1
Birthday Party,1
Rorschach test,1
Cavendish Laboratory,1
Alan Greenspan,1
Fredric Jameson,1
George Akerlof,1
Paul Roazen,1
Free rider problem,1
Hans Eysenck,1
Archimedes,1
Maasai,1
The Female Eunuch,1
Idolatry,1
Louis Althusser,1
Sir,1
Arrow's impossibility theorem,1
Everyday life,1
Pedagogy of the Oppressed,1
Price fixing,1
Lawrence Kohlberg's stages of moral development,1
Maria Czaplicka,1
Whiteness,1
Edward Said,1
Instrumental variable,1
Drive,1
Albert Camus,1
The Meaning of Meaning,1
Madness,1
Witchcraft,1
Gresham's law,1
Cumulative prospect theory,1
Due process,1
Camille Paglia,1
Aborigine,1
Republic,1
Specters of Marx,1
Zygmunt Bauman,1
Boredom,1
Operation Ivy,1
I Have a Dream,1
Self-actualization,1
Civil war,1
IS/LM model ,1
Maslow's hierarchy of needs,1
Platon,1
Parable of the Unjust Steward,1
Father (disambiguation),1
Cultural evolutionism,1
Asch conformity experiments,1
Kingdom of Italy,1
Technical analysis,1
English,1
Natural history,1
The Theory of Communicative Action,1
The Quest of the Historical Jesus,1
Sartor Resartus,1
Causation,1
Autokinetic effect,1
Thomas Paine,1
Misattribution of arousal,1
Solow-Swan growth model,1
Pseudo-Dionysius the Areopagite,1
Fourth Amendment to the United States Constitution,1
Adler,1
Virtual,1
Francis Hutcheson,1
Barter,1
German,1
Wrestling,1
Stag hunt,1
The Spirit of the Laws,1
Vietnamese,1
Federal,1
Yaroslav Pryriz,1
Leviathan (book),1
Konrad Lorenz,1
William Labov,1
Samuel P. Huntington,1
Induction,1
Technics and Civilization,1
Pluralism (political philosophy),1
C. L. R. James,1
Leon Trotsky,1
David Lewis,1
Equilibrium selection,1
Isaac Newton,1
Ernst Gombrich,1
Eric Hoffer,1
Moral luck,1
Birth control,1
Stanley Cavell,1
Problem of induction,1
Locality,1
Occasionalism,1
Lorenzo Valla,1
Four Books and Five Classics,1
Prison Notebooks,1
Luce Irigaray,1
Infant,1
Acculturation,1
Ancient Greek,1
Pornography,1
The Organization Man,1
Money supply,1
0 (number),1
Edgeworth box,1
Melanie Klein,1
Wolfgang K√∂hler,1
Luigi Pirandello,1
John Wesley,1
Philosophical zombie,1
Civil Disobedience (Thoreau),1
Terms of trade,1
Henry Louis Gates Jr.,1
Standing on the shoulders of giants,1
Availability heuristic,1
The Civilization of the Renaissance in Italy,1
Monopsony,1
Cooperative,1
Existentialism,1
Hungary,1
Mikhail Bakunin,1
Brazil,1
Suicide,1
Ultimatum game,1
Equity (trade union),1
Great Depression,1
Noumenon,1
Sextus Empiricus,1
Price elasticity of demand,1
Diamond,1
Discourse (disambiguation),1
Printing press,1
Aphasia,1
Fortuna,1
Alasdair MacIntyre,1
Noun,1
Ace Attorney Investigations 2,1
Miracle,1
Music of Easter Island,1
The Cheese and the Worms,1
Fritz Perls,1
Kafir,1
Commentaries on the Laws of England,1
Aggression,1
Solow-Swan growth model ,1
Mancur Olson,1
Kurt Lewin,1
Negidals,1
Broken window,1
Monopolistic competition,1
Baldassare Castiglione,1
Dietrich Bonhoeffer,1
Hermeneutics,1
Deviance,1
Punitive damages,1
Dworkin,1
Protagoras,1
Polynesian languages,1
Taoism,1
Jared Diamond,1
Inattentional blindness,1
Socialisme ou Barbarie,1
Jewish question,1
Public sphere,1
Imperative mood,1
French Revolution,1
William Harvey,1
Roland,1
Stephen,1
Bronislaw Kasper Malinowski,1
Modal logic,1
Woman,1
Zone of proximal development,1
Thick description,1
The End of History and the Last Man,1
Translation,1
Strawson,1
Jizya,1
H,1
Creative destruction,1
Anne Robert Jacques Turgot,1
Gary Becker,1
Conservative Party (UK),1
Externalism,1
Charles Babbage,1
The Varieties of Religious Experience,1
Solow-Swan-Cass-Koopmans model ,1
C. S. Lewis,1
Education,1
Amnesia,1
Genomic imprinting,1
The Meditations,1
Friedrich Wilhelm Joseph Schelling,1
Edwin Hubble,1
Raymond Williams,1
Virtue,1
Dictatorship,1
Potlatch,1
Revival of the Hebrew language,1
Paul the Deacon,1
Joseph Brodsky,1
Stability,1
Jaegwon Kim,1
Investment,1
Death,1
The Art of Loving,1
Darwin's Dangerous Idea,1
The Devil's Dictionary,1
Pain,1
Beauty,1
Science and Health with Key to the Scriptures,1
Beta,1
Halakha,1
Hawaiian grammar,1
James Tobin,1
Baruch,1
Academic tenure,1
Hypatia,1
Paul Churchland,1
Jane Addams,1
The Theory of Interstellar Trade,1
Immanuel Velikovsky,1
Consciousness Explained,1
Arcades Project,1
Symposium,1
Alfred W. Redmer Jr.,1
Hermann Ebbinghaus,1
Israel,1
Alvin Plantinga,1
Black people,1
David Benatar,1
Indian Railways,1
Soul,1
Dream,1
Donald Davidson (philosopher),1
Common Sense (pamphlet),1
Authorial intent,1
The Mind of Primitive Man,1
Uncle Tom's Cabin,1
Time and Free Will,1
Governor-General of India,1
Object relations theory,1
Waldo R. Tobler,1
Daniel,1
Just war theory,1
Apuleius,1
Context-free grammar,1
Cannibalism,1
Jackals and Arabs,1
Jane Jacobs,1
The Gutenberg Galaxy,1
Colonization,1
Heart (Glee),1
punctuated equilibriumT-Party 2010: OM NOM NOM KENZABURO OE,1
Madness and Civilization,1
African American Vernacular English,1
Theses on Feuerbach,1
Mihaly Csikszentmihalyi,1
White flight,1
Circular reasoning,1
Muzafer Sherif,1
Giffen good,1
Thematic Apperception Test,1
Alan Sokal,1
Indifference curve,1
Cartesian Meditations,1
Trade,1
Reflections on Violence,1
Rosetta@home,1
Seven Laws of Noah,1
Cornel West,1
Otto,1
George Lakoff,1
Immanuel Wallerstein,1
Human sacrifice in Aztec culture,1
Infinity,1
Cortisol,1
The Commonwealth of Oceana,1
Logical Investigations,1
Seneca the Younger,1
Joseph Greenberg,1
Cesare Lombroso,1
Bernhard Riemann,1
Lexical approach,1
Friedrich Schleiermacher,1
Production function,1
Robert Barro,1
Egypt Party,1
Alfred Tarski,1
Young Man Luther,1
Moses and Monotheism,1
Universal (metaphysics),1
Duopoly,1
Philosophy of mind,1
Rudolf Carnap,1
Thomas Reid,1
Empire,1
H√©l√®ne Cixous,1
Essay,1
Imagined community,1
Canada,1
Giordano Bruno,1
Citizens United v. FEC,1
Soren Kierkegaard ,1
Evil,1
Theft,1
Richard Florida,1
Adverse selection,1
Bowling,1
Washington Park Court District,1
Prospect theory,1
Nick Land,1
Supreme Court of the United States,1
Cremation,1
Plato's beard,1
Subaltern (postcolonialism),1
Arthur Evans,1
Sevastopol Sketches,1
The Wretched of the Earth,1
The Sceptical Chymist,1
Latin,1
Robert Fogel,1
Small-world experiment,1
Cliometrics,1
Gift,1
Peter Ludwig Mejdell Sylow,1
Napoleon Chagnon,1
Mary Wollstonecraft,1
Monetary policy,1
Communit√§t Casteller Ring,1
Tertullian,1
John Hicks,1
Achievement gap in the United States,1
Free market,1
John Frum,1
Roger Bacon,1
Flow (video game),1
Maurice Allais,1
The Nature of the Firm,1
The Imitation of Christ,1
Skyhook,1
Yoga,1
Coase theorem,1
Animal,1
Europe,1
Louis Brandeis,1
Attachment theory,1
Paranoid schizophrenia,1
Ludwig Boltzmann,1
Frontier Thesis,1
Principia Ethica,1
Philip Melanchthon,1
Qualia,1
Korean,1
Lyme disease,1
Word of Faith,1
University of Pittsburgh,1
Anarchy,1
Hillingdon Court,1
Alborz,1
Deviance (sociology),1
Chicago school,1
Transcendentalism,1
Partisan Review,1
Ismail Kadare,1
Form of the Good,1
The New Jim Crow,1
What Is to Be Done?,1
Alan M. Olson,1
Dog,1
Wilhelm von Humboldt,1
Repetition: An Essay in Experimental Psychology ,1
Positivism,1
Benedetto Croce,1
Thomas Szasz,1
Bernard Lewis,1
Film,1
Heuristic,1
Kate Millett,1
Community property,1
Tradition and the Individual Talent,1
Political party,1
Texas,1
Copyright,1
Writing system,1
Universal health care,1
Benjamin Franklin,1
Imre Lakatos,1
Greek mythology,1
Science fiction,1
Rem Koolhaas,1
Pleasure,1
Saving,1
Bellwether trial,1
Guy Debord,1
Reification,1
Marginal utility,1
Reading,1
Mersenne Twister,1
The Origins of Totalitarianism,1
Le Corbusier,1
Mao Zedong,1
Money multiplier,1
Observation,1
Easement,1
World population,1
Parsons,1
Architecture,1
Trait√© de l'harmonie r√©duite √† ses principes naturels,1
Anti-Federalist Papers,1
The Subjection of Women,1
Ram√≥n,1
Susan Sontag,1
Linguistics,1
Bantu languages,1
Philosophy of music,1
Neil Postman,1
Mircea Eliade,1
Spoken language,1
Troubled Asset Relief Program,1
Eating,1
Intuition pump,1
Algeria,1
Nature,1
Social group,1
Stereotype threat,1
Peter Diamond,1
Deterrence,1
Desiderius Erasmus,1
Pierre-Joseph Proudhon,1
Pope Pius IX,1
Marbury v. Madison,1
Proper noun,1
John Marshall Harlan II,1
Peace,1
W. B. Yeats,1
Idea,1
Jerry Fodor,1
Robert Bork,1
Sutra,1
"W. W. Bartley, III",1
"Capitalism, Socialism and Democracy",1
Germany,1
Secretary of State,1
Hawaii,1
The Origin of the Work of Art,1
Nicholas Kaldor,1
Slavoj Zizek ,1
Cantor set,1
John von Neumann,1
Erving,1
Color term,1
Locative case,1
Culture of Japan,1
Inferiority complex,1
Manifold,1
Fishery Resources Monitoring System,1
Triceratops,1
Wealth,1
Simulacra and Simulation,1
Slavoj Zizek,1
Joseph Schumpeter,1
Shirk,1
Reza Davari Ardakani,1
New York City,1
Irving Fisher,1
Nickel and Dimed,1
Vitamin E,1
Alvin Toffler,1
Bronislaw Kaspar Malinowski ,1
Anomie,1
The Trauma of Birth,1
Daniel Bell,1
Totem,1
Information asymmetry,1
Harold Bloom,1
Facial recognition,1
Productivity,1
Bipolar disorder,1
Politics (Aristotle),1
Rational choice theory,1
Caste system in India,1
Kerplunk experiment,1
An Attempt at a Critique of All Revelation,1
Heroes,1
Small-world network,1
Substitution effect,1
Stockholm,1
David Rosenhan,1
Rudy Giuliani,1
S√∏ren Aabye Kierkegaard,1
Incest,1
Seven Types of Ambiguity,1
"Cross-Strait Economic, Trade and Culture Forum",1
Financial risk,1
Why I Am Not a Christian,1
Laughter,1
Boys Don't Cry (film),1
A Treatise of Human Nature,1
Emmanuel Levinas,1
Voting system,1
Price,1
Bricolage,1
Deception,1
Kula ring,1
Platonism,1
Bernard,1
Friedrich Schiller,1
Fetishism,1
Gettier problem,1
Scepticism and Animal Faith,1
Internalized racism,1
Richard Hofstadter,1
Johannes Gutenberg,1
Paul de Man,1
Aid,1
William Blackstone,1
William Stanley Jevons,1
Supreme Soviet,1
Rite of passage,1
Johan Gottlieb Fichte {BA/MA},1
Toward an Architecture,1
Epistemology,1
Origen,1
Common chimpanzee,1
Johann Gottfried Herder,1
Tzvetan Todorov,1
Hans-Georg Gadamer,1
Eros and Civilization,1
Commodus,1
"John ""Sergeant Feces Processor"" Rawls",1
Semaphore (disambiguation),1
The Two Cultures,1
The Purloined Letter,1
The Virtue of Selfishness,1
John Calvin,1
Lion,1
Cockfight,1
An American Dilemma,1
Isis Unveiled,1
Michel de Montaigne,1
Beard,1
Immanuel,1
Olive Branch Petition,1
Dictionnaire Historique et Critique,1
Principa Ethica,1
The Black Atlantic,1
Red Queen hypothesis,1
Accusative and infinitive,1
Two-factor theory of emotion,1
Marquis de Condorcet,1
Maoism,1
Discipline and Punish,1
Critique of the Gotha Program,1
Zora Neale Hurston,1
Stephen Greenblatt,1
Arthur M. Schlesinger Jr.,1
Christian angelic hierarchy,1
George Gurdjieff,1
Paul Feyerabend,1
Wage,1
The Gay Science,1
American Dream,1
John Toland,1
Land,1
Georges Sorel,1
Semantics,1
Maria Montessori,1
Murder,1
Language of thought hypothesis,1
Affirmative action,1
Erasmus Darwin,1
Life-cycle hypothesis,1
Gender,1
Prague school,1
Functionalism,1
Paradigm shift,1
Scots,1
Self,1
Ambiguity,1
Ernst Mach,1
Bonds,1
Object,1
Darwin among the Machines,1
Robert Zajonc,1
Saint Thomas,1
The Order of Things,1
Ta-Nehisi Coates,1
Thomas Schelling,1
Johann Wolfgang von Goethe,1
Concluding Unscientific Postscript to the Philosophical Fragments {MA},1
Cargo cult,1
Competition,1
Sentences,1
Modigliani-Miller Theorem ,1
Rasmus Rask,1
Discrimination,1
"Osler, Hoskin & Harcourt",1
What Is Property?,1
Etruscan,1
Giambattista Vico,1
Social Theory and Social Structure,1
Hicksian demand function,1
The Colonizer and the Colonized,1
David Chalmers,1
Boethius,1
Volatility,1
List of public housing projects in Canada,1
The History of Sexuality,1
Haskalah,1
Lying,1
Essays (Montaigne),1
Intelligence,1
Identity crisis,1
Utopia,1
Betting strategy,1
Gaia hypothesis,1
Arabic,1
Category,1
Dialogue Concerning the Two Chief World Systems,1
Pleading,1
Government debt,1
American Experience (season 6),1
Exchange rate,1
Denmark,1
income effect ,1
Wilfrid,1
Lorenz curve,1
√úbermensch,1
Hernando de Soto Polar,1
Hyman Minksy,1
Clash of Civilizations,1
Syntax,1
Asylum,1
Nationalism,1
The Practice of Everyday Life,1
Netherlands,1
Eratosthenes,1
Halo effect,1
Peter Kropotkin,1
Reconstructionist Judaism,1
Apartheid,1
The City in History,1
Staaaaanley Fish,1
Shelley v. Kraemer,1
Bertolt Brecht,1
Marcel,1
University of Cambridge,1
Smith,1
Civilization,1
Sura Al-Barqara ,1
"Concluding Unscientific Postscript to the Philosophical Framents: A Mimical-Pathetical-Dialectical Compilation, an Existential Contribution",1
Crito,1
Evolutionarily stable strategy,1
Alastair Hannay,1
The Little Red Book of Acoustics,1
Suburb,1
Sense and reference,1
William Shakespeare,1
"Postmodernism, or, the Cultural Logic of Late Capitalism",1
Debt: The First 5000 Years,1
Defence mechanisms,1
Mother,1
Virtue ethics,1
The Metropolis and Mental Life,1
Surface tension,1
Camera lucida,1
Rappaport,1
Discourseonthe Origin and Basis ofInequalityAmongMen ,1
IS-LM model,1
Follicle-stimulating hormone,1
Bubble,1
Telling Me Lies,1
Agreement,1
Austrian School,1
Brain in a vat,1
Rigid designator,1
Expense,1
Minimum wage,1
Analytic philosophy,1
Returns to scale,1
Color vision,1
Use-centered design,1
Well travelled road effect,1
Demand for money,1
Overpopulation,1
"University of California, Berkeley",1
Slavic,1
Rent (musical),1
Symbol,1
Great chain of being,1
Hedonism,1
Russell Kirk,1
Working class,1
The Closing of the American Mind,1
Absurd,1
Helsinki Accords,1
Thorsten,1
Fourth Amendment,1
Daniel Dennett,1
Phenomenology of Perception,1
Ostracism,1
The Philosophy of Money,1
Richard,1
Social learning theory,1
Pierre,1
Other,1
Rule according to higher law,1
Paul Lazarsfeld,1
Pali Canon ,1
Consensus theory of truth,1
Invisible hand,1
Simon Blackburn,1
The Great Transformation,1
Ship,1
Manifesto of Futurism,1
Modern English,1
Mati,1
Logicomix,1
Optical aberration,1
Ernest Gellner,1
Democracy and Education,1
Mikveh,1
Social security,1
Finnish,1
Objectivism,1
Interracial marriage,1
Airspace,1
Deterministic finite automaton,1
Originalism,1
Colleges of the University of Cambridge,1
G√©rard Debreu,1
Geometric series,1
Good,1
Xenophon,1
St Bonaventure's High School,1
Dominican Republic,1
Alfred Kinsey,1
The Problem of Social Cost,1
Second Amendment,1
Race,1
Plotinus,1
Amdahl's law,1
The Demon-Haunted World,1
"Sweetheart, I Have to Confess",1
Cybernetics,1
Autism,1
"""vosostros""",1
√¢¬Ä¬úTheses on Feuerbach√¢¬Ä¬ù,1
Law of excluded middle,1
Bronislaw Malinowksi,1
Music,1
Zapotec,1
Daemon (classical mythology),1
Chain letter,1
Zuni,1
Family resemblance,1
David Harvey,1
MELOS,1
Fourteenth Amendment to the United States Constitution,1
Guilt,1
Spiritual Exercises of Ignatius of Loyola,1
What Is it Like to Be a Bat?,1
"Mind, Self and Society",1
Exile,1
Alan Turing,1
England,1
Regular,1
Truth-conditional semantics,1
On Truth and Lies in a Nonmoral Sense,1
Language acquisition,1
Slavic languages,1
Franz Boas,1
Marva (raga),1
New Atlantis (disambiguation),1
British philosophy,1
Christopher Hitchens,1
Psychiatric hospital,1
Concluding Unscientific Postscript to Philosophical Fragments,1
Robert C. Merton,1
Mahatma Gandhi,1
Nicholas,1
"John Dalberg-Acton, 1st Baron Acton",1
Nuclear magnetic resonance spectroscopy,1
Laws (dialogue),1
Wilhelm Reich,1
Reason,1
Eloisa to Abelard,1
Jacques,1
Stephen Jay Gould,1
Riboflavin,1
Propositional attitude,1
The Stones of Venice,1
Price discrimination,1
The Cave,1
Vritra,1
Franz Brentano,1
Jean-Fran√ßois Lyotard,1
Ten Days That Shook the World,1
Four Dissertations,1
Alain LeRoy Locke,1
Option,1
Sunspot,1
Euro calculator,1
Edsger W. Dijkstra,1
Hyman Minsky,1
The Archaeology of Knowledge,1
Existence of God,1
Hubert Dreyfus,1
Betty Friedan,1
Human Action,1
South America,1
Japan,1
Nash equilibrium,1
Social,1
Alfred Russel Wallace,1
Henry Morton Stanley,1
Creole,1
Bruno Latour,1
Therapy,1
Escape from Freedom,1
Science,1
Bhagavad Gita,1
Contract,1
Heinrich Bl√ºcher,1
Compatibilism,1
Cogito ergo sum,1
Pumping lemma,1
Humanoid,1
Philosopher,1
Thomas Friedman,1
Intelligent design,1
Paul Farmer,1
Kinship,1
Communism,0
5 (number),0
Ronald,0
Industry,0
Legalism,0
Tariff,0
Georg Cantor,0
Aristotleles,0
Grammatical mood,0
Jonathan Franzen,0
Neorealism,0
Aggregate supply,0
Irony,0
Marxism,0
Ivan Pavlov,0
Eye,0
Ludwig,0
Dora,0
Silent letter,0
Odysseus,0
Double bond,0
Cambridge,0
Major depressive disorder,0
Algazel,0
B,0
Price index,0
Trait theory,0
Chicago,0
Jury selection,0
Reynolds number,0
Greek tragedy,0
John Albert Broadus,0
Murder of Kitty Genovese,0
Dissociative identity disorder,0
Jean-Paul Marat,0
Pathetic fallacy,0
Hospital,0
Velocity of money,0
Laffer curve,0
Computer,0
Creation science,0
On War,0
Ontology,0
Autism spectrum,0
Athens,0
Statistical significance,0
HOMOSEXUAALITY,0
Russell,0
Japanese language,0
Censorship,0
Dowry,0
Power (social and political),0
Telophase,0
Grammatical gender,0
School,0
Vice President of the United States,0
Barro-Ricardian equivalence,0
George Mason,0
Cedilla,0
Tone,0
Czech,0
Profit (economics),0
Maya,0
S√∏ren Kierkegaard ,0
Chicken,0
Paradise Lost,0
Romanticism,0
Alzheimer's disease,0
City of God,0
Trichotomy (philosophy),0
Portuguese,0
Neopragmatism,0
Argonauts of the Western Pacific,0
Piaget,0
Roe v. Wade,0
Australia,0
Chinese characters,0
The God that Failed,0
Sino-Tibetan languages,0
Out of Africa,0
Thus Spoke Zarathustra,0
Hume,0
William Carlos Williams,0
Apology (Plato),0
John Maynard Keyne,0
Fiscal policy,0
Looking glass self,0
Jonathan Edwards,0
Jury,0
The Rebel,0
Bronislaw ,0
Socialism,0
Ars Poetica,0
Serfdom,0
Benedictus,0
Skin,0
Prairie School,0
Real interest rate,0
United States Attorney General,0
Article,0
Criminology,0
Silent Spring,0
Earl Russell,0
Microcredit,0
The Art of War,0
Critique of Judgment,0
Grimm's law,0
S√∏ren Kierkegaard,0
Spanish language,0
Kansas,0
Natural selection,0
Integrable system,0
Bronis≈Çaw Kasper Malinowski,0
Suicide (book),0
Henry Ford,0
Thales,0
Treason,0
Spider,0
Vector,0
Mechanical and organic solidarity,0
Columbia University,0
Ralph Waldo Emerson,0
Demand curve,0
Aboriginal Australians,0
Causes,0
Tenth Amendment to the United States Constitution,0
Chimpanzee,0
On the Origin of Species,0
Marquis de Sade,0
Hypnotherapy,0
Upcycling,0
Sigmund,0
Subliminal stimuli,0
Princess Marie-Ad√©la√Øde,0
Parable,0
Keynesian economics,0
Potato,0
Culture shock,0
Mandarin,0
S√∏ren ,0
Democracy,0
Occam's razor,0
"Leviathan the Matter, Form, and Power of a Commonwealth Ecclesiastic and Civil",0
Tractatus Logico-Philoshopicus,0
David Foster Wallace,0
Splice,0
Notion,0
Oligopoly,0
Short (finance),0
Identity,0
Morality,0
Heinrich von Kleist,0
Bias,0
Mathematical logic,0
Self-defense,0
Volunteer's dilemma,0
A Room of One's Own,0
Ablative case,0
Subjunctive mood,0
"Gustav, Hereditary Prince of Sayn-Wittgenstein-Berleburg",0
Morpheme,0
International law,0
Modern Hebrew,0
Public housing,0
Russian,0
Social contract,0
Social class,0
Confucianism,0
Horse,0
Diminishing returns,0
Bradley effect,0
Comparative advantage,0
Libertarianism,0
Capitalism,0
Rat,0
Poll,0
Class,0
Gospel of Luke,0
Burhuss Frederic Skinner,0
Leviathan (disambiguation),0
Memory erasure,0
Sociology,0
God,0
Language,0
No Exit,0
Relativism,0
Visual perception,0
Hand,0
Welfare,0
Rhyme,0
Proto-Indo-European language,0
Humanism,0
Chair of the Federal Reserve,0
Optical illusion,0
Uncanny valley,0
Paradox,0
Filibuster,0
Macs Joy,0
Advantage,0
Happiness,0
Turkish,0
Alexander Hamilton,0
Urban planning,0
Calculus,0
Carl,0
Collective unconscious,0
Bronis?aw Malinowski,0
King James Version,0
Racism,0
Multilingualism,0
Gabriel Marcel,0
John Stuart,0
Comedy,0
Holograph,0
Commons,0
Samoa,0
Lincoln Near-Earth Asteroid Research,0
Swampman,0
Psychoanalysis,0
Optics,0
Materialism,0
Africa,0
Wassily Leontief,0
Metre,0
Tachyon,0
Maya civilization,0
Electric shock,0
Secundus the Silent,0
Patent,0
Max Horkheimer,0
Charles Sumner,0
Barbara Ehrenreich,0
Greek,0
Stigma,0
Hindi,0
John Henry Newman,0
Weber,0
Consumer price index,0
Franco Modigliani,0
Conditioning,0
Consonant,0
John Bunyan,0
Reflection,0
Substitution,0
Noah Webster,0
Judy Garland,0
Conservatism,0
Stockholm syndrome,0
Meteorite,0
Polio vaccine,0
TRANSCENDENSTALISM,0
Fractal,0
"List of MPs elected in the British general election, 1768",0
Percy Bysshe Shelley,0
Bertrand,0
Fitness (biology),0
Oliver Wendell Holmes Jr.,0
Schr√∂dinger's cat,0
Corn Laws,0
Redistricting,0
Personality test,0
Trust law,0
Relative,0
Leakey,0
6 (number),0
Paris,0
Adrenal gland,0
The Prisoner's Dilemma,0
Burckhardt,0
River,0
Italian,0
Passive voice,0
Scolopidia,0
Thomas Piketty,0
glyph817ovum Organum ,0
Warren Buffett,0
Number,0
Robert Henri,0
Archbishop of Canterbury,0
Semitic languages,0
Oedipus complex,0
Department of Justice,0
Sun,0
Starship Troopers,0
Solubility,0
Taboo,0
Olduvai Gorge,0
Twilight of the Idols (Gorgoroth album),0
Organ donation,0
Insurance,0
KARL,0
Martin Luther,0
Baby boomers,0
Jonathan Westphal,0
Edward Sapir,0
Spanish,0
Critique,0
