,50
The,36
Derek Walcott,19
W. H. Auden,18
Robert Frost,18
Emily Dickinson,17
Charles Baudelaire,17
Nadine Gordimer,16
Edgar Allan Poe,15
Jorge Luis Borges,15
Wole Soyinka,15
Italo Calvino,14
Don Quixote,14
W. B. Yeats,14
Matthew Arnold,13
Carlos Fuentes,13
Pablo Neruda,13
J. M. Coetzee,13
Umberto Eco,13
Franz Kafka,13
Yasunari Kawabata,13
Ezra Pound,13
China,13
Graham Greene,13
John Milton,12
Rainer Maria Rilke,12
Romance of the Three Kingdoms,12
Gerard Manley Hopkins,12
Flannery O'Connor,12
Milan Kundera,12
Chronicle of a Death Foretold,12
Luigi Pirandello,12
Andrew Marvell,12
Maxim Gorky,12
Karen Blixen,12
Jean-Paul Sartre,12
Henry James,11
Nathaniel Hawthorne,11
John Donne,11
Chinua Achebe,11
Saki,11
August Strindberg,11
Gwendolyn Brooks,11
Johann Wolfgang von Goethe,11
Bertolt Brecht,11
Volpone,11
Rubén Darío,11
Orhan Pamuk,11
Philip Larkin,11
Madame Bovary,11
Athol Fugard,11
The Idiot,10
E. E. Cummings,10
Isabel Allende,10
Cuba,10
Father and Son,10
Julio Cortázar,10
Robert Browning,10
Honoré de Balzac,10
T. S. Eliot,10
D. H. Lawrence,10
The Trial,10
Manuel Puig,10
Robert Lowell,10
Catullus,10
Love in the Time of Cholera,10
Seamus Heaney,10
Mexico,10
Federico García Lorca,10
The Red and the Black,10
Jane Eyre,10
Virginia Woolf,10
Ben Jonson,10
Edward Albee,10
Percy Bysshe Shelley,10
The Tin Drum,10
Anatole France,10
Japan,10
The Waste Land,10
William Wordsworth,10
Yukio Mishima,9
Voltaire,9
John Greenleaf Whittier,9
Heinrich Böll,9
Sonnets from the Portuguese,9
Twenty Love Poems and a Song of Despair,9
Darkness at Noon,9
André Gide,9
Birthday Party,9
Thomas Mann,9
The Name of the Rose,9
"Alfred, Lord Tennyson",9
Arthur Rimbaud,9
William Carlos Williams,9
Karel Capek,9
Walter Scott,9
Mario Vargas Llosa,9
J. D. Salinger,9
Ovid,9
John Keats,9
As I Lay Dying,9
George Orwell,9
Henry Wadsworth Longfellow,9
Anton Chekhov,9
Rubaiyat of Omar Khayyam,9
Gustave Flaubert,9
The Glass Menagerie,9
Walt Whitman,9
Dylan Thomas,9
Eugène Ionesco,9
French,9
Molière,9
The Cherry Orchard,9
The Unbearable Lightness of Being,9
James Baldwin,9
The Master and Margarita,9
Pedro Calderón de la Barca,9
Friedrich Schiller,9
José Saramago,9
Petrarch,9
Leo Tolstoy,9
The Decameron,9
Duino Elegies,8
Cat on a Hot Tin Roof,8
The Prime of Miss Jean Brodie,8
She Stoops to Conquer,8
Allen Ginsberg,8
"The Life and Opinions of Tristram Shandy, Gentleman",8
Harold Pinter,8
Octavio Paz,8
If on a winter's night a traveler,8
Thomas Hardy,8
The Love Song of J. Alfred Prufrock,8
Mikhail Bulgakov,8
Doris Lessing,8
Sylvia Plath,8
Ulysses,8
Langston Hughes,8
The Great Gatsby,8
Joseph Conrad,8
Guy de Maupassant,8
Haruki Murakami,8
Evelyn Waugh,8
Tender Is the Night,8
Stephen Crane,8
Katherine Mansfield,8
The Brothers Karamazov,8
A Room of One's Own,8
James Joyce,8
Aldous Huxley,8
August Wilson,8
Oresteia,8
Philip Roth,8
Italy,8
Lord Byron,8
A Confederacy of Dunces,8
William Golding,8
The Iceman Cometh,8
The Heart Is a Lonely Hunter,8
Ghost,8
Wallace Stevens,8
Crossing Brooklyn Ferry,8
Interpreter of Maladies,8
Brideshead Revisited,8
One Hundred Years of Solitude,8
Sons and Lovers,8
Fyodor Dostoyevsky,7
Infinite Jest,7
Spain,7
Arms and the Man,7
Günter Grass,7
The Satanic Verses,7
Sense and Sensibility,7
Naguib Mahfouz,7
Marcel Proust,7
The Crying of Lot 49,7
Faust,7
Arcadia,7
Edna St. Vincent Millay,7
Lolita,7
Glengarry Glen Ross,7
An Enemy of the People,7
The House of Bernarda Alba,7
Awakening,7
A. E. Housman,7
Mikhail Lermontov,7
Billiards at Half-Past Nine,7
John Cheever,7
Rudyard Kipling,7
Angels in America: A Gay Fantasia on National Themes,7
Kurt Vonnegut,7
Ralph Waldo Emerson,7
Hart Crane,7
A House for Mr Biswas,7
The Lady of Shalott,7
Horace,7
The Lion and the Jewel,7
Canto General,7
Gabriela Mistral,7
Their Eyes Were Watching God,7
Mark Twain,7
William Dean Howells,7
Anna Karenina,7
The Luck of Roaring Camp (1911 film),7
The Glass Bead Game,7
Death of a Salesman,7
Hermann Hesse,7
Ivan Turgenev,7
July's People,7
Things Fall Apart,7
Nikolai Gogol,7
Invisible Man,7
"September 1, 1939",7
Midnight's Children,7
Gitanjali,7
Les Fleurs du mal,7
Heinrich Heine,7
To the Lighthouse,7
Howards End,7
Water Margin,7
Truman Capote,7
Argentina,7
Samuel Taylor Coleridge,7
Saul Bellow,7
Christopher Marlowe,7
Alexander Pushkin,7
Alan Paton,6
A,6
George Bernard Shaw,6
Nausea,6
India,6
William Faulkner,6
Aunt Julia and the Scriptwriter,6
Disgrace,6
F. Scott Fitzgerald,6
Oliver Goldsmith,6
Snow Country,6
Shirley Jackson,6
Foucault's Pendulum,6
William Cullen Bryant,6
Measure for Measure,6
Vachel Lindsay,6
A Doll's House,6
Poland,6
The Mayor of Casterbridge,6
The Handmaid's Tale,6
Death in Venice,6
Pierre Corneille,6
Gao Xingjian,6
Wilfred Owen,6
The House of Mirth,6
Patrick White,6
"Cry, the Beloved Country",6
Australia,6
Death of a Naturalist,6
"Bartleby, the Scrivener",6
Dream of the Red Chamber,6
Brazil,6
Salman Rushdie,6
Li Bai,6
Kazuo Ishiguro,6
Life Is a Dream,6
Vikram Seth,6
One Thousand and One Nights,6
The Importance of Being Earnest,6
Babbitt,6
Middlemarch,6
Alice Munro,6
R.U.R.,6
David Foster Wallace,6
Erich Maria Remarque,6
William Blake,6
Tartuffe,6
The Imaginary Invalid,6
Tennessee Williams,6
Noël Coward,6
Waiting for the Barbarians,6
Rappaccini's Daughter,6
Cyrano de Bergerac,6
Othello,6
Jack London,6
Gabriel García Márquez,6
Christina Rossetti,6
All the King's Men,6
Much Ado About Nothing,6
"Absalom, Absalom!",6
Brave New World,6
Victor Hugo,6
The School for Scandal,6
V. S. Naipaul,6
Ode to the West Wind,6
Marianne Moore,6
Archibald MacLeish,6
Edward,6
Aeschylus,6
Billy Budd,6
New York University,6
To a Skylark,6
Crime and Punishment,6
The Bald Soprano,6
Uncle Vanya,6
William Shakespeare,6
Père Goriot,6
Rabindranath Tagore,6
Émile Zola,6
The Magic Mountain,6
Oliver Wendell Holmes Sr.,6
The Jew of Malta,6
Dead Souls,6
The House of the Seven Gables,6
Bernard Malamud,5
The Master Builder,5
Tobias Smollett,5
Kenzaburo Oe,5
Friedrich Hölderlin,5
Gargantua and Pantagruel,5
Ray Bradbury,5
A Rose for Emily,5
Kingsley Amis,5
The Lower Depths,5
The World According to Garp,5
A Farewell to Arms,5
Spoon River Anthology,5
A Streetcar Named Desire,5
Stendhal,5
The Turn of the Screw,5
When Lilacs Last in the Dooryard Bloom'd,5
The Remains of the Day,5
Tom Stoppard,5
The Mysteries of Udolpho,5
Book of the Dead,5
The Age of Innocence,5
Seán O'Casey,5
Blood Meridian,5
East of Eden,5
Song of Myself,5
Alchemist (disambiguation),5
Lysistrata,5
Albert Camus,5
Iago,5
Carson McCullers,5
Hamlet,5
German,5
Euthyphro,5
The God of Small Things,5
Robert Louis Stevenson,5
Thomas Gray,5
The Frogs,5
Wilkie Collins,5
Sophocles,5
Thanatopsis (band),5
Miss Julie,5
O. Henry,5
Henry V,5
Juno and the Paycock,5
On the Road,5
The Dumb Waiter,5
The Bluest Eye,5
E. M. Forster,5
John Millington Synge,5
Charles Dickens,5
Of Human Bondage,5
Self-reliance,5
Nigeria,5
Orlando Furioso,5
John Irving,5
Don DeLillo,5
Frankenstein,5
Arthur Miller,5
No Exit,5
In Memoriam A.H.H.,5
Aimé Césaire,5
Ivanhoe,5
Far from the Madding Crowd,5
"L'Allegro, il Penseroso ed il Moderato",5
Willa Cather,5
Lady Chatterley's Lover,5
Emma,5
Our Town,5
Herman Melville,5
John Barth,5
The Duchess of Malfi,5
Sinclair Lewis,5
Sir Gawain and the Green Knight,5
Ode to a Nightingale,5
Chikamatsu Monzaemon,5
Theodore Roethke,5
The Seagull,5
Why I Live at the P.O.,5
Eugene O'Neill,5
The Moonstone,5
Doctor Zhivago,5
White noise,5
John Dos Passos,5
Elizabeth Bishop,5
All My Sons,5
The Stranger,5
The Wild Duck,5
Steppenwolf,5
Eugene Onegin,5
Dante Gabriel Rossetti,5
David Copperfield,5
Ozymandias,5
Le Cid,5
Satyricon,5
Robinson Crusoe,5
The Castle of Otranto,5
Edith Wharton,5
The Picture of Dorian Gray,5
Rosencrantz and Guildenstern Are Dead,5
Pygmalion,5
A Shropshire Lad,5
"Winesburg, Ohio",5
E. T. A. Hoffmann,5
Paul Laurence Dunbar,5
Jorge Amado,5
Chile,5
Jean Racine,5
Plautus,5
A Good Man Is Hard to Find,5
David Mamet,5
Henrik Ibsen,4
Rob Roy,4
Visual impairment,4
Journey to the West,4
Paul,4
Walker Percy,4
Oscar and Lucinda,4
Birds (disambiguation),4
Mourning Becomes Electra,4
Muriel Spark,4
Edwin Arlington Robinson,4
José Martí,4
Elegy Written in a Country Churchyard,4
Aristophanes,4
Samuel Beckett,4
Hedda Gabler,4
Glass family,4
Cat's Cradle,4
The Song of Roland,4
Life & Times of Michael K,4
Sherwood Anderson,4
Paradiso,4
The Charterhouse of Parma,4
The Library of Babel,4
Vladimir Nabokov,4
V. Bhashyam Aiyangar,4
Charles de Batz-Castelmore d'Artagnan,4
The Fall,4
John Updike,4
Snow,4
The Tempest,4
Mrs Dalloway,4
Herzog,4
James Thurber,4
Who's Afraid of Virginia Woolf?,4
Meno,4
Nathanael West,4
The Ambassadors,4
New Zealand,4
Satan,4
The Sandman Companion,4
Tom Jones,4
Adam Bede,4
W. Somerset Maugham,4
The Knights,4
Cannery Row,4
V,4
Slaughterhouse-Five,4
Arthur Koestler,4
Daniel Defoe,4
Katherine Anne Porter,4
Dulce et Decorum est,4
John Osborne,4
Arrowsmith,4
Claude McKay,4
An Essay on Man,4
Dante Alighieri,4
Ben Okri,4
El Cid,4
The Little Foxes,4
Halldór Laxness,4
The Murders in the Rue Morgue,4
William S. Burroughs,4
Light in August,4
"Rabbit, Run",4
Anna Christie,4
Heart of Darkness,4
Anthony Burgess,4
Juvenal,4
A Tale of Two Cities,4
The Castle,4
Hesiod,4
Norwegian Wood (This Bird Has Flown),4
Caliban,4
The Yellow Wallpaper,4
Okonkwo,4
H. G. Wells,4
Virgil,4
The Aleph (short story collection),4
Mansfield Park,4
Order of the Bath,4
The House of the Spirits,4
The Old Gringo,4
Terence,4
Jonathan Swift,4
Neil Simon,4
The Garden of Forking Paths,4
Portnoy's Complaint,4
Dom Casmurro,4
Song of Songs,4
Erskine Caldwell,4
To Autumn,4
The Sorrows of Young Werther,4
Phillis Wheatley,4
A Grain of Wheat,4
Wuthering Heights,4
Falstaff,4
Appointment in Samarra,4
Edmund Spenser,4
The Faerie Queene,4
Zorba the Greek,4
The Robbers,4
A Connecticut Yankee in King Arthur's Court,4
For Whom the Bell Tolls,4
Martial,4
Robert Herrick,4
Roberto Bolaño,4
Oedipus the King,4
Erewhon,4
Junot Díaz,4
Les Misérables,4
The Metamorphosis,4
Kate Chopin,4
An American Tragedy,4
Siegfried Sassoon,4
Sigrid Undset,4
Everything That Rises Must Converge,4
Tess of the d'Urbervilles,4
This Side of Paradise,4
The Clouds,4
Decline and Fall,4
Margaret Atwood,4
Egypt,4
Jhumpa Lahiri,4
Euripides,4
One Day in the Life of Ivan Denisovich,4
Goblin Market,4
Clarissa,4
Hell,4
France,4
A Bend in the River,4
Cormac McCarthy,4
Stephen Vincent Benét,4
Maya Angelou,4
Silas Marner,4
R. K. Narayan,4
Desire Under the Elms,4
The Man of Mode,4
Eudora Welty,4
The Lady with the Dog,4
Antigone,4
Ernest Hemingway,4
Rupert Brooke,4
Gerhart Hauptmann,4
Native Son,4
Ryunosuke Akutagawa,4
Switzerland,4
The Snows of Kilimanjaro,4
P. G. Wodehouse,4
Samuel Johnson,4
Candide,4
Wise Blood,4
Natsume Soseki ,4
Robert,4
The Rise of Silas Lapham,4
Lady Windermere's Fan,4
Smith,4
Akutagawa Ryunosuke ,4
Isaac Bashevis Singer,4
Fence (disambiguation),4
Philip Sidney,4
Miguel Angel Asturias,4
Thomas De Quincey,4
Ambrose Bierce,4
Richard Brinsley Sheridan,4
Oscar Wilde,4
Kubla Khan,4
Thomas Pynchon,4
Vanity Fair,4
Six Characters in Search of an Author,4
Our Man in Havana,4
Jerusalem Delivered,4
A Room with a View,4
Death and the King's Horseman,4
The Pickwick Papers,4
Hopscotch,4
The Canterbury Tales,4
Henryk Sienkiewicz,4
Beloved,4
Thousand Cranes,4
Breakfast at Tiffany's,4
Jack Kerouac,4
Václav Havel,4
The Vicar of Wakefield,4
Peter Carey,4
THOMAS,4
Du Fu,4
Pearl (disambiguation),4
World War I,4
The Palm-Wine Drinkard,4
The Road,3
To His Coy Mistress,3
Inferno (Dante),3
Independent People,3
Poetry,3
Myosotis,3
My Last Duchess,3
Nicholas Nickleby,3
Ode: Intimations of Immortality,3
The Bell Jar,3
Raymond Chandler,3
Pride and Prejudice,3
Juan Rulfo,3
Alazon,3
The Hairy Ape,3
Bus stop,3
The Tale of Genji,3
John Dryden,3
Meursault,3
Flower of Evil,3
Death Comes for the Archbishop,3
Hugo von Hofmannsthal,3
Colombia,3
The Piazza Tales,3
Robert Burns,3
James Fenimore Cooper,3
Adolf Hitler,3
Danton's Death,3
Javert,3
Woe from Wit,3
Three Sisters,3
Jane Austen,3
William,3
Blood Knot,3
Charles Lamb,3
Pavelka Farmstead,3
Rebecca,3
My Name Is Red,3
The Natural,3
Chicago,3
In the Penal Colony,3
Great Expectations,3
Greece,3
Robert Graves,3
The Misanthrope,3
The Day of the Locust,3
Daisy Miller,3
Algernon Charles Swinburne,3
"To Althea, from Prison",3
A Valediction: Forbidding Mourning,3
Rhinoceros,3
Night,3
Persian,3
Aeneid,3
Lazarillo de Tormes,3
The Raven,3
André Brink,3
Mending Wall,3
After the Fall,3
Os Lusíadas,3
Michael Chabon,3
The Bronze Horseman (poem),3
Long Day's Journey into Night,3
Sweden,3
"Nip the Buds, Shoot the Kids",3
Confessions of a Mask,3
Doctor Faustus (novel),3
The Tenant of Wildfell Hall,3
A Hunger Artist (collection),3
The Optimist's Daughter,3
Paul Valéry,3
The Leopard,3
Robert Penn Warren,3
The Autumn of the Patriarch,3
Joyce Carol Oates,3
'Tis Pity She's a Whore,3
Don Juan,3
The Clown,3
Songs of Innocence and of Experience,3
Amy Lowell,3
Adventures of a Young Man,3
The Lucy poems,3
The Spanish Tragedy,3
George Herbert,3
Paul Celan,3
White,3
The White Tiger,3
Philip Freneau,3
Macbeth,3
Kenya,3
George Washington Cable,3
A Personal Matter,3
The Man With the Blue Guitar,3
The Birth-Mark,3
Confessions (Augustine),3
Kafka on the Shore,3
Kalidasa,3
A Tale of a Tub,3
Portuguese,3
Go Down Moses,3
Geoffrey Chaucer,3
The Children's Hour,3
White Teeth,3
Imre Kertész,3
Man and Superman,3
Roland,3
Holy Sonnets,3
The Grapes of Wrath,3
"I, Claudius",3
Amis,3
Gottfried Keller,3
American Pastoral,3
The Rime of the Ancient Mariner,3
Roland Barthes,3
Mother Courage and Her Children,3
Jeffrey Eugenides,3
Carl Sandburg,3
The Temple of the Golden Pavilion,3
Uncle Tom's Cabin,3
One Flew Over the Cuckoo's Nest,3
Sula,3
The Time of the Hero,3
The Bostonians,3
London,3
The Sot-Weed Factor,3
The Zoo Story,3
Naked Lunch,3
José Donoso,3
Adonis,3
Lord of the Flies,3
William Inge,3
Delta Wedding,3
Thirteen Ways of Looking at a Blackbird,3
Matsuo Basho ,3
Ivan Bunin,3
The Autobiography of Benjamin Franklin,3
Charlotte Perkins Gilman,3
Adonaïs,3
Silence,3
The Book of Laughter and Forgetting,3
The Song of Hiawatha,3
Russian,3
David Malouf,3
Changeling (disambiguation),3
The House on Mango Street,3
Washington Square,3
Symposium,3
Thomson Financial,3
The Blessed Damozel,3
Four Quartets,3
Tamil,3
The Count of Monte Cristo,3
The Playboy of the Western World,3
Tom Wolfe,3
The Emperor Jones,3
Henry IV,3
The Portrait of a Lady,3
Beowulf,3
The Betrothed,3
Junichiro Tanizaki,3
Richard Lovelace,3
Henry Fielding,3
The Jungle,3
Adrienne Rich,3
Cairo Trilogy,3
Chambered nautilus,3
The Awakening (Chopin novel),3
A Sentimental Journey Through France and Italy,3
Confessions of an English Opium-Eater,3
Hikaru Genji,3
Catch-22,3
Machado de Assis,3
A Portrait of the Artist as a Young Man,3
Washington Irving,3
Anita Desai,3
William Makepeace Thackeray,3
Frank Norris,3
Elmer Rice,3
Breakfast of Champions,3
The Beaux' Stratagem,3
Kiss of the Spider Woman,3
O Pioneers!,3
Cymbeline,3
The Overcoat (1926 film),3
I Sing the Body Electric (poem),3
Jules Verne,3
Alexander Pope,3
Holden Caulfield,3
The Sound and the Fury,3
Look Back in Anger,3
"Gabriela, Clove and Cinnamon",3
Self-portrait in a Convex Mirror,3
Fahrenheit 451,3
The Makioka Sisters,3
The Rape of the Lock,3
The Stone Raft,3
Soul Mountain,3
"""Desiree's Baby""",3
The Way of All Flesh,3
Finnegans Wake,3
Willie Stark,3
Shahnameh,3
"Easter, 1916",3
Slave narrative,3
Norway,3
The Blind Assassin,3
Invisible Cities,3
McTeague,3
Arabic,3
Never Let Me Go,3
Louis-Ferdinand Céline,3
Arthur,3
The Wind-Up Bird Chronicle,3
Anne Bradstreet,3
Countee Cullen,3
Blithe Spirit,3
William H. Gass,3
Crito,3
A Death in the Family,3
Thornton Wilder,3
James Russell Lowell,3
Cat,3
Bleak House,3
Twelfth Night,3
Betrayed by Rita Hayworth,3
Ceremony,3
Lillian Hellman,3
Zadie Smith,3
Lines written a few miles above Tintern Abbey,3
Miguel de Unamuno,3
The Tenth Muse Lately Sprung Up in America,3
The Outcasts of Poker Flat (1952 film),3
As You Like It,3
Harriet Beecher Stowe,3
Primo Levi,3
The Death of Artemio Cruz,3
William Saroyan,3
Ironweed,3
Vanity Fair (novel),3
King Lear,3
North of Boston,3
Standard molar entropy,3
Nikos Kazantzakis,3
Mrs. Warren's Profession,3
Clarice Lispector,3
Jose,3
Pale Fire,3
Prospero,3
The Physicists,3
All Quiet on the Western Front,3
John Galsworthy,3
Dover Beach,3
Daphne du Maurier,3
Areopagitica,3
Against the Day,3
The Caucasian Chalk Circle,3
Odyssey,3
Martín Fierro,3
The Piano Lesson,3
Ngugi wa Thiong'o ,3
Richard Wright,3
Lawrence Ferlinghetti,3
Maurice Maeterlinck,3
Elizabeth Gaskell,3
The English Patient,3
Locksley Hall,3
The Woman in White,3
Spanish,3
The Corrections,2
John Webster,2
The Bridge on the Drina,2
Alice Adams,2
G. K. Chesterton,2
The Time of Your Life,2
Patriotic Gore,2
No One Writes to the Colonel,2
Alejo Carpentier,2
The Earthquake in Chile,2
Flatland,2
François Villon,2
The Village Blacksmith (film),2
Thomas Keneally,2
Stephen Dedalus,2
Ohio,2
Chester Himes,2
Gorgias,2
Henry David Thoreau,2
Wales,2
Piano,2
Scheherazade,2
The Dream Songs,2
The Golden Notebook,2
Ng?g? wa Thiong'o ,2
Ryunosuke Akutagawa ,2
Horatio,2
The Marble Faun,2
Parmenides,2
Tam o' Shanter,2
The Little Prince,2
Nana,2
Compson family,2
Karel Capek ,2
Counterpart,2
Shmuel Yosef Agnon,2
Kobo Abe ,2
Vathek,2
A White Heron,2
Good Country People,2
The Winter's Tale,2
Women in Love,2
José Rizal,2
Thalaba the Destroyer,2
A Suitable Boy,2
The Last Temptation of Christ,2
Cairo,2
Shame,2
Ligeia,2
Novalis,2
Derek,2
Ian McEwan,2
Sea bathing,2
W,2
"Tlön, Uqbar, Orbis Tertius",2
The Chant of Jimmie Blacksmith,2
Thelton Henderson,2
François Rabelais,2
The Man Without a Country,2
John Ford,2
Apologia Pro Vita Sua,2
Rosmersholm,2
John Fowles,2
Michael Frayn,2
Vampire,2
Ichabod - The Legend of Sleepy Hollow (Decca album),2
Fraktur,2
The Prince and the Pauper,2
Albrecht von Wallenstein,2
Ivan,2
Robert Southey,2
Statius,2
Joseph Knecht,2
Malvolio,2
Donald Barthelme,2
"Come Back, Little Sheba",2
Roald Dahl,2
Black Boy,2
The House of Fame,2
Life of Galileo,2
Oblomov,2
The Open Boat,2
Boris Pasternak,2
Bret Harte,2
Oku no Hosomichi,2
Helen of Troy,2
Laura,2
The Return of the Native,2
Tom Sawyer,2
John Ashbery,2
Caelia,2
In Search of Lost Time,2
Sydney Carton,2
Puck,2
Quo Vadis (novel),2
William Godwin,2
Northanger Abbey,2
Julia Kristeva,2
Boule de Suif,2
Dracula,2
Hebrew language,2
Paul Verlaine,2
The Night of the Iguana,2
Abel Sánchez: The History of a Passion,2
A Coney Island of the Mind,2
Babylon Revisited and Other Stories,2
Rodion Romanovich Raskolnikov,2
The Good Person of Szechwan,2
Oscar,2
Joe Orton,2
Vile Bodies,2
The Grandissimes: A Story of Creole Life,2
Go Tell It on the Mountain,2
John Gower,2
The Prelude,2
Epic of Gilgamesh,2
George Eliot,2
Doctor Faustus (play),2
Lawrence Durrell,2
Protagoras,2
The Sheltering Sky,2
Victor Frankenstein,2
George Willard,2
The Autobiography of Alice B. Toklas,2
Jean,2
Jonathan Franzen,2
Czech,2
The Sun Also Rises,2
Milo Minderbinder,2
No Longer at Ease,2
The Princess Casamassima,2
Madmen and Specialists,2
Waiting for Godot,2
Ry?nosuke Akutagawa ,2
Amerika,2
Charles,2
The Man Who Was Thursday,2
Henry Miller,2
The Death of Ivan Ilyich,2
Huckleberry Finn,2
Ornithoptera tithonus,2
Pastoralia (story),2
Kobo Abe,2
Kenzaburo Oe ,2
Confessions of Felix Krull,2
An Occurrence at Owl Creek Bridge (film),2
Arthur Conan Doyle,2
A Toccata of Galuppi's,2
Myst IV: Revelation,2
List of literary initials,2
The Sailor Who Fell from Grace with the Sea,2
The Autocrat of the Breakfast-Table,2
Benito Cereno (writer),2
Snow-Bound,2
Aethiopica,2
Portugal,2
The Skin of Our Teeth,2
The Immoralist,2
The Weavers,2
Miss Lonelyhearts,2
Elizabeth Costello,2
Coriolanus,2
José Maria de Eça de Queirós,2
Amos Oz,2
Guy Montag,2
The Merry Wives of Windsor,2
Barn Burning,2
The Cloven Viscount,2
The Idea of Order at Key West,2
Ars Poetica,2
Friar,2
The Master of Go,2
Ishmael,2
Paul Bäumer,2
The Bacchae,2
Edward II of England,2
Livy,2
Petersburg,2
All's Well That Ends Well,2
Czech language,2
Civil Disobedience (Thoreau),2
Demian,2
The War of the End of the World,2
The Brief Wondrous Life of Oscar Wao,2
The Tale of the Heike,2
El Señor Presidente,2
Iris Murdoch,2
Hungary,2
Mahmoud Darwish,2
Prince Myshkin,2
Samuel Butler,2
Gertrude Stein,2
Under the Volcano,2
David Balfour,2
Anthills of the Savannah,2
Guillaume Apollinaire,2
The Loneliness of the Long Distance Runner,2
The Gulag Archipelago,2
Simone de Beauvoir,2
Charles Marlow,2
Werther,2
Robert Sherwood,2
Jun'ichiro Tanizaki,2
Joseph Stalin,2
2666,2
Sunday Morning,2
Los Angeles,2
Bertha Mason,2
Jude the Obscure,2
The Forsyte Saga,2
I Am a Cat,2
Kim (novel),2
Le Bateau ivre,2
Gore Vidal,2
Astrophel and Stella,2
Gerontion (Homeland),2
La Vita Nuova,2
Kalevala,2
The Amazing Adventures of Kavalier & Clay,2
Anthony Trollope,2
Drama,2
Agnes Grey,2
A Passage to India,2
Henry Adams,2
Death,2
Charlemagne,2
Lord Jim,2
Odes (Horace),2
War and Peace,2
Jean Rhys,2
Moby-Dick,2
The Ballad of Peckham Rye,2
Baudolino,2
The French Lieutenant's Woman,2
The Baron in the Trees,2
Growth of the Soil,2
Titus Andronicus,2
Sailing to Byzantium,2
The Scholar Gipsy,2
The Collected Stories of Katherine Anne Porter,2
Brontë family,2
Jean Valjean,2
Marquis de Sade,2
Giacomo Leopardi,2
If,2
Nick Adams,2
Benya Krik,2
The Consolation of Philosophy,2
Margaret,2
Republic (disambiguation),2
The Plot Against America,2
Emma Lazarus,2
The Devil's Dictionary,2
On First Looking into Chapman's Homer,2
"Look Homeward, Angel",2
La Belle Dame sans Merci,2
Temple,2
Equus,2
Out of the Cradle Endlessly Rocking,2
The Unvanquished,2
The Adding Machine,2
The Way of the World,2
Catherine Earnshaw,2
The Inspector General,2
Sappho,2
List of Emily Dickinson poems,2
Czech Republic,2
The Mill on the Floss,2
Alexandre Dumas,2
Science and Health with Key to the Scriptures,2
Funes the Memorious,2
Tao Te Ching,2
Azul Brazilian Airlines,2
Juana Inés de la Cruz,2
Manhattan Transfer,2
Ford Madox Ford,2
A. S. Byatt,2
A Midsummer Night's Dream,2
The Sound of the Mountain,2
Old English,2
Agamemnon,2
Society for Electro-Acoustic Music in the United States,2
Canada,2
Nikos Kazantakis,2
Brown,2
The Maids,2
Griselda (folklore),2
Susan Sontag,2
Rashomon,2
A. P. J. Abdul Kalam,2
Dubliners,2
The Ballad of Reading Gaol,2
The White Man's Burden,2
The Crucible,2
Lapis lazuli,2
Mary Stuart,2
Grendel,2
"Pamela; or, Virtue Rewarded",2
Phaedo,2
The Celebrated Jumping Frog of Calaveras County,2
The Man That Corrupted Hadleyburg,2
Rafael Trujillo,2
Betrayal,2
Sir Kay,2
Seascape,2
Steppenwolf (novel),2
Sonnet,2
Sidney Lanier,2
A Rebours ,2
Dona Flor and Her Two Husbands,2
Gravity's Rainbow,2
Crome Yellow,2
Sheridan Le Fanu,2
Mystery play,2
Fixer,2
Museum of Fine Arts,2
The Human Comedy,2
Barabás,2
David Lodge,2
Purple,2
A Worn Path,2
Oklahoma!,2
Ophelia,2
The Pardoner's Tale,2
Louisa May Alcott,2
"The History of Tom Jones, a Foundling",2
Christopher Okigbo,2
Sentimental Education,2
Mark Antony,2
Petals of Blood,2
Woyzeck,2
Stéphane Mallarmé,2
Cloud atlas (disambiguation),2
The Pilgrim's Progress,2
The Life You Save May Be Your Own,2
Laurence Sterne,2
Heathcliff,2
Kristin Lavransdatter,2
The Silent Cry,2
Looking Backward,2
Joseph Heller,2
United States,2
Leigh Hunt,2
To a Waterfowl,2
Dodsworth,2
Orestes,2
Belgium,2
A Handful of Dust,2
Hunger,2
Manderley,2
Matsuo Basho,2
Giles Goat-Boy,2
Isaac Babel,2
"Breath, Eyes, Memory",2
Ode to the Confederate Dead,2
A New Way to Pay Old Debts,2
Kim,2
Il Canzoniere,2
Samson Agonistes,2
Joe Turner's Come and Gone,2
JB,2
Shipwreck,2
Blanche DuBois,2
The Peony Pavilion,2
Sredni Vashtar,2
Pharsalia,2
Rossetti,2
New York City,2
Winter Dreams,2
Afrikaans,2
Vietnam War,2
Abraham Lincoln,2
The Deptford Trilogy,2
A Very Old Man with Enormous Wings,2
"God Bless You, Mr. Rosewater",2
Mahabharata,2
Harold Bloom,2
Some Prefer Nettles,2
California,2
A Simple Heart,2
Skunk Hour,2
Ken Kesey,2
Buried Child,2
The Rivals,2
Gotthold Ephraim Lessing,2
Plutarch,2
The White Devil,2
Italian language,2
Man's Fate,2
The Confessions of Nat Turner,2
Sagas of Icelanders,2
Orecta lycidas,2
Howl (disambiguation),2
Aleksandr Solzhenitsyn,2
Seize the Day,2
The Rose Tattoo,2
Pamela,2
Good-Bye to All That,2
Germany,2
Thomas Shadwell,2
The Two Gentlemen of Verona,2
Bessie Head,2
Jean-Jacques Rousseau,2
Quo vadis?,2
Lope de Vega,2
Up from Slavery,2
Lu Xun,2
Journey to the Center of the Earth,2
Platero,2
Massachusetts,2
Oliver Cromwell,2
Philip K. Dick,2
Picnic,2
The Purloined Letter,2
"""Ruins of a Great House""",2
Simon,2
Frank O'Hara,2
Augie March,2
Giovanni Boccaccio,2
A Delicate Balance,2
Prophet (disambiguation),2
Zora Neale Hurston,2
The Knight's Tale,2
Robertson Davies,2
Hans Christian Andersen,2
The Power and the Glory,2
Giovanni Verga,2
Omeros,2
Leaves of Grass,2
The Real Thing,2
Elegy,2
Lemuel Gulliver,2
The Devil and Daniel Webster (film),2
Jim,2
Lara,2
Libra,2
Angle of repose,2
Hugh Selwyn Mauberley,2
The Call of the Wild,2
Charlotte Brontë,2
Giovanni's Room,2
The Dwarf,2
Quentin Compson,2
Who Mourns for Adonais?,2
Childe Roland to the Dark Tower Came,2
Yiddish,2
Composer,2
Haiku,2
A Hero of Our Time,2
List of biographies of Muhammad,2
Heartbreak House,2
Cosette,2
The Revenger's Tragedy,2
Cleopatra,2
Greek,2
Doctor,2
Book of Daniel,2
Arrow of God,2
The Gold-Bug,2
An Ideal Husband,2
Germinal,2
Georg Büchner,2
"Augusta, Lady Gregory",2
Novel,2
The Bridge,2
Jerzy Kosinski,2
Oulipo,2
1980 Ash Wednesday bushfires,2
Mrs Dalloway (film),2
A Raisin in the Sun,2
Purgatorio,2
Anne Brontë,2
Orisha (disambiguation),2
Martin Amis,2
Wide Sargasso Sea,2
Buddenbrooks,2
The Three Musketeers,2
Serbian,2
Evangeline,2
The Waves,2
The Anxiety of Influence,2
A Prayer for Owen Meany,2
The Scarlet Letter,2
William Styron,2
James Weldon Johnson,2
The Time Machine,2
A Commentary on the General Prologue to The Canterbury Tales,2
William Gilmore Simms,2
Molloy,2
Gooseberry,2
Stella Kowalski,2
The Lost Honour of Katharina Blum,2
Of Love and Other Demons,2
Bicycle Thieves,2
Mariano Azuela,2
Aeneas,2
Francisco de Quevedo,2
Yevgeny Zamyatin,2
Macau Resident Identity Card,2
Orientalism,2
Jester,2
The Ring and the Book,2
Karl Popper,2
Toni Morrison,2
Mordecai Richler,2
Death and the Maiden,2
Auto-da-fé,2
"""The Cloud Messenger"" ",2
Timon of Athens,2
"Eden Cemetery (Collingdale, Pennsylvania)",2
Brian O'Nolan,2
Shakespeare's sonnets,2
Dwarf,2
Childe Harold's Pilgrimage,2
Seneca the Younger,2
Major Barbara,2
The Secret Agent,2
Valmiki,2
Doctor Faustus,2
Imogen,2
J. R. R. Tolkien,2
A Hazard of New Fortunes,2
The Golden Ass,2
Bernice Bobs Her Hair,2
The Tell-Tale Heart,2
Aladdin,2
Joseph Andrews,2
The Rocking-Horse Winner,2
Midaq Alley,2
Preface to the Lyrical Ballads,2
Maggie,2
The Crime of Sylvestre Bonnard,2
Gross Indecency: The Three Trials of Oscar Wilde,2
Dr. Watson,2
The Posthumous Memoirs of Bras Cubas,2
Blood Wedding,2
Nectar in a Sieve,2
Narcissus (plant),2
Main Street,2
Joachim du Bellay,2
The Changing Light at Sandover,2
Politics and the English Language,2
Sarah Orne Jewett,2
Winterset,2
The Alexandria Quartet,2
The Adventures of Augie March,2
Bel Ami,2
Siddhartha,2
Jennie Gerhardt,2
Empire Falls,2
Of Mice and Men,2
George Etherege,2
Jerome K. Jerome,2
Edmond Dantès,2
Alice Walker,2
The Four Million,2
Ragtime,2
The Quiet American,2
Julio,2
Thomas Carlyle,2
Alessandro Manzoni,2
Lucky Jim,2
Friday,2
Oe Kenzaburo,2
Metamorphoses,2
Kaddish,2
Peer Gynt,2
Jamaica,2
England,2
Polish,2
Rumi,2
Trilby,2
Notes from the Underground,2
Khalil Gibran,2
Scoop,2
Gilgamesh,2
Boule de suif (film),2
Prostitution,2
The Golden Bough,2
Daddy longlegs,2
Burger's Daughter,2
Robinson Jeffers,2
The Cantos,2
Frost at Midnight,2
Yossarian,2
The Minister's Black Veil,2
Epic of King Gesar,2
Endgame,2
The Old Curiosity Shop,2
The Hollow Men (comedy troupe),2
Tartarus,1
Brahma Sutras,1
Queen of spades,1
Colley Cibber,1
Grand Theft Auto: Vice City,1
Federico García,1
Tradition and the Individual Talent,1
Michel Houellebecq,1
Soliloquy of the Spanish Cloister,1
Thyrsis,1
Stanley Cavell,1
John Crowe Ransom,1
Plato,1
Host,1
Season of Migration to the North,1
Daisy Buchanan,1
Chinese Americans,1
Marius the Epicurean,1
John Cross (artist),1
Zhu Bajie,1
George Chapman,1
Josef K,1
Satanic Verses,1
The Stone Diaries,1
Ubu Roi,1
Becky Sharp,1
Fasti,1
List of rivers of Colorado,1
Philippine-American War ,1
Henrik Pontoppidan,1
Gem of the Ocean,1
Oration on the Dignity of Man,1
Collins,1
Charade,1
Robert Bridges,1
Dominicae Cenae,1
The Gift of the Magi,1
Pilgrim at Tinker Creek,1
Thomas Dekker,1
Vladimir Propp,1
The Song of the Lark,1
In Search of Our Mothers' Gardens,1
Pump organ,1
Margarita,1
"One poet from this country described scratching figures on rocks in ""The Individual's Soliloquy"", one of his Poems and Antipoems. Another poet from this country noted that it would be ""delicious"" to ""kill a nun with a blow to the head"" and mused ""it so happens that I am tired of being a man"" in a 1935 poem. Nicanor Parra and the author of ""Walking Around"" are from this country, which is also home to a poet who included ""Decalogue of an Artist"" in ",1
Jean Anouilh,1
EDGAR,1
The School for Husbands,1
Peter Quince at the Clavier,1
The Seven Storey Mountain,1
The Diary of a Young Girl,1
Charles Brockden Brown,1
Great American Novel,1
William Downs,1
Bullfighting,1
Franco-Prussian War,1
Hilaire Belloc,1
Fabian Society,1
Steven Millhauser,1
The Oversoul Seven Trilogy,1
The Manciple's Tale,1
Arrowsmith (novel),1
The Garden Party (short story collection),1
Oliver Twist,1
Myra Breckinridge,1
The Rainbow,1
1779 in poetry,1
Intercourse,1
The Big Money,1
Hudibras,1
Works and Days,1
Miss Marple,1
Everyman,1
A Tragedian in Spite of Himself,1
Hinton Rowan Helper,1
The Mysterious Stranger,1
Jeanette Winterson,1
The Well of Loneliness,1
Neorealism,1
Atkins v. Virginia,1
Enoch Soames,1
Peafowl,1
Rocinante,1
The Lost Steps,1
Christianity,1
Waverley,1
Lotte in Weimar: The Beloved Returns,1
Adventures of Huckleberry Finn,1
"Suddenly, Last Summer",1
The Violent Bear It Away,1
William Bradford,1
For Colored Girls Who Have Considered Suicide / When the Rainbow Is Enuf,1
La Gioconda,1
Just-world hypothesis,1
Troilus and Cressida,1
"BOA Editions, Ltd.",1
Molly Bloom,1
Pied Beauty,1
A. B. Yehoshua,1
Ring Lardner,1
Rod Steiger on screen and stage,1
Ralph,1
Marat/Sade,1
Pierre de Marivaux,1
Lilith,1
Yellow (disambiguation),1
Cú Chulainn,1
Jesus,1
"John ""Jemmy Legs"" Claggart ",1
Adams Memorial,1
List of Israeli films of the 1980s,1
The Wall,1
St. Teresa of Avila,1
Lily Bristow,1
Tiresias,1
"Good Morning, Midnight",1
Miranda,1
Bestiary,1
Crossing the Bar,1
The Miller's Tale,1
John Banville,1
Iulia Constantia Zilil,1
Griselda,1
Jean Santeuil,1
Alan Sillitoe,1
Don Carlos,1
Chimney sweep,1
"Jimmy Corrigan, the Smartest Kid on Earth",1
Blue,1
Pudd'nhead Wilson,1
Baltasar and Blimunda,1
1923 Pulitzer Prize,1
Ptolemy,1
Stephen Decatur,1
Henry,1
"Notes on ""Camp""",1
Fine-structure constant,1
The Summoner's Tale,1
The Education of Henry Adams,1
Ernest J. Gaines,1
Ludwig,1
AMBER,1
Call It Sleep,1
The Mandrake,1
Kakfa on the Shore,1
The Lady of Blossholme,1
The Secret Life of Walter Mitty (1947 film),1
Mercy,1
Rival Poet,1
Charles Kingsley,1
Odysseus,1
She Walks in Beauty,1
"Liederkreis, Op. 39 (Schumann)",1
Plutus,1
2 + 2 = 5,1
Henry L. Stimson,1
Pictures from an Institution,1
The Life and Death of King Richard II (1960 film),1
Dutchman,1
Arundhati Roy,1
Mouse,1
Epic of Sundiata,1
Allegory of the Cave,1
Timaeus,1
"Ward No. 6, Kolkata Municipal Corporation",1
Nervous Conditions,1
Jacobite rising of 1745,1
Eumenides,1
Muse,1
Pallas (Titan),1
The Morrígan,1
Boris (band),1
Cancer Ward,1
Ahab,1
Astrid Lindgren,1
At Swim-Two-Birds,1
Swimmer (disambiguation),1
The Mother,1
Children of Paradise,1
Rocket Ship Galileo,1
Inherit the Wind,1
West Side Story,1
Hamlet and His Problems,1
May Day,1
S. Fowler Wright,1
John Shade,1
Philip Marsden,1
How the García Girls Lost Their Accents,1
A Virtuoso's Collection,1
Harriet Ann Jacobs,1
Bliss,1
Akutagawa Ryunosuke,1
Laurence Olivier Award for Best Performance in a Supporting Role,1
Contrast,1
Le Corbusier,1
Ancient Greek comedy,1
A High-Toned Old Christian Woman,1
N. Scott Momaday,1
The Killers,1
Q,1
Abel Magwitch,1
John Dewey,1
Coal mining,1
Négritude,1
Battle of Dien Bien Phu,1
The Interpretation of Dreams,1
Aran Islands,1
Lancelot,1
Yevgeny,1
Benito Pérez Galdós,1
Reasons and Persons,1
Anne Frank,1
Franny and Zooey,1
"Salem, Massachusetts",1
Aviator (disambiguation),1
Evelina,1
Elmer Gantry,1
Maori people ,1
Wittgenstein on Rules and Private Language,1
Formalism,1
The Human Stain,1
The Good Soldier,1
The Waking,1
On Murder Considered as one of the Fine Arts,1
Myrmidons,1
Saint Petersburg,1
Jim Burden ,1
List of Republic of the Congo films,1
The Agony and Sweat of the Human Spirit,1
Elizabeth Barrett Browning,1
Lorenzo Valla,1
Benito Cereno,1
Philip Melanchthon,1
Julian Barnes,1
The Dying Animal,1
Awake and Sing!,1
The Recognitions,1
Oceanus,1
Book of Job,1
Inauguration of a Torah scroll,1
Ut pictura poesis,1
Tristan Tzara,1
"""Snow-bound: A Winter Idyll""",1
Talcott,1
Nicaraguan literature,1
The Dead,1
Pearl Poet,1
Pantagruel,1
True West,1
Lisbon,1
Goldberg Variations,1
Copenhagen,1
The Oxbow,1
Dona Flor dos Guimares,1
The Atlantic,1
Gulf War,1
Russian language,1
The Hedgehog and the Fox,1
Maccabees,1
Moll Pitcher,1
Wendy Wasserstein,1
1650 in Ireland,1
The Italian,1
The Kreutzer Sonata (1987 film),1
Nikolai Leskov,1
Michelle Cliff,1
Ya?ar Kemal ,1
"The Water-Babies, A Fairy Tale for a Land Baby",1
Ding Ling,1
Book of Ezra,1
Winterreise,1
Beatrice Portinari,1
The Wings of the Dove,1
Pensées,1
Friedrich,1
Heracles,1
Swimming,1
World Heritage Site,1
Willy Loman,1
Melmoth the Wanderer,1
The Color Purple,1
Bokononism,1
The Great Train Robbery,1
Anderson,1
Ludwig Roselius,1
Susan Glaspell,1
John,1
"Arden, Warwickshire",1
Peter Shaffer,1
Arden of Faversham,1
Jensen,1
The Dog Beneath the Skin,1
Black Spot (Treasure Island),1
Sonnet sequence,1
William Hazlitt,1
A Dance to the Music of Time,1
Wolf Hall,1
Suetonius,1
Pro Caelio,1
M. Butterfly,1
Penguin Island,1
Tree,1
Wozzeck,1
Soldier,1
Profumo affair,1
Master Harold and the Boys,1
Anna Bolena,1
List of Ulysses characters,1
Wang Wei,1
Thomas Henry Huxley,1
Joseph Campbell,1
After Many a Summer,1
Jordanes,1
Bruno Ganz,1
Philomela,1
The Beaver Coat,1
Pot of Gold,1
René Girard,1
The Good Soldier Svejk ,1
Brynhildr,1
Koenraad Elst,1
spin-orbit coupling ,1
List of Ferrarese consorts,1
Gunga Din,1
Desdemona,1
Max Beerbohm,1
Wyndham Lewis,1
Ad-Dawr,1
Alyosha the Pot,1
Life a User's Manual,1
Giambattista Vico,1
Ireland,1
Classical Chinese,1
City Lights,1
The Moon and Sixpence,1
A Supermarket in California,1
Octopus,1
Sandman,1
A Man for All Seasons,1
E. L. Doctorow,1
Lupe Fiasco,1
The Girls of Slender Means,1
The Final Problem,1
"""Meghaduta"" ",1
Swamplandia!,1
List of honours of the British Royal Family by country,1
Judas Iscariot,1
A Report to an Academy,1
Our Mutual Friend,1
Nikolay Vasilyevich Fyodorov,1
Tillius Cimber,1
Cytokinesis,1
Isma'ilism,1
August: Osage County (film),1
Mike Fink,1
La Cucaracha (comic strip),1
Flannery,1
The Blacks (play),1
Athens,1
Modernismo,1
Moloch,1
Eugénie Grandet,1
Seven Gothic Tales,1
Athena,1
The Homecoming,1
V.,1
Jean Toomer,1
Homo,1
The Wreck of the Deutschland,1
Amelia,1
Ivanov,1
Stanley Kubrick,1
Ising model,1
Negative capability,1
The Sorcerer's Apprentice,1
Extremely Loud and Incredibly Close,1
L. G. O. Woodhouse,1
Lost in Translation,1
The Family of Pascual Duarte,1
Imagism,1
The End of the Affair,1
The Deerslayer,1
Sonnet 18,1
NE postcode area,1
Lulu,1
Marie de France,1
Rachid Boudjedra,1
Sunday in the Park with George,1
Charles Bukowski,1
Joan of Arc,1
Cunégonde,1
René,1
Hickey,1
Heinrich,1
Fear and Loathing in Las Vegas,1
Roman Elegies,1
Lemuel Gulliver {accept either underlined portion],1
The Hunting of the Snark (musical),1
Cavalier poet,1
Thomas Eagleton,1
Nibelungenlied,1
Southern United States,1
Blood on the Forge,1
Martin Chuzzlewit,1
Christopher Fry,1
Ivo Andric,1
Philip,1
Empedocles,1
Fluorescence,1
This Be The Verse,1
James,1
Kikuyu language,1
United States Academic Decathlon topics,1
Ulysses (novel),1
Kojiki,1
Heart,1
Guido Cavalcanti,1
Barry Lyndon,1
The Beast in the Jungle,1
Iphigenia in Tauris,1
Urea cycle,1
Surrealism,1
Jack the Ripper,1
Ignatius of Antioch,1
The Scriptwriter,1
Don José,1
Walden Two,1
The Mower's Song,1
Dr. Heidegger's Experiment,1
Moll Flanders,1
Hesperides (poetry),1
GABRIELA Women's Party,1
The Bride Comes to Yellow Sky,1
Absalom and Achitophel,1
The Ransom of Red Chief,1
The Comedy of Errors,1
Leo,1
Brobdingnag,1
Maxine Hong Kingston,1
Annie Leibovitz,1
On Heroes and Tombs,1
American Gods,1
Memoirs of Hadrian,1
Julian Jaynes,1
Diffraction,1
Punjabi,1
Too Late the Phalarope,1
Hero and Leander,1
The World as Will and Representation,1
In Praise of Limestone,1
Walter Pater,1
C. Wright Mills,1
Cottingley Fairies,1
Lady Windermere's Fan (mathematics),1
Nightwood,1
Mary Rowlandson,1
Austria,1
Shaka,1
Robert E. Sherwood,1
An Apology for Poetry,1
Queequeg,1
Little Gidding,1
Murder on the Orient Express,1
Thomas More,1
Strange Fruit,1
A. J. Ayer,1
Terra Nostra,1
Grotesque,1
An Occurrence at Owl Creek Bridge,1
Chitra Banerjee Divakaruni,1
Strange Interlude,1
Franklin College,1
The Invention of Morel,1
The Dog in the Manger,1
The Day of Doom,1
Effi Briest,1
Roxane,1
Beowulf: The Monsters and the Critics,1
Saracen,1
Mumbo Jumbo,1
Dada,1
Step Brothers,1
John Ruskin,1
Nevsky Prospect,1
Sleeping Beauty (disambiguation),1
The Gods Are Athirst,1
Generation of '27,1
Shadow,1
Golden,1
Princess Patricia's Canadian Light Infantry,1
Henry Sidgwick,1
Alice Liddell,1
Carlo Emilio Gadda,1
The Weary Blues,1
Junichiro Tanizaki ,1
New Historicism,1
Sister Carrie,1
17th century in literature,1
The Enchantress of Florence,1
Hector,1
Alone I Break,1
Sif,1
Persian language,1
Ashanti,1
Edward Jenner,1
Bloomsday,1
Aurora Leigh,1
The Celestial Omnibus,1
The Courtship of Miles Standish,1
An Essay on Criticism,1
The Nigger of the 'Narcissus',1
Sizwe Banzi Is Dead,1
Supermarket,1
Delmore Schwartz,1
Parmenides {SK/MA},1
Casey at the Bat,1
Marianne Dashwood,1
For the Union Dead,1
The Daring Young Man on the Flying Trapeze,1
Héroïde funèbre (Liszt),1
"Lohengrin, opera, Wagner-Werke-Verzeichnis 75 ",1
Felicia Hemans,1
Pan Tadeusz,1
John Penrose Angold,1
J. L. Austin,1
Greed (film),1
Porphyry,1
The March,1
List of Emmerdale characters,1
Witchcraft,1
Roger Chillingworth,1
The Wreck of the Hesperus,1
Wis?awa Szymborska,1
Dystheism,1
The Unfortunate Traveller,1
Julius Caesar (play),1
Homeric Hymns,1
Reuben,1
Hans Bellmer,1
Hubert Duggan,1
Wakefield Mystery Plays,1
Gérard de Nerval,1
A Dream Play,1
Camille Paglia,1
Outlaws,1
Aborigine,1
Republic,1
Theodore Dreiser,1
Louisiana,1
The Praise of Folly,1
Ode to Joy,1
Sanctuary (Faulkner novel),1
Painting,1
Poor Folk,1
Madame Defarge,1
More Stately Mansions,1
Slouching Towards Bethlehem,1
Figaro,1
Sun Ra,1
Miss Havisham,1
Rudin,1
The New York Trilogy,1
The Albatross,1
Miguel Angel Asturias Rosales,1
Pinkerton (detective agency),1
Cyclic adenosine monophosphate,1
Jean Genet,1
The Lorelei Signal,1
Orlando: A Biography,1
Rusalka,1
Pelléas and Mélisande,1
The Knight of the Burning Pestle,1
War of the Pacific,1
The Bartered Bride,1
Clarel,1
Priesthood (Catholic Church),1
Green Knight,1
Earl Warren,1
Heinrich Mann,1
Mycroft Holmes,1
The Breasts of Tiresias,1
The Pit (Norris novel),1
Alexander Iseyavich Solzhenitsyn,1
Down at the Dinghy,1
Josef ?vejk ,1
Paradise Lost,1
Anna Karenina (2012 film),1
The Country of the Blind,1
Red,1
Father (disambiguation),1
Theatre,1
3 (number),1
Federico,1
Philip Glass Buys a Loaf of Bread,1
"Statue of John Henry Newman, London",1
George Lamming,1
Edward Franklin Albee,1
Kamala Markandaya,1
James Merrill,1
GSKB Almaz-Antey,1
Wit,1
The Barber of Seville,1
Duel,1
Apology,1
The Eve of St. Agnes,1
Basque,1
Music education,1
Isaac Asimov,1
Agatha Christie,1
Denis Johnson,1
Robert Frost: A Lover's Quarrel with the World,1
Book of Genesis,1
Joao Guimaraes Rosa,1
Shout Out Out Out Out,1
"Cecil Calvert, 2nd Baron Baltimore",1
Sartor Resartus,1
Roughing It,1
Giorgio de Chirico,1
Access to the Region's Core,1
Thomas Paine,1
Chaco War,1
Magic Theatre,1
Ariel,1
DOC,1
Max Frisch,1
"""For Esmé?With Love and Squalor""",1
The Prince,1
Atonement,1
Color blindness,1
The Magus,1
Dissociation of sensibility,1
Toad,1
Giselle,1
No Country for Old Men,1
Tiger,1
Lyrical Ballads,1
Confessio Amantis,1
Studs Lonigan,1
Bede,1
Poetics,1
Bee,1
Cassius Dio,1
The Magic Flute,1
Sophie's Choice,1
Mary Shelley,1
Annie John,1
Out of Africa,1
Lord Buckley,1
Lebanon,1
Tintern Abbey,1
Another Time,1
Tonio Kröger,1
Paterson,1
Children's Corner,1
Confessing Church,1
A Fable for Critics,1
Malapropism,1
Milton: A Poem in Two Books,1
Dutch,1
Art Spiegelman,1
Limbo (Brathwaite poem),1
Prometheus,1
Thucydides,1
Memories of My Melancholy Whores,1
Tortilla Flat,1
Büyük Ada,1
The Sea-Wolf,1
The Open Window (Matisse),1
Torquato Tasso,1
Dinosaur,1
Wilhelm Meister's Apprenticeship,1
True History of the Kelly Gang,1
Chicago Review,1
Storytelling,1
Metastasis,1
The Prisoner of Zenda,1
Aldous,1
Jenufa,1
Against the Grain,1
The Kindly Ones,1
The Handsomest Drowned Man in the World,1
Menander,1
"Aradia, or the Gospel of the Witches",1
Sheep,1
Mississippi,1
Giles Mompesson,1
Author,1
Alhambra,1
John Dillinger,1
Estella (Great Expectations),1
Thebaid,1
Animal Farm,1
Journey to the End of the Night,1
â??The Ocean Full of Bowling Ballsâ? ,1
House of Leaves,1
Ruslan and Ludmila,1
Samuel von Pufendorf,1
Schindler's Ark,1
Auschwitz concentration camp,1
Homage to Catalonia,1
Guatemala,1
Empire,1
Veil,1
Grace,1
Carbene,1
Modern Love,1
Manas,1
Partition of India,1
Black Lamb and Grey Falcon,1
Heptaméron,1
Sonnets to Orpheus,1
Infant,1
Dictionary of the Khazars,1
Khalil,1
Norma,1
1647 in poetry,1
Death and the Compass,1
Reinaldo Arenas,1
Three Men in a Boat,1
The Things They Carried,1
Peru,1
Margaret Sayers Peden,1
The Visit,1
Triumph of the Will,1
Malaria,1
Elias Canetti,1
Gypsy Ballads,1
The School for Wives,1
De Profundis,1
Job,1
Yevegeniy Aleksandrovich Yevtushenko,1
Joseph Roth,1
Kill Bill,1
Manchester,1
Harmandir Sahib,1
Tragedy,1
Spanish Civil War,1
Georg Wilhelm Friedrich Hegel,1
Rodion Romanovich Raskolnikov's murder of the pawnbroker Alyona Ivanovna and and her sister Lizaveta Ivanova in Crime and Punishment ,1
Philip Glass,1
Ryszard Kapuscinski,1
Casement Report,1
Luigi,1
Margaret Sanger,1
Bamboo,1
Herbert Spencer,1
Rufus Sewell,1
François Duvalier,1
South Africa,1
Money,1
The Wild Swans at Coole,1
Senegal,1
Written Chinese,1
The Short Happy Life of Francis Macomber,1
Eric,1
Sergey Lvovich Levitsky,1
Romeo and Juliet,1
Simón Bolívar,1
Black,1
Claes Oldenburg,1
The Wapshot Chronicle,1
The Vagina Monologues,1
Harry Houdini,1
Silent Spring,1
Transgender,1
Count Paris,1
"""I Heard a Fly Buzz When I Died"" ",1
Mulholland Drive,1
The Whitsun Weddings,1
Uncle Tom,1
Quincas Borba,1
A Good Man Is Hard to Find (short story),1
Nadine,1
Indigenous peoples of the Americas,1
The Great God Brown,1
Hilbert's third problem,1
Allen Tate,1
God Only Knows,1
The Obscene Bird of Night,1
Facundo,1
Guillermo Cabrera Infante,1
The Nose Job,1
La Peau de chagrin,1
Duke of Bilgewater and Dauphin of France ,1
Teresa,1
Robert Arbuthnot (auditor),1
Parnassianism,1
François Truffaut,1
The Art of War,1
Thedor Wesengrund Adorno,1
The Egoist (periodical),1
Solemn Declaration of 1893,1
Lethe,1
Cherry,1
Tirso de Molina,1
The Way We Live Now,1
Inert pair effect,1
Chrétien de Troyes,1
Nausea (novel),1
Tar-Baby,1
Wayne Shorter,1
The Strong Breed,1
Aubade,1
mentally disabled male children in the works of Kenzaburo Oe ,1
Crabwalk,1
Jean Arp,1
Parrot,1
Lake Isle of Innisfree,1
Micromégas,1
Preacher,1
Slavery,1
Two-hybrid screening,1
St. Francis College,1
My Antonia,1
United Nations Security Council Resolution 158,1
Jared Diamond,1
Bunraku,1
Spanish language,1
Republic (Plato),1
Leaf Storm,1
Antarctica,1
"Blue Mosque, Tabriz",1
Young Goodman Brown,1
Polonius,1
Sozaboy: A Novel in Rotten English,1
The Scarlet Pimpernel,1
En passant,1
Orisha,1
Wolfe,1
Horse,1
A Pair of Blue Eyes,1
Windmill,1
We,1
William Ewart Gladstone,1
PC,1
The Destruction of Sennacherib,1
Pierre Beaumarchais,1
Diary,1
New Grub Street,1
Magician,1
Earthquake,1
Yvor Winters,1
H,1
Parade's End,1
Joan Didion,1
Un re in ascolto,1
The Sign in Sidney Brustein's Window,1
Human Rights Watch,1
Children of The Night,1
C. S. Lewis,1
Edmund Wilson,1
Alex Haley,1
"Where Are You Going, Where Have You Been?",1
Djoser,1
David Garrick,1
French post-structuralist feminism,1
Dogs Playing Poker,1
Tess (film),1
Idiot's Delight,1
Thaw,1
Johnson,1
Elam,1
Life Studies,1
If This Is a Man,1
Berlin,1
"Ah, Wilderness!",1
Ages of Man,1
Babi Yar,1
Gareth,1
Hadji Murad,1
Notebook (disambiguation),1
A Supposedly Fun Thing I'll Never Do Again,1
Tess of the d'Urbervilles: A Pure Woman Faithfully Represented ,1
Bertholdt Brecht,1
William Arthur Evelyn,1
Colorless Tsukuru Tazaki and His Years of Pilgrimage,1
John Howard Griffin,1
Sisters (disambiguation),1
The Children of the Night,1
Maggie: A Girl of the Streets,1
Lady Macbeth of the Mtsensk District,1
Thomas Nashe,1
A Heartbreaking Work of Staggering Genius,1
Juni'chiro Tanizaki,1
The Bone People,1
Joseph Brodsky,1
Moraine,1
Love's Labour's Lost,1
Eudora,1
Pearl,1
Mark Helprin,1
The Hamlet,1
Alcott,1
The Narrative of Arthur Gordon Pym of Nantucket,1
9 (number),1
Bad faith,1
Vautrin,1
Sequel to Drum-Taps,1
Billy Bathgate,1
Ali Baba,1
Curzio Malaparte,1
Hetty Sorrel,1
Ralph Ellison,1
Of Cannibals,1
Alex (A Clockwork Orange),1
Nastasya Filipovna,1
Troilus,1
Pilot,1
Michael,1
Venice,1
The Thief and the Dogs,1
Spring and Autumn Annals,1
Bjornstjerne Bjornson,1
The Autobiography of an Ex-Colored Man,1
Old Spice,1
Book of Songs,1
Chloridia,1
Ennius,1
Arthur Schnitzler,1
Kaurava,1
History of coal miners,1
Popol Vuh,1
Edna Ferber,1
Vowel,1
Tommy Armour,1
Louis MacNeice,1
Zazie in the Metro,1
Nikolay Gumilyov,1
Ramayana,1
Heartbreak Tango,1
Frank Wedekind,1
Qfwfq,1
The Red Badge of Courage,1
Dream,1
Pasiphaë,1
Mercutio,1
Poaceae,1
Aureng-zebe,1
The Gentleman from San Francisco,1
Ramona,1
Australian Children's Television Foundation,1
My Ántonia,1
Suitors of Penelope,1
The Critic as Artist,1
Pliny,1
John Greanleaf Whittier,1
Kronborg,1
Seven Against Thebes,1
Saint Joan,1
Foxe's Book of Martyrs,1
Oryx and Crake,1
Manuchehr Jamali,1
Athanasius of Alexandria,1
American Civil War,1
Whisky priest,1
Fifth Column (disambiguation),1
Jane Jacobs,1
Touro Cemetery,1
Ramsay family,1
Dialectic of Enlightenment,1
Annus mirabilis,1
Crane,1
Georges,1
The Bells,1
Zenobia,1
A Season in Hell (disambiguation),1
Theses on the Philosophy of History,1
Aaron's rod,1
Exile and the Kingdom,1
Nikolai,1
Goblin,1
Stéphane,1
Troy,1
The Acharnians,1
Cleon,1
A Retrieved Reformation,1
Tess of the D'Urvervilles ,1
Samuel Barber,1
Lionel Trilling,1
Democracy,1
The Fall of the House of Usher,1
OSIP,1
Chimamanda Ngozi Adichie,1
7 (number),1
Anthony Powell,1
Mateo Falcone,1
Love Medicine,1
Laughable Loves,1
Goose,1
Walden;,1
Victory over the Sun,1
"""The Song of Despair""",1
Dinotopia: The Sunstone Odyssey,1
Medea,1
Ion,1
Cities of Salt,1
The Lives of Others,1
Real Irish Republican Army,1
Eyeless in Gaza,1
List of Presidents of the United States,1
Epictetus,1
William Morris,1
L'Allegro,1
The Twelve Caesars,1
Ornette Coleman,1
Travesties,1
The Rules of the Game,1
Dionysus,1
The Fire Next Time,1
Being and Nothingness,1
Richard III (play),1
Under Western Eyes,1
Octopus (disambiguation),1
The Trickster of Seville and the Stone Guest,1
Hokusai,1
John Philip Sousa,1
The Ponder Heart,1
The Hunter Gracchus,1
Sallust,1
William of Baskerville,1
Oeconomicus,1
Timothy McSweeney's Quarterly Concern,1
The Finches,1
Augustine of Hippo,1
Pollice verso,1
Fanny and Alexander,1
Endymion,1
Vowel harmony,1
Anna Lucasta,1
Henry Roth,1
Berlin Alexanderplatz,1
The Phantom of the Opera,1
A Walk on the Wild Side,1
John Steinbeck House,1
Anaïs Nin,1
Hotel,1
The Real Inspector Hound,1
Iliad,1
Frans Eemil Sillanpää,1
Birthday,1
Lute,1
A Sportman's Sketches ,1
The Magic Barrel,1
Babbitt (novel),1
The Blithedale Romance,1
Diary of a Madman,1
J,1
Cordelia,1
Confessions,1
Ship of fools,1
A View from the Bridge,1
Walker,1
Anthony Adverse,1
John Mandeville,1
Prosper Mérimée,1
The Sound of Waves,1
House,1
Mily Balakirev,1
Procopius,1
Joseph,1
Blues,1
Penn Central Transportation Company,1
The Shortest Way with the Dissenters,1
The Visit (play),1
Subutai,1
Cemetery,1
"Goodbye, Columbus",1
"""The Congo""",1
Georg Simmel,1
Father Brown,1
Heinrich von Kleist,1
Shipyard Brewing Company,1
Oliver Wendell Holmes,1
"Mansfield Park, Hawick",1
A Study in Scarlet,1
Dyskolos,1
Natty Bumpo accept either name ,1
Amadeus,1
Irving Langmuir,1
Pindar,1
Kidnapped,1
Afternoon of a Faun,1
Albatross,1
The Joy Luck Club,1
Alex,1
The Good Soldier,1
1816 in the United Kingdom,1
John Steinbeck,1
A Descent into the Maelström,1
Friedrich Dürrenmatt,1
H.D.,1
L'italiana in Algeri,1
Myanmar,1
List of Super NES enhancement chips,1
The Woman in White (novel),1
The Lady's Dressing Room,1
Holt Street Baptist Church,1
A Sportsman's Sketches,1
Four Horsemen of the Apocalypse,1
The Black Monk,1
Dream a Little Dream of Me,1
Emily,1
Séance,1
Josephy Brodsky,1
Jules and Jim,1
The Masque of the Red Death,1
Alphonse Daudet,1
The Last Question,1
Honey (Moby song),1
The Song of Bernadette,1
Shakers,1
Andrei Platonov,1
Francis Picabia,1
Sherlock Holmes,1
Parlement of Foules,1
Samson and Delilah,1
What Is the Third Estate?,1
Gulliver's Travels,1
Histidine,1
English language,1
The Double Dealer,1
William Trevor,1
Resurrection,1
Where Angels Fear to Tread,1
The Conformist,1
Mythologiques,1
Count Dracula,1
After the quake,1
Sunstone,1
Nine Stories,1
Zadig,1
Anne-Lisa Amadou,1
Billy Pilgrim,1
The Days of His Grace,1
Songs and Sonnets Atlantean,1
Great Hymn to the Aten,1
Dan Brown,1
Harold Flannigan Athol Fugard,1
Street Scene,1
William Graham Sumner,1
James Agee,1
Ode on a Grecian Urn,1
List of compositions by Richard Strauss,1
The Black Seal,1
Subaltern (postcolonialism),1
Either/Or,1
Andrea Chénier,1
Sevastopol Sketches,1
Ursula K. Le Guin,1
Julia Alvarez,1
War with the Newts,1
John O'Hara,1
Latin,1
Francis Palmer Selleck,1
Flitch of bacon custom,1
Frederick Rolfe,1
Nostromo,1
Little Dorrit,1
The Sheik of Araby,1
Letters to a Young Poet,1
The Merry Widow,1
Paul Klee,1
Tiny Tim,1
Finland,1
Rhodopsin,1
Barack Obama,1
International Association of Nitrox and Technical Divers,1
Government Accountability Office,1
Uncle Tom's Children,1
Ha Jin,1
Culhwch and Olwen,1
Aulularia,1
Fanny Price,1
Shusaku Endo ,1
John Eliot Gardiner,1
"One of this author's characters is hit in the eye with a copy of Human Development, thrown by a girl who then tells her to ""Go back to hell where you came from, you old wart hog"". In the essay ""The King of the Birds"", she described living with forty pet peacocks. This author wrote about Mary Grace conveying a message from God to Mrs. Turpin in ""Revelation"" and penned a story in which the mute Lucynell is abandoned in the Hot Spot by the ",1
Naomi,1
Airplane,1
Going After Cacciato,1
Meghaduta,1
Sarah Ruhl,1
Istanbul,1
Stockholm Bloodbath,1
To Have and Have Not,1
Providence,1
Samson,1
1906,1
Dice,1
Karl Kraus,1
Europa,1
The Group,1
Baseball,1
Dog years,1
Language poets,1
Lotus-eaters,1
Tim O'Brien,1
Mask,1
"""A Descent into the Maelstro¨m""",1
Chariton,1
Sophie's World,1
To an Athlete Dying Young,1
The Lesson,1
John Gabriel Borkman,1
Ally Bank,1
Affair of the Diamond Necklace,1
"Tumby Bay, South Australia",1
Cathedral,1
George Farquhar,1
Jal?l ad-D?n Mu?ammad,1
"""A Fable for the Critics""",1
We Real Cool,1
Tralfamadore,1
Sanskrit,1
Dresden,1
Ismail Kadare,1
Henry Green,1
"St. Thomas Cathedral, Mumbai",1
The Vanity of Human Wishes,1
The Octopus: A Story of California,1
Booth Tarkington,1
Oedipus,1
Swan (disambiguation),1
"""The Wilde Swans at Coole""",1
Don,1
Emil,1
RNA splicing,1
Viktor Frankl,1
Artemis,1
Daisy,1
Syria,1
The Red Room,1
The Moons of Jupiter,1
Hubbard model,1
Hemoglobin,1
Lycée Denis Diderot (Kenya),1
Eveline Widmer-Schlumpf,1
Autobiography of Mark Twain,1
Lucrezia Borgia,1
In Memoriam,1
Woman in the Dunes,1
Joy Kogawa,1
Tony Kushner,1
Eloi,1
Film,1
Thomas Bernhard,1
New York School,1
Eleazar,1
To a Mouse,1
This Lime-Tree Bower My Prison,1
Boleslaw Prus,1
The Executioner's Song,1
Lord's Prayer,1
Tomas,1
Sinbad the Sailor,1
Zoroaster,1
John Masefield,1
"Songshan District, Taipei",1
The Decay of Lying,1
Prison Break (season 2),1
The Robber Bridegroom,1
Rotifer,1
Wilco,1
The Bridge of San Luis Rey,1
Light and Shade (Fra Lippo Lippi album),1
"Wieland, California",1
From Here to Eternity,1
Zembla,1
The Siege of Krishnapur,1
Mephistopheles,1
Jacques the Fatalist,1
Little Women,1
Cecil Day-Lewis,1
Ian Smith,1
The Heidi Chronicles,1
The Spectator,1
Ran,1
"South Park: Bigger, Longer & Uncut",1
The Adventures of Roderick Random,1
John le Carré,1
Decarboxylation,1
Doubt: A Parable,1
Wall Street,1
The American Scholar,1
Feste,1
Shakespearean fool,1
Njáls saga,1
The Hound of the Baskervilles,1
The Beautiful and Damned,1
Pather Panchali,1
Samuel Richardson,1
Right You Are (if you think so),1
The Country of the Pointed Firs,1
St. Simeon Stylites (poem),1
Peter and the Wolf,1
Samuel,1
Cheerleading,1
W. P. Kinsella,1
Merovingian dynasty,1
The Odessa Tales,1
Malcolm Lowry,1
Boesman and Lena,1
The Custom of the Country,1
411 BC,1
Sentences,1
The Masque of Anarchy,1
Despicable Me,1
Shoemaking,1
Pedro Páramo,1
The Subjection of Women,1
Twenty Thousand Leagues Under the Sea,1
Paul Erdos,1
Czes?aw Milosz ,1
Anna Akhmatova,1
Grover,1
Time of Your Life,1
The Elements of Style,1
"""Ode on the Death of a Favorite Cat, Drowned in a Tub of Gold Fishes""",1
Timur,1
Yevgeny Yevtushenko,1
Caleb Carr,1
The Black Cat (1941 film),1
Middle English,1
Egdon Heath,1
Mosses from an Old Manse,1
Hila Plitmann,1
Ballistic: Ecks vs. Sever,1
Meson,1
Receptive aphasia,1
The Conservationist,1
Dictionary,1
Turnus,1
John Berryman,1
The Convergence of the Twain,1
Zombie,1
Olaudah Equiano,1
Nature (journal),1
Frank Capra,1
Haroun and the Sea of Stories,1
The Shadow of a Gunman,1
The Windhover,1
Texas A&M University,1
Blow up,1
The Master of Petersburg,1
The Odd Couple,1
Thomas Sutpen,1
Arjuna,1
Incidents in the Life of a Slave Girl,1
Zeno,1
Mac Flecknoe,1
Sinking of the RMS Titanic,1
New Orleans,1
Wit (play),1
William T. Vollmann,1
Alexander,1
Sonnet 94,1
Peace,1
C. Auguste Dupin,1
Wasteland,1
Walking Dead,1
Franc¸ois Villon,1
Name day,1
Alyosha,1
Ukrainian,1
Iceland,1
Desiderius Erasmus,1
Virginia,1
Order of Merit of the Federal Republic of Germany,1
Ben Hecht,1
Louis Malle,1
Teacher,1
Mexican peso,1
The Kraken Project,1
Waiting for Lefty,1
The Mystery of the Yellow Room,1
Ode on Indolence,1
Zeno's Conscience,1
The Bridal Canopy,1
A Modest Proposal,1
Carousel (musical),1
Strange Meeting,1
Argonautica Orphica,1
Octavio,1
Culhwch,1
Dream of the Rood,1
Woodcutters (novel),1
Bridge,1
One of Ours,1
On the Genealogy of Morality,1
The Lottery Man (1919 film),1
The Famished Road,1
"Bless Me, Ultima",1
Joel Barlow,1
The Wild Honey Suckle,1
Hippolytus,1
Masnavi,1
Lindisfarne,1
The Autobiography of Malcolm X,1
The Monk,1
Finlandia,1
Gilead,1
John Keats's 1819 odes,1
John Bunyan,1
The Diamond as Big as the Ritz,1
The Grouch,1
San Miguel de Corneja,1
Theodore,1
"The Gambler, the Nun, and the Radio",1
Rhyme,1
Miguel Street,1
Ole Rolvaag,1
"Other Voices, Other Rooms",1
The Battle Hymn of the Republic,1
Love in the Time of Cholera (film),1
Giants in the Earth,1
Ernest,1
Amidah,1
Boxing,1
Lola Montez,1
The True Story of Ah Q,1
Alan Ayckbourn,1
Dublin,1
Charles Mingus,1
The Road to Serfdom {WD},1
Vita Sackville-West,1
Elisabetta Brusa,1
The Marriage of Heaven and Hell,1
Junichiro _Tanizaki_,1
John Cleland,1
The Sign of the Four,1
Bananafish,1
Amos Tutuola,1
The Shoemaker's Holiday: A Pleasant Comedy of the Gentle Craft,1
Skara Brae,1
Alter Ego (film),1
Edward Morgan,1
Hui people,1
Through the Looking-Glass,1
Fox,1
Wright,1
"The Adventures of Peregrine Pickle, in Which Are Included Memories of a Lady of Quality",1
Beeri,1
Slavoj Zizek,1
Dative case,1
The Sociological Imagination,1
Vicente Blasco Ibáñez,1
Charles Simic,1
Bells,1
Dona Floripedes dos Guimaraes,1
The Chairs,1
Joseph Stiglitz,1
Guns N' Roses,1
Syringa,1
"""Ah, Are You Digging On My Grave?"" ",1
Apostles' Creed,1
Prometheus Unbound,1
The Beatles (album),1
Professor,1
Miguel Asturias,1
Rameau's Nephew,1
Murasaki Shikibu,1
Haddad,1
Fatelessness,1
Hell Screen,1
Sand,1
Brendan Behan,1
Alan Bennett,1
Tobacco Road,1
Touchstone,1
Detective,1
Michael Ondaatje,1
ABC of Reading,1
Speed dating,1
Hilda,1
Prometheus Bound,1
Jyro Xhan,1
Laws (dialogue),1
To Be or Not to Be,1
The Shipping News,1
Herzog (novel),1
The Notebooks of Malte Laurids Brigge,1
Pierre Mertens,1
Management by wandering around,1
De jure belli ac pacis,1
Yu Hua,1
Algeria,1
Trinidad and Tobago,1
"Mary, Queen of Scots",1
Vineland,1
Alfred Noyes,1
The Childhood of Jesus,1
Middlesex,1
Callimachus,1
Saleem Sinai,1
Train,1
Calvary,1
Frankenstein's monster,1
Dejection: An Ode,1
The City in the Sea,1
"n one novel, the former proprietor of this location plays a flute while sitting next to the fire-breathing archivist Lindhorst and the author Longus, who is creating dragons through his writing. This location is where the protagonist of another novel is tried for the crime of murdering the reflection of a girl using the reflection of a knife. A section of this horseshoe-shaped building that illustrates ""Cosmic Psychotherapy"" contains a mirror that causes the protagonist's self to be refracted into several chess pieces for an eternal game. In the first room of this location, the protagonist meets his school friend Gustav and hides in a treehouse after observing cars and other machines murdering men. In its last room, the protagonist is placed in the last act of Don Giovanni before Mozart reveals himself to be the jazz saxophonist Pablo. Its slogan is ""for madmen only"" and its price of admission is ""your mind."" For 10 points, name this location visited by Harry Haller in Steppenwolf.",1
James Hogg,1
William Congreve,1
The Blue Hotel,1
Barnaby Rudge,1
Jewish cemetery,1
Interloper,1
Jonathan Lethem,1
Ousmane Sembène,1
Domenico Scarlatti,1
Wallace Stegner,1
Anna Karenina (1997 film),1
Ferdydurke,1
Albert Schweitzer,1
Aleph (disambiguation),1
"Anthony Ashley-Cooper, 3rd Earl of Shaftesbury",1
The Temple of Dawn,1
La Bonne Chanson (Verlaine),1
William Ernest Henley,1
Johann Christoph Friedrich Klug,1
A Farewell to Arms (1932 film),1
Cacus,1
Patricia Peppermint Patty Reinhardt,1
Dialogue,1
Rampage,1
Forsyte,1
Luke,1
The Autobiography of Miss Jane Pittman,1
Arrested development (disambiguation),1
Izaak Walton,1
Arthashastra,1
Kermit,1
Eilert Lovborg's manuscript ,1
Sir Vidiahar Surajprasad ,1
"""Caliban Upon Setebos; or, Natural Theology in the Island""",1
Braithwaite (surname),1
Utopian and dystopian fiction,1
Tests of general relativity,1
The Eolian Harp,1
Miniver Cheevy,1
Stigma,1
Efficient-market hypothesis,1
Answer set programming,1
Jitney,1
Trout Fishing in America,1
Emmanuel Levinas,1
Miguel de Cervantes,1
Serenus Zeitbloom ,1
Jerusalem,1
Translations during the Spanish Golden Age,1
Denis Diderot,1
Billy Phelan's Greatest Game,1
John Brown's Body,1
Michael Kohlhaas,1
Jorvan Vieira,1
Our Lady of the Flowers,1
Ruddigore,1
The Countess of Pembroke's Arcadia,1
Comedy,1
"Charlotte, North Carolina",1
Homo faber,1
Hamadryad,1
B. Traven,1
Duino Eligies,1
Church going,1
Simon Magus,1
Harun al-Rashid,1
Christopher,1
Visigoths,1
Thérèse Raquin,1
Questions of Travel,1
Om,1
Angry young men,1
Stream of consciousness,1
William Byrd,1
Jean de La Fontaine,1
W. G. Sebald,1
François Mauriac,1
The Year of the Death of Ricardo Reis,1
Metal Gear Solid 4: Guns of the Patriots,1
Claudius,1
Alexandria,1
Tacitus,1
Cousin Bette,1
The Yellow Kid,1
Nuruddin Farah,1
Once Were Warriors,1
Toward an Architecture,1
Catharine Sedgwick,1
"Pierre Menard, Author of the Quixote",1
Fauvism,1
Zuleika Dobson,1
Chosen,1
Tevye,1
Trimalchio,1
The Knight in the Panther's Skin,1
Draupadi,1
Norman Mailer,1
Aleksandr Fyodorov,1
Romulus and Remus,1
Horatio Alger,1
The Moviegoer,1
Tzvetan Todorov,1
Cockroach,1
The Lair of the White Worm,1
A Moon for the Misbegotten,1
Hrunting,1
Clifford Odets,1
The Flea (poem),1
The Road Not Taken,1
Juneteenth,1
Shikamaru Nara,1
The Kite Runner,1
Amiri Baraka,1
The Good Earth,1
The Celestial Railroad,1
Helen Hunt Jackson,1
Anthony Hecht,1
The Double Life of Mr. Alfred Burton,1
David Ives,1
The Woman From Sarajevo ,1
"""Against Interpetation""",1
The Communist Manifesto,1
Elmer,1
â??Gimpel the Foolâ?,1
Saint-John Perse,1
Where the Air Is Clear,1
Peter Handke,1
Isis Unveiled,1
Michel de Montaigne,1
Art for art's sake,1
Theocritus,1
The Recognition of Shakuntala ,1
Robert Musil,1
Desolation Row,1
Shylock,1
The Battles of Coxinga,1
William Beckford,1
The Garden,1
Byronic hero,1
Peter Quince,1
List of jazz pianists,1
Sonetos de la Muerte,1
The Gambler,1
Jane Darwell,1
The Dream and Lie of Franco,1
J'accuse,1
Royall Tyler,1
Howl,1
Silver,1
Eupeithes,1
Africa,1
Cadmus,1
Gregory (given name),1
Mormons,1
James VI and I,1
Audre Lorde,1
Ernst Jünger,1
Upton Sinclair,1
Ford Motor Company,1
"Faust, Part One",1
Ice,1
Philosophy and the Mirror of Nature,1
Herman Wouk,1
"This author discussed the fate of the wreckers in a chapter entitled ""The History of Our Sewage Disposal System"", which follows a chapter in which jurists dump out a child's corpse in order to inspect a coffin. Late in his career, this author was lambasted for anti-Semitism for his history of the Jews in his country, Two Hundred Years Together. He wrote a novel whose title character enjoys the company of the Latvian joker Kilgas and his benevolent ",1
Acre,1
Ishmael Reed,1
Dwarfism,1
Raquel Cassidy,1
Vicente Aleixandre,1
Stevens,1
George Orwell bibliography,1
Max,1
Jorge,1
"Felix Holt, the Radical",1
Saint Nicholas,1
Epistle to Dr Arbuthnot,1
The Concept of Mind,1
The Fountainhead,1
Upon Appleton House,1
Denmark,1
Manon,1
André Malraux,1
The Marrow of Tradition,1
Cycloid,1
Tripmaster Monkey,1
Richard Yates,1
H. L. Mencken,1
The Martian Chronicles,1
Invitation to a Beheading,1
Bram Stoker,1
Brian's Hunt,1
Limestone,1
Odysseas Elytis,1
What We Talk About When We Talk About Love,1
Ko Un,1
Luis Vaz de Camoes ,1
Anyone lived in a pretty how town,1
Master Harold?and the Boys,1
The Darkling Thrush,1
The Financier,1
Robert Bolt,1
The Erasers,1
A. R. Ammons,1
Nathan the Wise,1
Forgery,1
"Walnut Hill, Illinois",1
Japanese raccoon dog,1
Atala,1
German language,1
Botchan,1
Django Reinhardt,1
Noh,1
Alexander Nevsky (Prokofiev),1
White-Jacket,1
Moby Dick (whale),1
Constantine P. Cavafy,1
Parzival,1
Candida,1
Thomas Merton,1
Martha Quest,1
Ge´rard de Nerval ,1
Count Leo Nikoleyivich Tolstoy,1
When I Consider How My Light is Spent,1
Lady Lazarus (Mad Men),1
Abaddon,1
Pierre-Auguste Renoir,1
Charles Sumner,1
Leon Battista Alberti,1
The Namesake,1
Harrison Bergeron (film),1
The Tower,1
Colette,1
Rashi,1
Enoch,1
The Passionate Shepherd to His Love,1
Dulce et decorum est pro patria mori,1
The Ethics of Ambiguity,1
"Matthew ""marnold"" Arnold",1
The Pit and the Pendulum (1961 film),1
Camilo José Cela,1
There Will Be Blood,1
The Grandma,1
Sexual Personae,1
The Marquise of O,1
Alan,1
Holly Golightly,1
Sinners in the Hands of an Angry God,1
On the Jewish Question,1
Zhuangzi (book),1
Something Wicked This Way Comes,1
Swift,1
The Apotheosis of Homer,1
Cassius,1
Circuit minimization for Boolean functions,1
Salome,1
Eliot Rosewater,1
Novelas ejemplares,1
Creedence Clearwater Revival,1
Sherman Alexie,1
Pierre Bezukhov,1
Malcolm Gladwell,1
The Chalk Circle,1
Donkey,1
Essays (Montaigne),1
Chinese,1
Summer and Smoke,1
Stanley Milgram,1
The Labyrinth of Solitude,1
The Sleepwalkers,1
The Interpretation of Cultures,1
Saye,1
Valhalla,1
The Tailor of Panama,1
Binary,1
Hymn to Intellectual Beauty,1
Troubadour,1
Ruhnama,1
Propertius,1
Bao Dai,1
Fern Hill,1
Henryk,1
Memento mori,1
Rita,1
Hamlet (2009 film),1
Tilbury Town,1
One Flew Over the Cuckoo's Nest (novel),1
Der Rosenkavalier,1
Philoctetes,1
Abbé Faria,1
"My Kinsman, Major Molineux",1
Misfit,1
Do not go gentle into that good night,1
La Princesse de Clèves,1
Michael Tippett,1
The Innocents Abroad,1
John Bull's Other Island,1
Joel Chandler Harris,1
Dirty Hands,1
George Steiner,1
Canadian English,1
Emperor of Mexico,1
Hiawatha,1
Seven deadly sins,1
Jabberwocky (disambiguation),1
"In the Postscript to this novel, its author discusses unintendedly juxtaposing a scene in which the protagonist says that ""haste"" is what terrifies him most with one in which the antagonist says ""Justice is not inspired by haste"". Late in this novel, it is revealed that Berengar had enticed Adelmo to have sex with him, prompting the latter's suicide. At its climax, the protagonists find a heptagonal room called the finis Africae. Two former Dolcinians are targeted by one of this novel's antagonists, the ",1
The Lone Ranger and Tonto Fistfight in Heaven,1
Niccolò Machiavelli,1
Abigail Adams,1
Toilers of the Sea,1
Dahomey,1
Night (book),1
Aeolus,1
Ama Ata Aidoo,1
Edmund,1
Battle of the Metaurus,1
Antonio Machado,1
Pierre Menard,1
Riders to the Sea,1
Havana,1
HMS Jersey (1736),1
Natty Bumppo,1
"Albany, New York",1
Christmas,1
A Dream Deferred,1
The Sound and the Fury (2014 film),1
Little Eyolf,1
Le Monocle de Mon Oncle,1
John Buchan,1
Apartheid,1
"Blind Willow, Sleeping Woman",1
Walter,1
"Matthew ""Marnold"" Arnold",1
Two Trains Running,1
Susanna (Book of Daniel),1
Rope,1
Mann family,1
The Woman in the Dunes,1
Conservatism,1
Divine Comedy,1
Aeolian harp,1
Bhima,1
Francisco Vázquez de Coronado,1
Universal House of Justice,1
Marcel,1
Mayor,1
Zeami Motokiyo,1
Christopher Isherwood,1
The Solitary Reaper,1
Suicide note,1
Marcus Junius Brutus the Younger,1
RNA interference,1
Minnesota,1
Orpheus,1
Shangri-La,1
Joyce Kilmer,1
Sun Wukong,1
The Murder of Roger Ackroyd,1
Herbie Hancock,1
Prince Igor,1
How Much Land Does a Man Need?,1
Joris-Karl Huysmans,1
Gilbert Adair,1
Sometimes a Great Notion,1
Bharati Mukherjee,1
"Silent Snow, Secret Snow",1
Top Withens,1
Thirty Tyrants,1
Richard III of England,1
George H. W. Bush,1
Mikhail Sholokhov,1
"A Clean, Well-Lighted Place",1
Venus,1
Revolutionary Road,1
Summer,1
Aluminium,1
Bussy D'Ambois,1
Goosebumps (original series),1
Sam,1
Khwajeh Samsu d-Din Mu?ammad Hafez-e Shirazi ,1
History Will Absolve Me,1
Rear Window,1
"""The Lady with a/the Lapdog""",1
Arthur Schopenhauer,1
Sailor,1
Fairy tale,1
Culture of South Dakota,1
Vladimir Mayakovsky,1
Man Ray,1
Tess Durbeyeld ,1
The Two Noble Kinsmen,1
Arthur Dent,1
John Gardner,1
Frog,1
Venice Preserv'd,1
The Long Goodbye,1
A Child's Christmas in Wales,1
The Taming of the Shrew,1
Oroonoko,1
Anne of Green Gables,1
Cyborg,1
Eucharist,1
Breast,1
Charlotte's Web,1
The English Mail-Coach,1
"""Master Harold""...and the Boys",1
Ocean gyre,1
Production history of the Oregon Shakespeare Festival,1
Secrecy,1
Osip Mandelstam,1
Emanuel Swedenborg,1
Tumi,1
An Encounter with Faces,1
Heinrich Theodor Bo¨ll,1
Owen,1
"Pale Horse, Pale Rider",1
Leslie Fiedler,1
Uncle Remus,1
The Heart of Midlothian,1
Amy Tan,1
Ethan Frome,1
Howl and Other Poems,1
The Road to Mecca,1
Otranto,1
Étienne Maurice Falconet,1
Abraham Maslow,1
State within a state,1
The Black Riders and Other Lines,1
The Hive,1
Morocco,1
Nicanor Parra,1
Gerald Moore (scholar),1
Tolstoy family,1
The Admirable Crichton,1
Sarah Vowell,1
Radio drama,1
"Speak, Memory",1
Iran,1
The Principles of Psychology,1
Rusty Lemorande,1
The Razor's Edge,1
Gimpel the Fool,1
Bronze Horseman,1
Rostam,1
A Rebours,1
Les pêcheurs de perles,1
The Expedition of Humphry Clinker,1
The Canonization,1
Eveline,1
Youngest British soldiers in World War I,1
Burnt Norton,1
The Pillow Book,1
Hard Times,1
The 400 Blows,1
Tawfiq al-Hakim,1
William Kennedy (author),1
Lorraine Hansberry,1
Alyosha Karamazov,1
The Second Coming (Kiss video),1
Richard Avedon,1
The Man with the Golden Arm,1
Michael Richards,1
New York,1
Brick Lane,1
Zaire,1
the Lantier family ,1
Edward Mendelson,1
Brooklyn Bridge,1
Zadok the Priest,1
Kongi's Harvest,1
Mother Courage,1
Aucassin and Nicolette,1
Peter Weiss,1
Isabel,1
Sleipnir,1
The Fateful Adventures of the Good ,1
The Battle of the Books,1
Trojan War,1
Avery Dennison,1
Saturnian (poetry),1
"In Memoriam A.H.H., Obiit. MDCCCXXXIII",1
List of Forgotten Realms characters,1
The Wife of Bath's Tale,1
The Merchant's Tale,1
Epimetheus,1
Pierre de Ronsard,1
Judge Holden,1
James Dickey,1
King John (play),1
Romain Rolland,1
Beneath the Wheel,1
Jin Ping Mei,1
Richard Ford,1
Uji,1
Ma Rainey's Black Bottom,1
The Cremation of Sam McGee,1
Perkin Warbeck,1
Pictures from Brueghel and Other Poems,1
David Mitchell,1
Song,1
Bill Bryson,1
Narcissus,1
Paddy Chayefsky,1
Ian,1
Like Water for Chocolate,1
"pity this busy monster,manunkind",1
Mooga Manasulu,1
Ngugi wa Thiong'o,1
Sonnet to Science,1
The Sisters (California),1
Pe (Persian letter),1
Stuttering,1
Irvine Welsh,1
Goat,1
Spatial anti-aliasing,1
Richard Wilbur,1
Course in General Linguistics,1
Cossacks,1
The Dry Salvages,1
Yogi Berra,1
Homer,1
Fenimore Cooper's Literary Offenses,1
Ordinary People,1
Stella,1
Stephen Fry,1
The Tyger,1
Pride and Prejudice (1995 TV series),1
Barchester Towers,1
Italian,1
Sholem Aleichem,1
George Saunders,1
Thunder Bay,1
Goat (disambiguation),1
Saturday Night and Sunday Morning,1
The Trojan Women,1
Strange Case of Dr Jekyll and Mr Hyde,1
"""Tam O'Shanter"" ",1
1Q84,1
Belgian Congo,1
Hack-a-Shaq,1
Book of Judges,1
Dario Fo,1
Doll,1
Xenophon,1
Murder in the Cathedral,1
Taochi,1
Mr. Hands,1
Mills,1
Venusberg,1
Pilar,1
Baba Yaga,1
Dream on Monkey Mountain,1
Florida,1
Khaled Hosseini,1
Alain Robbe-Grillet,1
Lost Illusions,1
George Sand,1
In a Free State,1
Plotinus,1
Tuonela,1
James Whitcomb Riley,1
Filippo Tommaso Marinetti,1
The Critic,1
Possessed,1
Sonian Forest,1
The Third Man,1
Lawyer,1
Pär Lagerkvist,1
Vladimir Vladimirovich Klontsak,1
The Tale of the Bamboo Cutter,1
Seven Samurai,1
Gentlemen Prefer Blondes,1
Calvary Presbyterian Church (Milwaukee),1
Erin Belieu,1
Thomas Wolfe,1
Persepolis,1
Vertigo,1
Indonesia,1
Daemon (classical mythology),1
Aphra Behn,1
Kuja,1
The Bostoanians,1
Naming and Necessity,1
John Brown,1
Atticus Finch,1
Charles Fourier,1
The Road to Serfdom,1
Carlo Gozzi,1
ANSWER: Doctor Faustus: The Life of the German Composer Adrian Leverkuhn As Told by a Friend ,1
Marabar Caves,1
Blindness (novel),1
Thiassi,1
"""Lines Composed a Few Miles Above Tintern Abbey on Revisiting the banks of the River Wye During a Tour. July 13, 1798.""",1
Private Lives,1
Tom Robbins,1
Piers Plowman,1
Shanghai,1
The Magnificent Ambersons,1
Beach,1
Kong Yiji,1
Phaedra,1
Lowell,1
Between the Acts,1
Typee,1
Brighton Rock,1
The Auroras of Autumn,1
Alcestis,1
Lytton Strachey,1
Oxford,1
John Willoughby,1
Ann Radcliffe,1
The Rip Van Winkle Caper,1
Labours of the Months,1
The Big Sleep,1
The Panther,1
The Flies,1
Conversation in the Cathedral,1
Labyrinths,1
The Ordeal of Richard Feverel,1
Hyder Edward Rollins,1
Jerusalem The Emanation of the Giant Albion,1
Ode,1
1963 Syrian coup d'état,1
Idea,1
Julia,1
The Makioka Sisters (film),1
Tobias,1
Magnetar,1
Indignation (novel),1
Mary Renault,1
Adam,1
The Lotos-Eaters,1
My Brilliant Career,1
I Malavoglia,1
Lynne Cheney,1
Social,1
Dystonia,1
San Francisco,1
Nora Hanen,1
Czeslaw Milosz,1
Laozi,1
Knut Hamsun,1
James Hawes,1
Pnin,1
Alfred Jarry,1
Seinfeld (season 2),1
Notre Dame de Paris,1
Ebenezer Scrooge,1
Aravind Adiga,1
Ancient Egypt,1
Sam Shepard,1
Accidental Death of an Anarchist,1
William Gaddis,1
Lemminkäinen,1
Jamaica Kincaid,1
Nightingale (disambiguation),1
Deliverance,1
List of Rugrats episodes,1
La Bayadère,1
Person from Porlock,1
Comical History of the States and Empires of the Moon,1
Thunder,1
Kublai Khan,1
Satire,1
The Uses of Enchantment,1
Ancient Greek,1
Lázaro Cárdenas,1
Kenilworth,1
Fritz Lang,1
Bohemia,1
Black Like Me,1
The Fable of the Bees,1
Philip Carey,1
Gordon Riots,1
Julio Corta´zar,1
Floating point,1
Prince Louis Ferdinand of Prussia,1
Larry Kramer,1
Shakespeare authorship question,1
Ole Edvart Rolvaag,1
The Love Suicides at Sonezaki,1
Zohar,1
The Bear (1984 film),1
Robot,1
Fernando,1
Utopia,1
Bennet family,1
César Vallejo,1
Second Crusade,1
Betty Friedan,1
Ruth,1
Talos,1
Lewis Carroll,1
The Man Without Qualities,1
Pseudolus,1
Elizabeth Loftus,1
Wallace,1
John Hawkesworth (book editor),1
Comus,1
The Laramie Project,1
List of Panchatantra Stories,1
Angela Carter,1
Cormac,1
Nanook of the North,1
Fidelio,1
Bruno Latour,1
The Judgment of Caesar,1
The Rings of Saturn,1
New Latin,1
List of El Chavo del Ocho episodes,1
Melville,1
Le Bourgeois gentilhomme,1
Dust,1
Anne Sexton,1
The Wasps,1
Macondo,1
The Red-Headed League,1
Child of God,1
Julia (gens),1
Gulistan,1
Harlan,1
The Elephant Vanishes,1
Cyclops (disambiguation),1
Kiran Desai,1
Margaret Fuller,1
Prix Goncourt,1
Berengar,1
Oliver Sacks,1
62: A Model Kit,1
Kebra Nagast,1
Natsume,1
Laughing Man,1
The Spirit Catches You and You Fall Down,1
Factions in the Mexican Revolution,1
Ryu Murakami ,1
Eugenio,1
Necronomicon,1
The Prioress's Tale,1
Leda and the Swan (Leonardo),1
And Quiet Flows the Don,1
The Iron Heel,1
Rainmaking (ritual),1
Byzantium,1
The Dagda,1
A Clockwork Orange,1
Boron,1
The Kentucky Derby Is Decadent and Depraved,1
N-body simulation,1
Harry Harlow,1
Kingdom Hearts,1
The River Merchant's Wife: A Letter,1
Banu Umayya,1
University of Chicago,1
Phèdre,1
Beloved (novel),1
Hafez,1
Weaver,1
The Foundation Pit,1
Malgudi,1
Posse (1993 film),1
The Moon Is a Harsh Mistress,1
Port-Royal-des-Champs Abbey,1
Beat Generation,0
Hiroshima,0
Le Morte d'Arthur,0
Drowning,0
Douglas,0
Poor relief,0
Lynching,0
The Threepenny Opera,0
Jerry Seinfeld,0
Mayor of Pichilemu,0
The Hobbit,0
Greek chorus,0
Order of the Phoenix (fictional organisation),0
The Fault in Our Stars,0
Judy Blume,0
Classical Latin,0
Non-fiction novel,0
Ramona (novel series),0
Greene,0
Tommy Walker,0
Modern Greek,0
Frank Lloyd Wright,0
Beatrice,0
Haim,0
Nineteen Eighty-Four,0
glyph1197ew Zealand ,0
Firefighter,0
Book,0
Epic,0
The Miser,0
Nikolai Vasilievitch Gogol,0
The Necklace,0
Oliver Wendell Holmes Jr.,0
Jackson Pollock,0
Irony,0
Friedrich Engels,0
Heimdallr,0
Peasants' Revolt,0
Epic poetry,0
Juventus F.C.,0
Ajax (programming),0
Macduff,0
Japanese,0
Alger Hiss,0
Black Beauty,0
Alfred Stieglitz,0
Hero,0
Metaphysical poets,0
Judge,0
List of law clerks of the Supreme Court of the United States,0
The Three Hermits,0
Duke Ellington,0
Film criticism,0
Aside,0
List of Hill Street Blues episodes,0
U.S.A. (trilogy),0
Sutra,0
Clavileño,0
Romeo,0
Rabbit,0
Hole,0
The Jungle Book,0
Professor Moriarty,0
Riddler,0
The Animals,0
Roth,0
A Separate Peace,0
In medias res,0
Stamp Act 1765,0
Fool (novel),0
Mirror,0
Cooper,0
Snowy,0
Soviet Union,0
August 27,0
Dune,0
Mount Vesuvius,0
Pop art,0
Benjamin Disraeli,0
The Mayor of Zalamea,0
Center for the Greek Language,0
Sea,0
The Cask of Amontillado,0
Quasimodo,0
Raymond Carver,0
Egyptian,0
Thanatopsis,0
Knight,0
The Naked and the Dead,0
Journalism,0
Luck,0
Ahimsa,0
Cain and Abel,0
Romani people,0
J. G. Ballard,0
Paradise,0
The Phenomenology of Spirit,0
Santiago,0
Treasure Island,0
Netherlands,0
James Ngugi Wa Thiong'o,0
The New York Times,0
To Kill a Mockingbird,0
Lois Lowry,0
Caribbean,0
Richard Cory (song),0
B. F. Skinner,0
The Monkey's Paw,0
Saint Boniface,0
Around the World in Eighty Days,0
Brothers Grimm,0
Arthur C. Clarke,0
Mordor,0
Snow White and the Seven Dwarfs (1912 play),0
The Woman Warrior,0
Country,0
Tokyo,0
John Stuart Mill,0
Paul Revere's Ride,0
Portuguese language,0
The Nutcracker,0
Nazi Party,0
Sword,0
The Luncheon on the Grass ,0
Deus ex machina,0
It's the End of the World as We Know It (And I Feel Fine),0
The Polar Express,0
Katniss Everdeen,0
The Outsiders,0
Elizabeth Bennet,0
Jay Gatsby,0
Devil,0
Raven,0
Wine,0
D,0
Alice,0
Francis of Assisi,0
Battle of Stamford Bridge,0
Aristotle,0
Tom,0
Hughes,0
Inferno,0
Harm Wiersma,0
Quran,0
The Mysterious Benedict Society,0
Lev,0
Gandalf,0
Boston Tea Party,0
The Twilight Saga: New Moon,0
Gordon Korman,0
Puck (A Midsummer Night's Dream),0
Winnie-the-Pooh,0
Yoknapatawpha County,0
Because I could not stop for Death,0
Ramona Quimby,0
Epistolary,0
The Most Dangerous Game (novel),0
Sir,0
Fronde,0
Peter Pan,0
World War II,0
"Matthew Arnold School, Staines-upon-Thames",0
Sun,0
Battle of the Milvian Bridge,0
James Hilton,0
Edward Eastlin Cummings,0
Gone with the Wind,0
Lady Macbeth,0
Parables of Jesus,0
Canon,0
Spanish-American War,0
Stoicism,0
Harry S. Truman,0
William I,0
Burroughs,0
A Long Way from Chicago,0
Orphan,0
Henry-Rene-Albert Guy de Maupassant,0
White Fang,0
Mr. Popper's Penguins,0
Rome,0
Epistolary novel,0
Ben,0
F,0
Time,0
Mishima,0
Langston,0
"Private Eye Action, as You Like It",0
The Gospel According to Jesus Christ,0
Fruit,0
Colonial history of the United States,0
Apology (Plato),0
Urn,0
Captain America,0
Cavalier,0
Auld Lang Syne (The New Year's Anthem),0
Euclid,0
Jeeves,0
Defensive tackle,0
Buck,0
Les Misérables (1995 film),0
Strauss,0
The Old Man and the Sea,0
Hollywood,0
Yellow,0
Confederate States of America,0
English,0
"Orlando, Florida",0
Du Maurier,0
Cicero,0
The Social Network,0
Atlas Shrugged,0
Bilbo Baggins,0
Giant,0
Suicide,0
Charge of the Light Brigade (disambiguation),0
Aleksey Konstantinovich Tolstoy,0
Noun,0
The Tale of Despereaux,0
Celtic mythology,0
Love,0
Autobiography,0
Hansel and Gretel,0
Gulf of Oman,0
Dido,0
Free will,0
Sermon on the Mount,0
Moby Dick (1978 film),0
Stopping by Woods on a Snowy Evening,0
Angel,0
Mrs. Frisby and the Rats of NIMH,0
The Myth of Sisyphus,0
Walden,0
The Lottery,0
All the world's a stage,0
The Ugly Duckling (audiobook),0
The Invisible Man,0
William II of Sicily,0
Equestrian monument to General Manuel Belgrano,0
Agatha,0
Carduelis,0
Basketball,0
Israel,0
Salmon of Knowledge,0
Bloom,0
Gothic fiction,0
Aida,0
United Kingdom,0
Aghwee the Sky Monster,0
Sleepwalking,0
Frodo Baggins,0
Hanbun no Tsuki ga Noboru Sora,0
Thomas Patrick Cavanaugh,0
Mann,0
Pig,0
Acts of the Apostles,0
"Walden,",0
Gaia hypothesis,0
Maurice Sendak,0
Beauty,0
Willa,0
Walter Mitty,0
Marvin's Room (film),0
Middletown,0
glyph817ausea ,0
Genji,0
The Three Musketeers (1993 film),0
Victor-Marie Connard Hugo,0
Metaphor,0
Cinderella,0
The Wind in the Willows,0
Captain Ahab,0
The Emperor of Ice-Cream,0
On Crimes and Punishments,0
Ayn Rand,0
Harlem Renaissance,0
Frederick Douglass,0
Hongloumong ,0
Essay,0
Arthur Haselrig,0
O'Connor,0
Winter,0
I Know Why the Caged Bird Sings,0
Black-Scholes model,0
Salt,0
Robert E. Lee,0
Toni Morrison Accept Chloe Anthony Wofford,0
Neil Gaiman,0
Wilfrid Owen,0
Marie Antoinette,0
Jews,0
Casa Guidi,0
Leatherstocking Tales,0
Magic realism,0
Paul Revere,0
Encyclopedia,0
Gulliver,0
In Cold Blood,0
Meditation,0
Transcendentalism,0
Edgar Rice Burroughs,0
Long Day's Journey into glyph817ight,0
Polaris,0
Dog,0
William Porter,0
Carbon dioxide,0
Texas,0
Outsourced,0
Benjamin,0
Soliloquy,0
Inca mythology,0
"""Ode to a glyph1197ightingale""",0
Günther,0
Meleager,0
Rose,0
Miholjska prevlaka,0
Barcelona,0
List of members of the Swedish Academy,0
A Wrinkle in Time,0
Charge of the Light Brigade,0
The Last of the Mohicans,0
Castle,0
Randall Jarrell,0
Second Coming,0
Time travel,0
Nun,0
Invisibility,0
Father,0
Jane,0
California Gurls,0
John Suckling,0
Charles Ives,0
Ender Wiggin,0
Histories,0
Palestine,0
The Merchant of Venice,0
Wilfred,0
Aleksandr Sergetevich Pushkin,0
Niobe,0
"Winesburg, Ohio (novel)",0
Calcium,0
Kurt Warner,0
Roots: The Saga of an American Family,0
Umlaut,0
Anomie,0
Morrissey,0
Scarlett O'Hara,0
The Chronicles of Narnia,0
Gilgamesh the King,0
Fathers and Sons (novel),0
Rosetti,0
Feather,0
Henrik,0
Guitar,0
The Chocolate War,0
Bathing,0
Antonia Shimerda ,0
Philip II,0
Daniel Webster,0
Dr. Lemuel Gulliver ,0
Notes from Underground,0
Tryin' to Throw Your Arms Around the World,0
List of books banned by governments,0
Fallout 3,0
The Revolt of Islam,0
Franz Werfel,0
Richard Cory,0
Cat and mouse,0
Madrigal,0
Chorus,0
Triangle,0
Duke,0
Cross-dressing,0
"Faust, Utah",0
Literary fragment,0
Gerald du Maurier,0
Harlem,0
The Hunger Games,0
Metaphysics,0
Butterfly,0
Amartya Sen,0
Swan Lake,0
David,0
Inigo Montoya,0
Russia,0
haikus by Matsuo Basho,0
The Giver,0
O Captain! My Captain!,0
Dashiell Hammett,0
Military history of ancient Rome,0
Beard,0
Grass court,0
Aesop's Fables,0
Nelson Algren,0
Pip (Great Expectations),0
The Negro Speaks of Rivers,0
1001 (number),0
Snow White and the Seven Dwarfs (1937 film),0
Maria von Trapp,0
Clan Gordon,0
The Pirates of Penzance,0
X chromosome,0
Glass,0
RAND Corporation,0
David Herbert,0
Thomas Middleton,0
Turkey,0
Malebolge,0
Kingdom of France,0
Browning,0
Zorba,0
German Romanticism,0
The Maltese Falcon,0
J. B. Bobo,0
Light,0
To be announced,0
Der Erlkönig,0
Pitmatic,0
Across Five Aprils,0
Prince Hamlet,0
Gun,0
Saint Crispin's Day,0
The Baby Party,0
Library,0
Rip Van Winkle,0
Socratic dialogue,0
Maya peoples,0
Moby Dick (unfinished film),0
Kalidasa ,0
List of Tom Sawyer characters,0
Normans,0
Ali Baba and 40 Thieves (video game),0
Miami,0
The Beat Generation,0
Emily Brontë,0
Bonaparte,0
Iamb,0
Echidna,0
Herodotus,0
Richard Strauss,0
"""Lines Composed a Few Miles Above Tintern Abbey, On Revisiting the Banks of the Wye During a Tour. July 12, 1798.""",0
Fart,0
A Christmas Carol,0
The Hunchback of Notre-Dame,0
The Catcher in the Rye,0
Anton,0
Bridge to Terabithia,0
Butler,0
Electra,0
Ender's Game,0
Bride of Frankenstein,0
Summa Theologica,0
Star Trek,0
Roman à clef,0
Priest,0
Edward Elgar,0
Morality play,0
Paris,0
List of To Kill a Mockingbird characters,0
The Phantom Tollbooth,0
Objectivism,0
Matsuo,0
Giovanni,0
River,0
D. W. Griffith,0
Einstein on the Beach,0
The War of the Worlds,0
Golden Boy of Pye Corner,0
C,0
Incubus,0
Watership Down,0
The Brothers Karamazov (1958 film),0
A Bar at the Folies-Bergere ,0
Arthur Watts (illustrator),0
The Adventures of Tom Sawyer,0
John the Baptist,0
Breakfast at Tiffany's (novella),0
October 1913,0
The Hitchhiker's Guide to the Galaxy,0
Man in the Iron Mask,0
Greek language,0
Saint Peter,0
Simone Martini,0
Anton Pavelovich Chekhov,0
Nurse Ratched,0
Internment,0
Nosferatu,0
Bear,0
Car,0
Rosencrantz and Guildenstern,0
Dust and Shadow,0
Oliver Twist (disambiguation),0
Swiss Alps,0
Flower,0
Sestina,0
Louis the Pious,0
El Ingenioso Hildalgo Don Quixote de La Mancha,0
Next Year,0
T,0
Fiddler on the Roof,0
Allegory,0
Kite,0
Penelope,0
King Arthur,0
Che Guevara,0
Eugene,0
Premature burial,0
Hester Prynne,0
Short story,0
Maus,0
Annie Proulx,0
Baker,0
Fable,0
The Overcoat,0
Salinger,0
"Tuskegee, Alabama",0
The Recognition of Sakuntala ,0
Orange,0
1984,0
Thomas Hobbes,0
The Wheel of Time,0
"Vonnegut, Wright & Yeager",0
Bhagavad Gita,0
A Rake's Progress,0
Turandot,0
Oe Kenzaburo ,0
Mark,0
Coda,0
Walt,0
Pearl S. Buck,0
Sancho Panza,0
Wollstonecraft,0
Dr. Jekyll and Mr. Hyde (character),0
