,88
Robert Frost,45
Emily Dickinson,44
Pablo Neruda,43
Nathaniel Hawthorne,41
The,40
Edgar Allan Poe,39
Jorge Luis Borges,38
Don Quixote,36
Hermann Hesse,35
China,31
"Cry, the Beloved Country",30
Franz Kafka,30
W. B. Yeats,30
One Hundred Years of Solitude,30
Walt Whitman,29
Ernest Hemingway,29
Charles Baudelaire,29
Robert Browning,28
"Alfred, Lord Tennyson",28
Yasunari Kawabata,28
The Great Gatsby,28
John Keats,28
Johann Wolfgang von Goethe,28
Wole Soyinka,28
Madame Bovary,28
John Milton,27
Aristophanes,27
Thomas Mann,27
Mario Vargas Llosa,27
Nadine Gordimer,27
Gabriel García Márquez,27
Virginia Woolf,27
Henrik Ibsen,26
Fyodor Dostoyevsky,26
Yukio Mishima,26
Carlos Fuentes,26
Umberto Eco,26
Luigi Pirandello,26
Joseph Conrad,26
Anton Chekhov,26
W. H. Auden,26
Leo Tolstoy,26
The Waste Land,26
J. M. Coetzee,25
Langston Hughes,25
Australia,25
Chinua Achebe,25
Stephen Crane,25
Jane Eyre,25
E. E. Cummings,24
Henry James,24
Albert Camus,24
John Donne,24
Guy de Maupassant,24
Henry Wadsworth Longfellow,24
William Blake,24
Eugène Ionesco,24
Catch-22,24
Jean-Paul Sartre,24
Invisible Man,24
Christopher Marlowe,24
Sylvia Plath,23
James Joyce,23
Federico García Lorca,23
Frankenstein,23
Anna Karenina,23
Brave New World,23
Percy Bysshe Shelley,23
George Bernard Shaw,22
Allen Ginsberg,22
Thomas Hardy,22
Kurt Vonnegut,22
George Orwell,22
Arthur Miller,22
Molière,22
Washington Irving,22
Candide,22
Nikolai Gogol,22
The Canterbury Tales,22
Italo Calvino,21
The Love Song of J. Alfred Prufrock,21
Flannery O'Connor,21
D. H. Lawrence,21
Herman Melville,21
Ben Jonson,21
Japan,21
The Decameron,21
Alexander Pushkin,21
Pride and Prejudice,20
Derek Walcott,20
Günter Grass,20
William Carlos Williams,20
Mexico,20
Beowulf,20
Eugene O'Neill,20
Ezra Pound,20
Edward Albee,20
Crime and Punishment,20
Bertolt Brecht,20
Samuel Taylor Coleridge,20
The Tale of Genji,19
Samuel Beckett,19
T. S. Eliot,19
Ovid,19
August Strindberg,19
Rubaiyat of Omar Khayyam,19
Lord of the Flies,19
Gustave Flaubert,19
Wuthering Heights,19
The Red and the Black,19
Dylan Thomas,19
Sinclair Lewis,19
Wallace Stevens,19
Oscar Wilde,19
The Tin Drum,19
F. Scott Fitzgerald,18
Naguib Mahfouz,18
Isabel Allende,18
Lolita,18
Rudyard Kipling,18
Walter Scott,18
The Rime of the Ancient Mariner,18
Moby-Dick,18
Death of a Salesman,18
Things Fall Apart,18
Graham Greene,18
Petrarch,18
William Wordsworth,18
Rainer Maria Rilke,17
The Tempest,17
Honoré de Balzac,17
Milan Kundera,17
One Thousand and One Nights,17
Andrew Marvell,17
Tennessee Williams,17
The Cherry Orchard,17
Italy,17
Toni Morrison,17
Saul Bellow,17
Spain,16
William Faulkner,16
John Greenleaf Whittier,16
Great Expectations,16
A Streetcar Named Desire,16
To Kill a Mockingbird,16
William Cullen Bryant,16
Vladimir Nabokov,16
Harold Pinter,16
Marcel Proust,16
Octavio Paz,16
Death in Venice,16
Ulysses,16
Robert Louis Stevenson,16
J. D. Salinger,16
Virgil,16
O. Henry,16
Tartuffe,16
Margaret Atwood,16
Their Eyes Were Watching God,16
August Wilson,16
Philip Roth,16
The Unbearable Lightness of Being,16
Victor Hugo,16
Anne Bradstreet,16
Rabindranath Tagore,16
All Quiet on the Western Front,16
Athol Fugard,16
Matthew Arnold,15
The Idiot,15
Ray Bradbury,15
The Song of Roland,15
A Doll's House,15
Poland,15
Father and Son,15
Daniel Defoe,15
Awakening,15
Macbeth,15
The Trial,15
Heart of Darkness,15
The Importance of Being Earnest,15
Jonathan Swift,15
Gwendolyn Brooks,15
The Glass Menagerie,15
Les Misérables,15
Jack London,15
Howl (disambiguation),15
V. S. Naipaul,15
Ivan Turgenev,15
James Baldwin,15
Aeschylus,15
William Golding,15
The Stranger,15
Argentina,15
James Fenimore Cooper,14
Edwin Arlington Robinson,14
Hedda Gabler,14
Sense and Sensibility,14
Romance of the Three Kingdoms,14
Tom Stoppard,14
Gerard Manley Hopkins,14
The Handmaid's Tale,14
Chronicle of a Death Foretold,14
A. E. Housman,14
Sophocles,14
Ralph Waldo Emerson,14
Uncle Tom's Cabin,14
Horace,14
The Brothers Karamazov,14
Aldous Huxley,14
Seamus Heaney,14
The Metamorphosis,14
Karen Blixen,14
Willa Cather,14
Doctor Zhivago,14
William Shakespeare,14
Thornton Wilder,14
Ambrose Bierce,14
The Hunchback of Notre-Dame,14
Émile Zola,14
Midnight's Children,14
Thomas Pynchon,14
Vanity Fair,14
José Saramago,14
Orhan Pamuk,14
To His Coy Mistress,13
Kenzaburo Oe,13
Voltaire,13
Faust,13
Wilfred Owen,13
Paradise Lost,13
Hamlet,13
Salman Rushdie,13
A Tale of Two Cities,13
The Grapes of Wrath,13
As I Lay Dying,13
E. M. Forster,13
Love in the Time of Cholera,13
The Count of Monte Cristo,13
Mark Twain,13
Euripides,13
Our Town,13
Alexander Pope,13
The Master and Margarita,13
The Three Musketeers,13
Friedrich Schiller,13
Volpone,13
Robinson Crusoe,13
Edith Wharton,13
Chile,13
Gargantua and Pantagruel,12
Cat on a Hot Tin Roof,12
The Satanic Verses,12
Who's Afraid of Virginia Woolf?,12
Waiting for Godot,12
"Bartleby, the Scrivener",12
South Africa,12
Li Bai,12
Haruki Murakami,12
War and Peace,12
Saki,12
Catullus,12
Charles Dickens,12
John Steinbeck,12
The Crucible,12
Maxim Gorky,12
Kate Chopin,12
French,12
Cormac McCarthy,12
Aleksandr Solzhenitsyn,12
Holden Caulfield,12
Lord Byron,12
Ghost,12
The Scarlet Letter,12
David Copperfield,12
Les Fleurs du mal,12
King Lear,12
The Picture of Dorian Gray,12
A Clockwork Orange,12
World War I,12
Journey to the West,11
Stendhal,11
Heinrich Böll,11
Twenty Love Poems and a Song of Despair,11
The Crying of Lot 49,11
The Raven,11
Song of Myself,11
Inferno,11
Dante Alighieri,11
Romeo and Juliet,11
Karel Capek,11
Kazuo Ishiguro,11
Manuel Puig,11
Evelyn Waugh,11
On the Road,11
The Dumb Waiter,11
R.U.R.,11
Nigeria,11
No Exit,11
Othello,11
Ivanhoe,11
Emma,11
Much Ado About Nothing,11
Antigone,11
The Iceman Cometh,11
The Catcher in the Rye,11
Rubén Darío,11
Brideshead Revisited,11
Anatole France,11
Truman Capote,11
Rosencrantz and Guildenstern Are Dead,11
Philip Larkin,11
Pygmalion,11
Dover Beach,11
Oliver Twist,10
Alan Paton,10
India,10
A Farewell to Arms,10
Spoon River Anthology,10
Oliver Goldsmith,10
Sonnets from the Portuguese,10
John Updike,10
Dracula,10
André Gide,10
Cuba,10
Edna St. Vincent Millay,10
George Eliot,10
Julio Cortázar,10
Slaughterhouse-Five,10
An Enemy of the People,10
Portugal,10
Geoffrey Chaucer,10
Robert Lowell,10
Alexandre Dumas,10
The Sorrows of Young Werther,10
The Lottery Man (1919 film),10
Ode to a Nightingale,10
The Sound and the Fury,10
A Confederacy of Dunces,10
A Raisin in the Sun,10
Eugene Onegin,10
Ozymandias,10
Pedro Calderón de la Barca,10
Interpreter of Maladies,10
To the Lighthouse,10
Beloved,10
Jack Kerouac,10
Duino Elegies,9
John Dryden,9
The Little Prince,9
Jane Austen,9
She Stoops to Conquer,9
If on a winter's night a traveler,9
The Mayor of Casterbridge,9
Darkness at Noon,9
Mikhail Bulgakov,9
Doris Lessing,9
Long Day's Journey into Night,9
Birthday Party,9
W. Somerset Maugham,9
Carson McCullers,9
The Name of the Rose,9
Arthur Rimbaud,9
The Old Man and the Sea,9
The Frogs,9
Brazil,9
"Rabbit, Run",9
Thanatopsis (band),9
H. G. Wells,9
Tender Is the Night,9
One Flew Over the Cuckoo's Nest,9
Republic (disambiguation),9
Middlemarch,9
Sherlock Holmes,9
Sonnet,9
Canto General,9
Oedipus the King,9
Tess of the d'Urbervilles,9
The Jungle,9
France,9
Oresteia,9
"Absalom, Absalom!",9
Eudora Welty,9
The Heart Is a Lonely Hunter,9
Ethan Frome,9
Vanity Fair (novel),9
Water Margin,9
Dead Souls,9
The House of the Seven Gables,9
The Bell Jar,8
Adventures of Huckleberry Finn,8
Robert Burns,8
A,8
The Prime of Miss Jean Brodie,8
Elegy Written in a Country Churchyard,8
Snow Country,8
Shirley Jackson,8
"The Life and Opinions of Tristram Shandy, Gentleman",8
Aeneid,8
Lysistrata,8
The Sun Also Rises,8
Huckleberry Finn,8
Patrick White,8
Animal Farm,8
Dream of the Red Chamber,8
Thomas Gray,8
St. Francis College,8
Angels in America: A Gay Fantasia on National Themes,8
Carl Sandburg,8
Hart Crane,8
A House for Mr Biswas,8
Katherine Mansfield,8
The Bluest Eye,8
David Foster Wallace,8
The Lady of Shalott,8
Erich Maria Remarque,8
A Midsummer Night's Dream,8
A Room of One's Own,8
Grendel,8
Oedipus,8
"The History of Tom Jones, a Foundling",8
Tom Wolfe,8
Little Women,8
The Pilgrim's Progress,8
Gabriela Mistral,8
Egypt,8
William Dean Howells,8
All the King's Men,8
A Portrait of the Artist as a Young Man,8
Maya Angelou,8
The Glass Bead Game,8
Sir Gawain and the Green Knight,8
The Overcoat (1926 film),8
Ode to the West Wind,8
The Seagull,8
Native Son,8
Fahrenheit 451,8
July's People,8
Samuel Johnson,8
Haiku,8
John Dos Passos,8
Robert,8
The Bald Soprano,8
Steppenwolf,8
The Taming of the Shrew,8
Crossing Brooklyn Ferry,8
The Magic Mountain,8
Kubla Khan,8
Six Characters in Search of an Author,8
Heinrich Heine,8
Oliver Wendell Holmes Sr.,8
Siddhartha,8
Sons and Lovers,8
The Jew of Malta,8
A Good Man Is Hard to Find,8
Richard Wright,8
David Mamet,8
My Last Duchess,7
Bernard Malamud,7
Birds (disambiguation),7
Infinite Jest,7
Arms and the Man,7
Disgrace,7
Chicago,7
Sherwood Anderson,7
The Charterhouse of Parma,7
Bret Harte,7
Measure for Measure,7
Tom Sawyer,7
James Thurber,7
Satan,7
Arcadia,7
Pierre Corneille,7
Gao Xingjian,7
Glengarry Glen Ross,7
The House of Mirth,7
The House of Bernarda Alba,7
German,7
Mikhail Lermontov,7
Billiards at Half-Past Nine,7
John Cheever,7
Miss Julie,7
Ramayana,7
The House of the Spirits,7
The Red Badge of Courage,7
Phillis Wheatley,7
Ode on a Grecian Urn,7
The Lion and the Jewel,7
A Connecticut Yankee in King Arthur's Court,7
Don DeLillo,7
An American Tragedy,7
Rappaccini's Daughter,7
Far from the Madding Crowd,7
One Day in the Life of Ivan Denisovich,7
Lady Chatterley's Lover,7
Christina Rossetti,7
Stephen Vincent Benét,7
The Luck of Roaring Camp (1911 film),7
Silas Marner,7
Miguel de Cervantes,7
Chikamatsu Monzaemon,7
Jules Verne,7
Archibald MacLeish,7
Edward,7
The Rape of the Lock,7
Billy Budd,7
New York University,7
To a Skylark,7
Lines written a few miles above Tintern Abbey,7
"September 1, 1939",7
Gitanjali,7
Howards End,7
A Room with a View,7
"Winesburg, Ohio",7
Lewis Carroll,7
1984,7
Yossarian,7
Spanish,7
Visual impairment,6
Kingsley Amis,6
Nausea,6
Aunt Julia and the Scriptwriter,6
Three Sisters,6
Ichabod - The Legend of Sleepy Hollow (Decca album),6
Fraktur,6
Cat's Cradle,6
When Lilacs Last in the Dooryard Bloom'd,6
The Remains of the Day,6
Foucault's Pendulum,6
Vachel Lindsay,6
Snow,6
In Search of Lost Time,6
Mrs Dalloway,6
Seán O'Casey,6
Rodion Romanovich Raskolnikov,6
East of Eden,6
Mending Wall,6
Sweden,6
Tom Jones,6
Alchemist (disambiguation),6
V,6
Iago,6
Dulce et Decorum est,6
The Prince,6
Death of a Naturalist,6
Philip Freneau,6
Charge of the Light Brigade (disambiguation),6
Anthony Burgess,6
Life Is a Dream,6
My Antonia,6
Vikram Seth,6
Okonkwo,6
Babbitt,6
Mansfield Park,6
Henry V,6
Alice Munro,6
Gulliver's Travels,6
Edmund Spenser,6
The Imaginary Invalid,6
For Whom the Bell Tolls,6
Gravity's Rainbow,6
Sanskrit,6
John Irving,6
Noël Coward,6
Dog,6
Waiting for the Barbarians,6
Cyrano de Bergerac,6
Henry Fielding,6
"L'Allegro, il Penseroso ed il Moderato",6
John Barth,6
The Duchess of Malfi,6
The School for Scandal,6
Marianne Moore,6
Giovanni Boccaccio,6
Zora Neale Hurston,6
Upton Sinclair,6
Leaves of Grass,6
Lemuel Gulliver,6
White noise,6
Norway,6
Arabic,6
All My Sons,6
Uncle Vanya,6
Père Goriot,6
The Wild Duck,6
Cat,6
The Second Coming (Kiss video),6
Richard Brinsley Sheridan,6
As You Like It,6
The Tell-Tale Heart,6
The Castle of Otranto,6
A Shropshire Lad,6
E. T. A. Hoffmann,6
Odyssey,6
Jean Racine,6
Plautus,6
Pearl (disambiguation),6
Rob Roy,5
Inferno (Dante),5
The Diary of a Young Girl,5
The Master Builder,5
Nineteen Eighty-Four,5
Tobias Smollett,5
The Necklace,5
Death Comes for the Archbishop,5
Friedrich Hölderlin,5
A Rose for Emily,5
The Lower Depths,5
The World According to Garp,5
François Rabelais,5
Greece,5
The Turn of the Screw,5
Charles de Batz-Castelmore d'Artagnan,5
The Mysteries of Udolpho,5
Night,5
Book of the Dead,5
The Age of Innocence,5
Blood Meridian,5
Jay Gatsby,5
The Ambassadors,5
New Zealand,5
Os Lusíadas,5
Cannery Row,5
Theodore Dreiser,5
Robert Penn Warren,5
El Cid,5
Euthyphro,5
Kenya,5
The God of Small Things,5
William S. Burroughs,5
Portuguese,5
Roland,5
Wilkie Collins,5
The Castle,5
Norwegian Wood (This Bird Has Flown),5
Caliban,5
Kalevala,5
Ralph Ellison,5
The Aleph (short story collection),5
Juno and the Paycock,5
Neil Simon,5
London,5
Song of Songs,5
Naked Lunch,5
John Millington Synge,5
J,5
Of Human Bondage,5
Self-reliance,5
Thirteen Ways of Looking at a Blackbird,5
Matsuo Basho ,5
Charlotte Perkins Gilman,5
The Faerie Queene,5
Orlando Furioso,5
Sinbad the Sailor,5
Joseph Heller,5
Everything That Rises Must Converge,5
In Memoriam A.H.H.,5
Aimé Césaire,5
Jhumpa Lahiri,5
William Makepeace Thackeray,5
Frank Norris,5
O Pioneers!,5
The Good Earth,5
Theodore Roethke,5
Switzerland,5
Why I Live at the P.O.,5
Hans Christian Andersen,5
The Moonstone,5
P. G. Wodehouse,5
Natsume Soseki ,5
Elizabeth Bishop,5
Divine Comedy,5
Smith,5
Crito,5
Dante Gabriel Rossetti,5
Twelfth Night,5
Fence (disambiguation),5
Le Cid,5
Bride of Frankenstein,5
Harriet Beecher Stowe,5
The Death of Artemio Cruz,5
The Tyger,5
Strange Case of Dr Jekyll and Mr Hyde,5
Satyricon,5
Our Man in Havana,5
Jerusalem Delivered,5
Nikos Kazantzakis,5
Of Mice and Men,5
Paul Laurence Dunbar,5
Breakfast at Tiffany's,5
Jorge Amado,5
Gilgamesh,5
Václav Havel,5
THOMAS,5
University of Chicago,5
The Road,4
Poetry,4
Paul,4
The Gift of the Magi,4
Raymond Chandler,4
Walker Percy,4
Stephen Dedalus,4
Oscar and Lucinda,4
Scheherazade,4
Flower of Evil,4
Javert,4
The Secret Life of Walter Mitty (1947 film),4
Mourning Becomes Electra,4
Muriel Spark,4
Romeo,4
William,4
José Martí,4
Anne Frank,4
The Cask of Amontillado,4
In the Penal Colony,4
Glass family,4
Life & Times of Michael K,4
Paradiso,4
The Misanthrope,4
The Day of the Locust,4
The Library of Babel,4
Daisy Miller,4
The Color Purple,4
"To Althea, from Prison",4
John,4
A Valediction: Forbidding Mourning,4
V. Bhashyam Aiyangar,4
The Fall,4
Rhinoceros,4
Herzog,4
Persian,4
Meno,4
Nathanael West,4
Michael Chabon,4
Epic of Gilgamesh,4
The Sandman Companion,4
Adam Bede,4
Jonathan Franzen,4
The Knights,4
Doctor Faustus (novel),4
Charles,4
Kenzaburo Oe ,4
Arthur Koestler,4
An Occurrence at Owl Creek Bridge (film),4
Arthur Conan Doyle,4
Katherine Anne Porter,4
Red,4
John Osborne,4
Arrowsmith,4
Claude McKay,4
An Essay on Man,4
Ben Okri,4
The Spanish Tragedy,4
The Merry Wives of Windsor,4
George Herbert,4
The Little Foxes,4
White,4
Halldór Laxness,4
The Things They Carried,4
The Murders in the Rue Morgue,4
Light in August,4
Samuel Butler,4
Anna Christie,4
Kafka on the Shore,4
Kalidasa,4
Juvenal,4
Go Down Moses,4
Holy Sonnets,4
Diary,4
Jude the Obscure,4
Amis,4
Hesiod,4
American Pastoral,4
The Yellow Wallpaper,4
A Passage to India,4
Death,4
Lord Jim,4
Mother Courage and Her Children,4
Order of the Bath,4
Jean Valjean,4
The Old Gringo,4
The Temple of the Golden Pavilion,4
Terence,4
Margaret,4
The Garden of Forking Paths,4
Portnoy's Complaint,4
Dom Casmurro,4
The Bostonians,4
The Fall of the House of Usher,4
Sappho,4
Erskine Caldwell,4
To Autumn,4
Captain Ahab,4
Ayn Rand,4
Harlem Renaissance,4
A Grain of Wheat,4
Agamemnon,4
Canada,4
Falstaff,4
Appointment in Samarra,4
Zorba the Greek,4
The Robbers,4
Russian,4
Steppenwolf (novel),4
Martial,4
The House on Mango Street,4
Robert Herrick,4
Roberto Bolaño,4
Louisa May Alcott,4
Erewhon,4
Junot Díaz,4
The Portrait of a Lady,4
Siegfried Sassoon,4
Sigrid Undset,4
United States,4
The Last of the Mohicans,4
This Side of Paradise,4
The Clouds,4
New Orleans,4
Richard Lovelace,4
Decline and Fall,4
Kim,4
The Merchant of Venice,4
Goblin Market,4
Ernest,4
Clarissa,4
Hell,4
Abraham Lincoln,4
Detective,4
A Bend in the River,4
Ken Kesey,4
R. K. Narayan,4
Desire Under the Elms,4
The Man of Mode,4
The Lady with the Dog,4
Norman Mailer,4
The Road Not Taken,4
I Sing the Body Electric (poem),4
Rupert Brooke,4
Gerhart Hauptmann,4
Ryunosuke Akutagawa,4
The Power and the Glory,4
The Snows of Kilimanjaro,4
The Call of the Wild,4
"Easter, 1916",4
Wise Blood,4
Doctor,4
The Rise of Silas Lapham,4
Lady Windermere's Fan,4
The Time Machine,4
Bleak House,4
Akutagawa Ryunosuke ,4
Isaac Bashevis Singer,4
Philip Sidney,4
Miguel Angel Asturias,4
Lillian Hellman,4
Thomas De Quincey,4
Miguel de Unamuno,4
The Outcasts of Poker Flat (1952 film),4
Main Street,4
Atticus Finch,4
Death and the King's Horseman,4
The Pickwick Papers,4
Hopscotch,4
Alice Walker,4
The Rip Van Winkle Caper,4
Henryk Sienkiewicz,4
Metamorphoses,4
Ebenezer Scrooge,4
Thousand Cranes,4
Daphne du Maurier,4
Satire,4
Eugene,4
The Caucasian Chalk Circle,4
Daddy longlegs,4
The Vicar of Wakefield,4
Peter Carey,4
Du Fu,4
Endgame,4
The Palm-Wine Drinkard,4
Plato,3
Daisy Buchanan,3
Independent People,3
Myosotis,3
Nicholas Nickleby,3
Ode: Intimations of Immortality,3
Juan Rulfo,3
Alazon,3
The Hairy Ape,3
Bus stop,3
Henry David Thoreau,3
Wales,3
Piano,3
Meursault,3
Ryunosuke Akutagawa ,3
Hugo von Hofmannsthal,3
Colombia,3
The Piazza Tales,3
Karel Capek ,3
Adolf Hitler,3
Epic poetry,3
Danton's Death,3
The Winter's Tale,3
Woe from Wit,3
The Jungle Book,3
Blood Knot,3
W,3
Charles Lamb,3
Pavelka Farmstead,3
Rebecca,3
My Name Is Red,3
The Natural,3
Sea,3
Vampire,3
The Prince and the Pauper,3
Robert Graves,3
Treasure Island,3
Willy Loman,3
Roald Dahl,3
Algernon Charles Swinburne,3
Boris Pasternak,3
Brothers Grimm,3
Oku no Hosomichi,3
The Return of the Native,3
Puck,3
Northanger Abbey,3
Lazarillo de Tormes,3
André Brink,3
Oscar,3
After the Fall,3
The Bronze Horseman (poem),3
The Ransom of Red Chief,3
Leo,3
Doctor Faustus (play),3
"Nip the Buds, Shoot the Kids",3
Czech,3
Confessions of a Mask,3
The Tenant of Wildfell Hall,3
A Hunger Artist (collection),3
The Optimist's Daughter,3
Julius Caesar (play),3
Paul Valéry,3
Henry Miller,3
The Death of Ivan Ilyich,3
Aethiopica,3
Isaac Asimov,3
The Leopard,3
The Autumn of the Patriarch,3
White Fang,3
Joyce Carol Oates,3
'Tis Pity She's a Whore,3
Don Juan,3
The Clown,3
Songs of Innocence and of Experience,3
Miss Lonelyhearts,3
Amy Lowell,3
Adventures of a Young Man,3
The Lucy poems,3
Guy Montag,3
Paul Celan,3
The White Tiger,3
The Idea of Order at Key West,3
Yellow,3
The Bacchae,3
George Washington Cable,3
A Personal Matter,3
The Man With the Blue Guitar,3
Czech language,3
Civil Disobedience (Thoreau),3
Demian,3
El Señor Presidente,3
The Birth-Mark,3
Confessions (Augustine),3
Gertrude Stein,3
Uncle Tom,3
A Tale of a Tub,3
Hansel and Gretel,3
Simone de Beauvoir,3
Jun'ichiro Tanizaki,3
The Children's Hour,3
White Teeth,3
Wolfe,3
Imre Kertész,3
Man and Superman,3
Joseph Stalin,3
H,3
"I, Claudius",3
The Forsyte Saga,3
C. S. Lewis,3
Gottfried Keller,3
The Lottery,3
Roland Barthes,3
The Amazing Adventures of Kavalier & Clay,3
Drama,3
Charlemagne,3
Titus Andronicus,3
Sailing to Byzantium,3
Jeffrey Eugenides,3
Brontë family,3
Gothic fiction,3
My Ántonia,3
Sula,3
American Civil War,3
The Time of the Hero,3
The Devil's Dictionary,3
The Sot-Weed Factor,3
"Look Homeward, Angel",3
The Zoo Story,3
The Inspector General,3
Czech Republic,3
José Donoso,3
Juana Inés de la Cruz,3
Adonis,3
William Inge,3
Essay,3
Delta Wedding,3
Brown,3
The Maids,3
Ivan Bunin,3
Susan Sontag,3
The Autobiography of Benjamin Franklin,3
Rashomon,3
Latin,3
Dubliners,3
Adonaïs,3
Silence,3
The Celebrated Jumping Frog of Calaveras County,3
Betrayal,3
The Book of Laughter and Forgetting,3
Baseball,3
The Song of Hiawatha,3
David Malouf,3
Changeling (disambiguation),3
Washington Square,3
Symposium,3
The Human Comedy,3
Thomson Financial,3
The Blessed Damozel,3
Four Quartets,3
Purple,3
Oklahoma!,3
Tamil,3
The Playboy of the Western World,3
The Emperor Jones,3
Henry IV,3
Laurence Sterne,3
Samuel Richardson,3
The Silent Cry,3
The Betrothed,3
A Handful of Dust,3
Junichiro Tanizaki,3
Matsuo Basho,3
Isaac Babel,3
Desiderius Erasmus,3
Waiting for Lefty,3
A Modest Proposal,3
Bridge,3
Adrienne Rich,3
Cairo Trilogy,3
JB,3
Blanche DuBois,3
Boxing,3
Chambered nautilus,3
The Awakening (Chopin novel),3
A Sentimental Journey Through France and Italy,3
Through the Looking-Glass,3
Confessions of an English Opium-Eater,3
Rossetti,3
New York City,3
Hikaru Genji,3
Vietnam War,3
Tobacco Road,3
Mahabharata,3
Harold Bloom,3
California,3
Machado de Assis,3
Anita Desai,3
Orecta lycidas,3
Elmer Rice,3
Breakfast of Champions,3
The Two Gentlemen of Verona,3
The Beaux' Stratagem,3
Kiss of the Spider Woman,3
Jean-Jacques Rousseau,3
Quo vadis?,3
Lope de Vega,3
Cymbeline,3
Russia,3
The Purloined Letter,3
Look Back in Anger,3
"Gabriela, Clove and Cinnamon",3
Prophet (disambiguation),3
The Knight's Tale,3
Self-portrait in a Convex Mirror,3
Howl,3
The Makioka Sisters,3
The Stone Raft,3
Soul Mountain,3
German language,3
"""Desiree's Baby""",3
The Way of All Flesh,3
Charlotte Brontë,3
Finnegans Wake,3
Willie Stark,3
Shahnameh,3
Yiddish,3
Slave narrative,3
The Blind Assassin,3
Cleopatra,3
Chinese,3
Invisible Cities,3
McTeague,3
Never Let Me Go,3
Louis-Ferdinand Céline,3
Arthur,3
Niccolò Machiavelli,3
Mrs Dalloway (film),3
The Wind-Up Bird Chronicle,3
Rip Van Winkle,3
Countee Cullen,3
Blithe Spirit,3
William H. Gass,3
A Death in the Family,3
Richard III of England,3
James Russell Lowell,3
Frog,3
Aeneas,3
Betrayed by Rita Hayworth,3
Amy Tan,3
Ceremony,3
Zadie Smith,3
Lorraine Hansberry,3
The Tenth Muse Lately Sprung Up in America,3
Timon of Athens,3
The Wife of Bath's Tale,3
List of To Kill a Mockingbird characters,3
Doctor Faustus,3
Primo Levi,3
J. R. R. Tolkien,3
William Saroyan,3
Italian,3
Ironweed,3
North of Boston,3
Standard molar entropy,3
Mrs. Warren's Profession,3
Clarice Lispector,3
Jose,3
Simone Martini,3
Pale Fire,3
Prospero,3
Ode,3
The Physicists,3
John Galsworthy,3
Oe Kenzaburo,3
Peer Gynt,3
Areopagitica,3
Hester Prynne,3
Notes from the Underground,3
Against the Day,3
Khalil Gibran,3
Betty Friedan,3
Fable,3
Martín Fierro,3
The Piano Lesson,3
Walt,3
Ngugi wa Thiong'o ,3
Lawrence Ferlinghetti,3
Maurice Maeterlinck,3
Elizabeth Gaskell,3
The English Patient,3
The Hollow Men (comedy troupe),3
Locksley Hall,3
The Woman in White,3
Tartarus,2
The Corrections,2
John Webster,2
The Bridge on the Drina,2
Alice Adams,2
G. K. Chesterton,2
Drowning,2
The Time of Your Life,2
Chinese Americans,2
Patriotic Gore,2
No One Writes to the Colonel,2
Alejo Carpentier,2
Lynching,2
The Earthquake in Chile,2
Flatland,2
François Villon,2
The Village Blacksmith (film),2
Thomas Keneally,2
Ohio,2
Chester Himes,2
Gorgias,2
The Dream Songs,2
The Golden Notebook,2
Ng?g? wa Thiong'o ,2
Horatio,2
The Marble Faun,2
Oliver Wendell Holmes Jr.,2
Parmenides,2
Tam o' Shanter,2
Nana,2
Jesus,2
Tiresias,2
Compson family,2
The Miller's Tale,2
Counterpart,2
Shmuel Yosef Agnon,2
Kobo Abe ,2
Vathek,2
Japanese,2
A White Heron,2
Blue,2
Pudd'nhead Wilson,2
Good Country People,2
The Lady of Blossholme,2
Women in Love,2
José Rizal,2
Rival Poet,2
Thalaba the Destroyer,2
A Suitable Boy,2
Odysseus,2
The Last Temptation of Christ,2
Cairo,2
Shame,2
Ligeia,2
Novalis,2
Derek,2
Ian McEwan,2
Sea bathing,2
Cancer Ward,2
"Tlön, Uqbar, Orbis Tertius",2
The Chant of Jimmie Blacksmith,2
Inherit the Wind,2
Fool (novel),2
Thelton Henderson,2
Akutagawa Ryunosuke,2
Le Corbusier,2
The Man Without a Country,2
Soviet Union,2
John Ford,2
Apologia Pro Vita Sua,2
Rosmersholm,2
Elmer Gantry,2
John Fowles,2
Michael Frayn,2
The Good Soldier,2
Saint Petersburg,2
Elizabeth Barrett Browning,2
Thanatopsis,2
The Naked and the Dead,2
Albrecht von Wallenstein,2
Ivan,2
Robert Southey,2
Statius,2
Paradise,2
Beatrice Portinari,2
Joseph Knecht,2
Malvolio,2
Donald Barthelme,2
"Come Back, Little Sheba",2
Black Boy,2
The House of Fame,2
Life of Galileo,2
Oblomov,2
Anderson,2
The Open Boat,2
Around the World in Eighty Days,2
Helen of Troy,2
Joseph Campbell,2
Laura,2
Ireland,2
John Ashbery,2
Caelia,2
E. L. Doctorow,2
Sydney Carton,2
The Nutcracker,2
Quo Vadis (novel),2
William Godwin,2
Julia Kristeva,2
Boule de Suif,2
Hebrew language,2
Paul Verlaine,2
The Night of the Iguana,2
Abel Sánchez: The History of a Passion,2
Deus ex machina,2
A Coney Island of the Mind,2
Babylon Revisited and Other Stories,2
The Outsiders,2
Cavalier poet,2
The Good Person of Szechwan,2
Wine,2
D,2
Joe Orton,2
James,2
Alice,2
Vile Bodies,2
Heart,2
The Grandissimes: A Story of Creole Life,2
Surrealism,2
Go Tell It on the Mountain,2
John Gower,2
Hughes,2
The Prelude,2
The Comedy of Errors,2
C. Wright Mills,2
Queequeg,2
Murder on the Orient Express,2
Because I could not stop for Death,2
An Occurrence at Owl Creek Bridge,2
Lawrence Durrell,2
Protagoras,2
The Sheltering Sky,2
Victor Frankenstein,2
George Willard,2
The Autobiography of Alice B. Toklas,2
Sleeping Beauty (disambiguation),2
Jean,2
Generation of '27,2
Golden,2
The Weary Blues,2
Sister Carrie,2
The Courtship of Miles Standish,2
Milo Minderbinder,2
No Longer at Ease,2
The Princess Casamassima,2
Madmen and Specialists,2
Ry?nosuke Akutagawa ,2
Amerika,2
World War II,2
The Man Who Was Thursday,2
Republic,2
Ornithoptera tithonus,2
Pastoralia (story),2
Kobo Abe,2
Lady Macbeth,2
Miguel Angel Asturias Rosales,2
Confessions of Felix Krull,2
A Toccata of Galuppi's,2
Myst IV: Revelation,2
List of literary initials,2
The Sailor Who Fell from Grace with the Sea,2
The Autocrat of the Breakfast-Table,2
Benito Cereno (writer),2
Snow-Bound,2
Agatha Christie,2
The Skin of Our Teeth,2
The Immoralist,2
Thomas Paine,2
Ariel,2
The Weavers,2
The Magic Flute,2
Mary Shelley,2
Elizabeth Costello,2
Coriolanus,2
José Maria de Eça de Queirós,2
Prometheus,2
Thucydides,2
Colonial history of the United States,2
Amos Oz,2
Barn Burning,2
Sheep,2
Mississippi,2
The Cloven Viscount,2
Black Lamb and Grey Falcon,2
Ars Poetica,2
Friar,2
The Master of Go,2
Ishmael,2
Paul Bäumer,2
Edward II of England,2
"Orlando, Florida",2
Livy,2
Petersburg,2
All's Well That Ends Well,2
Tragedy,2
The War of the End of the World,2
The Brief Wondrous Life of Oscar Wao,2
François Duvalier,2
The Tale of the Heike,2
Iris Murdoch,2
Hungary,2
Suicide,2
Sergey Lvovich Levitsky,2
Mahmoud Darwish,2
Prince Myshkin,2
Under the Volcano,2
Love,2
David Balfour,2
Anthills of the Savannah,2
The Art of War,2
Autobiography,2
Guillaume Apollinaire,2
The Loneliness of the Long Distance Runner,2
The Gulag Archipelago,2
Charles Marlow,2
Werther,2
Robert Sherwood,2
Young Goodman Brown,2
2666,2
We,2
Sunday Morning,2
Los Angeles,2
Bertha Mason,2
I Am a Cat,2
Kim (novel),2
Walden,2
Le Bateau ivre,2
Gore Vidal,2
Astrophel and Stella,2
Gerontion (Homeland),2
La Vita Nuova,2
Anthony Trollope,2
Agnes Grey,2
Henry Adams,2
Odes (Horace),2
Pearl,2
Jean Rhys,2
The Ballad of Peckham Rye,2
Baudolino,2
The French Lieutenant's Woman,2
The Baron in the Trees,2
Growth of the Soil,2
Venice,2
Israel,2
The Scholar Gipsy,2
The Collected Stories of Katherine Anne Porter,2
Marquis de Sade,2
Dream,2
Giacomo Leopardi,2
If,2
Seven Against Thebes,2
Nick Adams,2
Benya Krik,2
The Consolation of Philosophy,2
Crane,2
The Bells,2
The Plot Against America,2
Emma Lazarus,2
Nikolai,2
Pig,2
Troy,2
On First Looking into Chapman's Homer,2
La Belle Dame sans Merci,2
Medea,2
Temple,2
"Walden,",2
Equus,2
Out of the Cradle Endlessly Rocking,2
The Unvanquished,2
The Adding Machine,2
The Way of the World,2
Octopus (disambiguation),2
Catherine Earnshaw,2
List of Emily Dickinson poems,2
The Mill on the Floss,2
Science and Health with Key to the Scriptures,2
Diary of a Madman,2
Confessions,2
Funes the Memorious,2
Tao Te Ching,2
House,2
Azul Brazilian Airlines,2
Joseph,2
Manhattan Transfer,2
Ford Madox Ford,2
The Emperor of Ice-Cream,2
Pindar,2
A. S. Byatt,2
Kidnapped,2
The Joy Luck Club,2
The Sound of the Mountain,2
Old English,2
Society for Electro-Acoustic Music in the United States,2
Emily,2
Winter,2
The Masque of the Red Death,2
Nikos Kazantakis,2
Count Dracula,2
Griselda (folklore),2
James Agee,2
Either/Or,2
A. P. J. Abdul Kalam,2
The Ballad of Reading Gaol,2
The White Man's Burden,2
Fanny Price,2
Lapis lazuli,2
Mary Stuart,2
"Pamela; or, Virtue Rewarded",2
Phaedo,2
The Man That Corrupted Hadleyburg,2
Rafael Trujillo,2
Sir Kay,2
Seascape,2
Sidney Lanier,2
A Rebours ,2
Dona Flor and Her Two Husbands,2
Crome Yellow,2
Sheridan Le Fanu,2
Mystery play,2
Fixer,2
Museum of Fine Arts,2
Barabás,2
David Lodge,2
A Worn Path,2
Ophelia,2
The Pardoner's Tale,2
Christopher Okigbo,2
Sentimental Education,2
Mark Antony,2
Petals of Blood,2
Woyzeck,2
Stéphane Mallarmé,2
Cloud atlas (disambiguation),2
Rose,2
The Life You Save May Be Your Own,2
Heathcliff,2
Kristin Lavransdatter,2
Looking Backward,2
Leigh Hunt,2
Twenty Thousand Leagues Under the Sea,2
A Wrinkle in Time,2
To a Waterfowl,2
The Elements of Style,2
Dodsworth,2
Dictionary,2
Orestes,2
John Berryman,2
Belgium,2
Hunger,2
Mac Flecknoe,2
Manderley,2
Sonnet 94,2
C. Auguste Dupin,2
Giles Goat-Boy,2
Wasteland,2
"Breath, Eyes, Memory",2
Ode to the Confederate Dead,2
Iceland,2
A New Way to Pay Old Debts,2
Teacher,2
Il Canzoniere,2
Samson Agonistes,2
Joe Turner's Come and Gone,2
Ender Wiggin,2
Shipwreck,2
Rhyme,2
The Peony Pavilion,2
Sredni Vashtar,2
Pharsalia,2
The Chairs,2
Winter Dreams,2
Roots: The Saga of an American Family,2
Prometheus Unbound,2
Afrikaans,2
The Deptford Trilogy,2
A Very Old Man with Enormous Wings,2
"God Bless You, Mr. Rosewater",2
Michael Ondaatje,2
Prometheus Bound,2
Some Prefer Nettles,2
A Simple Heart,2
Skunk Hour,2
Buried Child,2
The Rivals,2
Gotthold Ephraim Lessing,2
Plutarch,2
The White Devil,2
Italian language,2
Man's Fate,2
The Confessions of Nat Turner,2
Sagas of Icelanders,2
Seize the Day,2
The Rose Tattoo,2
Literary fragment,2
Translations during the Spanish Golden Age,2
Pamela,2
Good-Bye to All That,2
Germany,2
Thomas Shadwell,2
Stream of consciousness,2
Claudius,2
The Hunger Games,2
Bessie Head,2
Up from Slavery,2
Lu Xun,2
Butterfly,2
Journey to the Center of the Earth,2
Platero,2
Massachusetts,2
The Flea (poem),2
Oliver Cromwell,2
Philip K. Dick,2
Picnic,2
"""Ruins of a Great House""",2
O Captain! My Captain!,2
Simon,2
The Communist Manifesto,2
Michel de Montaigne,2
Frank O'Hara,2
Augie March,2
A Delicate Balance,2
Shylock,2
Africa,2
Robertson Davies,2
Jorge,2
The Fountainhead,2
Denmark,2
Pip (Great Expectations),2
Giovanni Verga,2
Omeros,2
The Real Thing,2
Clan Gordon,2
Elegy,2
The Darkling Thrush,2
The Devil and Daniel Webster (film),2
Jim,2
Lara,2
Libra,2
Angle of repose,2
Hugh Selwyn Mauberley,2
Glass,2
RAND Corporation,2
When I Consider How My Light is Spent,2
Giovanni's Room,2
The Dwarf,2
Quentin Compson,2
Who Mourns for Adonais?,2
Childe Roland to the Dark Tower Came,2
Composer,2
Turkey,2
A Hero of Our Time,2
List of biographies of Muhammad,2
Heartbreak House,2
Cosette,2
The Pit and the Pendulum (1961 film),2
The Revenger's Tragedy,2
Salome,2
Greek,2
Sherman Alexie,2
Book of Daniel,2
Arrow of God,2
The Gold-Bug,2
An Ideal Husband,2
Germinal,2
Georg Büchner,2
"Augusta, Lady Gregory",2
Novel,2
Prince Hamlet,2
The Bridge,2
Hiawatha,2
Jerzy Kosinski,2
Oulipo,2
1980 Ash Wednesday bushfires,2
Purgatorio,2
Anne Brontë,2
Natty Bumppo,2
Orisha (disambiguation),2
Martin Amis,2
Wide Sargasso Sea,2
Buddenbrooks,2
Serbian,2
Minnesota,2
Evangeline,2
The Waves,2
The Anxiety of Influence,2
A Prayer for Owen Meany,2
Venus,2
William Styron,2
Arthur Schopenhauer,2
James Weldon Johnson,2
A Commentary on the General Prologue to The Canterbury Tales,2
Emily Brontë,2
William Gilmore Simms,2
Molloy,2
Gooseberry,2
Stella Kowalski,2
The Lost Honour of Katharina Blum,2
Anne of Green Gables,2
Of Love and Other Demons,2
Charlotte's Web,2
"""Master Harold""...and the Boys",2
Bicycle Thieves,2
Mariano Azuela,2
Francisco de Quevedo,2
Yevgeny Zamyatin,2
Macau Resident Identity Card,2
Orientalism,2
Iran,2
Jester,2
The Ring and the Book,2
The Pillow Book,2
Karl Popper,2
Mordecai Richler,2
Death and the Maiden,2
Auto-da-fé,2
"""The Cloud Messenger"" ",2
"Eden Cemetery (Collingdale, Pennsylvania)",2
Brian O'Nolan,2
Shakespeare's sonnets,2
Dwarf,2
Childe Harold's Pilgrimage,2
Seneca the Younger,2
Major Barbara,2
The Secret Agent,2
Valmiki,2
Paris,2
Ngugi wa Thiong'o,2
Imogen,2
A Hazard of New Fortunes,2
Homer,2
The Golden Ass,2
Bernice Bobs Her Hair,2
D. W. Griffith,2
The War of the Worlds,2
Aladdin,2
Joseph Andrews,2
Dario Fo,2
The Rocking-Horse Winner,2
Midaq Alley,2
Baba Yaga,2
Florida,2
Watership Down,2
Preface to the Lyrical Ballads,2
Maggie,2
The Crime of Sylvestre Bonnard,2
Gross Indecency: The Three Trials of Oscar Wilde,2
Dr. Watson,2
The Posthumous Memoirs of Bras Cubas,2
The Adventures of Tom Sawyer,2
Blood Wedding,2
Nectar in a Sieve,2
Narcissus (plant),2
John Brown,2
Joachim du Bellay,2
The Changing Light at Sandover,2
Politics and the English Language,2
Sarah Orne Jewett,2
Winterset,2
The Alexandria Quartet,2
The Adventures of Augie March,2
Bel Ami,2
Jennie Gerhardt,2
Empire Falls,2
Lowell,2
George Etherege,2
Bear,2
Jerome K. Jerome,2
Edmond Dantès,2
The Four Million,2
Rosencrantz and Guildenstern,2
Ragtime,2
Labyrinths,2
The Quiet American,2
Julio,2
Thomas Carlyle,2
Alessandro Manzoni,2
San Francisco,2
Lucky Jim,2
Friday,2
Notre Dame de Paris,2
Kaddish,2
Jamaica,2
England,2
Nightingale (disambiguation),2
Polish,2
Rumi,2
Trilby,2
Short story,2
The Bear (1984 film),2
Robot,2
Scoop,2
Utopia,2
Boule de suif (film),2
Prostitution,2
The Golden Bough,2
Wallace,2
Burger's Daughter,2
Robinson Jeffers,2
Fidelio,2
The Cantos,2
Frost at Midnight,2
Berengar,2
The Minister's Black Veil,2
Epic of King Gesar,2
Sancho Panza,2
The Old Curiosity Shop,2
Brahma Sutras,1
Queen of spades,1
Beat Generation,1
Colley Cibber,1
Grand Theft Auto: Vice City,1
Federico García,1
Tradition and the Individual Talent,1
Michel Houellebecq,1
Soliloquy of the Spanish Cloister,1
Thyrsis,1
Stanley Cavell,1
John Crowe Ransom,1
Hiroshima,1
Le Morte d'Arthur,1
Host,1
Season of Migration to the North,1
Douglas,1
Marius the Epicurean,1
Poor relief,1
John Cross (artist),1
Zhu Bajie,1
George Chapman,1
Josef K,1
Satanic Verses,1
The Stone Diaries,1
Ubu Roi,1
Becky Sharp,1
Fasti,1
The Threepenny Opera,1
List of rivers of Colorado,1
Philippine-American War ,1
Jerry Seinfeld,1
Henrik Pontoppidan,1
Mayor of Pichilemu,1
Gem of the Ocean,1
Oration on the Dignity of Man,1
Collins,1
Charade,1
The Hobbit,1
Greek chorus,1
Order of the Phoenix (fictional organisation),1
Robert Bridges,1
Dominicae Cenae,1
Pilgrim at Tinker Creek,1
Thomas Dekker,1
Vladimir Propp,1
The Fault in Our Stars,1
The Song of the Lark,1
Judy Blume,1
In Search of Our Mothers' Gardens,1
Pump organ,1
Classical Latin,1
Margarita,1
"One poet from this country described scratching figures on rocks in ""The Individual's Soliloquy"", one of his Poems and Antipoems. Another poet from this country noted that it would be ""delicious"" to ""kill a nun with a blow to the head"" and mused ""it so happens that I am tired of being a man"" in a 1935 poem. Nicanor Parra and the author of ""Walking Around"" are from this country, which is also home to a poet who included ""Decalogue of an Artist"" in ",1
Non-fiction novel,1
Ramona (novel series),1
Jean Anouilh,1
EDGAR,1
Greene,1
The School for Husbands,1
Peter Quince at the Clavier,1
Tommy Walker,1
Modern Greek,1
The Seven Storey Mountain,1
Frank Lloyd Wright,1
Beatrice,1
Haim,1
Charles Brockden Brown,1
Great American Novel,1
glyph1197ew Zealand ,1
William Downs,1
Bullfighting,1
Franco-Prussian War,1
Hilaire Belloc,1
Fabian Society,1
Steven Millhauser,1
The Oversoul Seven Trilogy,1
The Manciple's Tale,1
Firefighter,1
Arrowsmith (novel),1
The Garden Party (short story collection),1
Book,1
Myra Breckinridge,1
Epic,1
The Rainbow,1
1779 in poetry,1
The Miser,1
Intercourse,1
Nikolai Vasilievitch Gogol,1
The Big Money,1
Hudibras,1
Works and Days,1
Miss Marple,1
Everyman,1
A Tragedian in Spite of Himself,1
Hinton Rowan Helper,1
The Mysterious Stranger,1
Jeanette Winterson,1
The Well of Loneliness,1
Neorealism,1
Atkins v. Virginia,1
Enoch Soames,1
Peafowl,1
Rocinante,1
The Lost Steps,1
Christianity,1
Waverley,1
Jackson Pollock,1
Lotte in Weimar: The Beloved Returns,1
"Suddenly, Last Summer",1
The Violent Bear It Away,1
William Bradford,1
For Colored Girls Who Have Considered Suicide / When the Rainbow Is Enuf,1
La Gioconda,1
Just-world hypothesis,1
Troilus and Cressida,1
"BOA Editions, Ltd.",1
Molly Bloom,1
Pied Beauty,1
A. B. Yehoshua,1
Ring Lardner,1
Irony,1
Rod Steiger on screen and stage,1
Ralph,1
Marat/Sade,1
Friedrich Engels,1
Pierre de Marivaux,1
Lilith,1
Yellow (disambiguation),1
Cú Chulainn,1
"John ""Jemmy Legs"" Claggart ",1
Adams Memorial,1
List of Israeli films of the 1980s,1
The Wall,1
St. Teresa of Avila,1
Lily Bristow,1
"Good Morning, Midnight",1
Miranda,1
Bestiary,1
Crossing the Bar,1
Heimdallr,1
John Banville,1
Iulia Constantia Zilil,1
Peasants' Revolt,1
Griselda,1
Jean Santeuil,1
Juventus F.C.,1
Ajax (programming),1
Macduff,1
Alan Sillitoe,1
Alger Hiss,1
Don Carlos,1
Chimney sweep,1
"Jimmy Corrigan, the Smartest Kid on Earth",1
Baltasar and Blimunda,1
1923 Pulitzer Prize,1
Ptolemy,1
Stephen Decatur,1
Henry,1
"Notes on ""Camp""",1
Fine-structure constant,1
Black Beauty,1
The Summoner's Tale,1
The Education of Henry Adams,1
Ernest J. Gaines,1
Ludwig,1
AMBER,1
Alfred Stieglitz,1
Call It Sleep,1
Hero,1
The Mandrake,1
Kakfa on the Shore,1
Metaphysical poets,1
Judge,1
Mercy,1
Charles Kingsley,1
List of law clerks of the Supreme Court of the United States,1
The Three Hermits,1
She Walks in Beauty,1
"Liederkreis, Op. 39 (Schumann)",1
Plutus,1
Duke Ellington,1
2 + 2 = 5,1
Henry L. Stimson,1
Film criticism,1
Pictures from an Institution,1
The Life and Death of King Richard II (1960 film),1
Dutchman,1
Arundhati Roy,1
Mouse,1
Epic of Sundiata,1
Allegory of the Cave,1
Timaeus,1
Aside,1
List of Hill Street Blues episodes,1
U.S.A. (trilogy),1
"Ward No. 6, Kolkata Municipal Corporation",1
Nervous Conditions,1
Sutra,1
Clavileño,1
Jacobite rising of 1745,1
Eumenides,1
Muse,1
Pallas (Titan),1
Rabbit,1
The Morrígan,1
Hole,1
Boris (band),1
Professor Moriarty,1
Ahab,1
Riddler,1
Astrid Lindgren,1
The Animals,1
Roth,1
At Swim-Two-Birds,1
Swimmer (disambiguation),1
The Mother,1
A Separate Peace,1
Children of Paradise,1
In medias res,1
Rocket Ship Galileo,1
Stamp Act 1765,1
Mirror,1
West Side Story,1
Hamlet and His Problems,1
May Day,1
S. Fowler Wright,1
Cooper,1
John Shade,1
Philip Marsden,1
How the García Girls Lost Their Accents,1
A Virtuoso's Collection,1
Harriet Ann Jacobs,1
Bliss,1
Laurence Olivier Award for Best Performance in a Supporting Role,1
Contrast,1
Snowy,1
Ancient Greek comedy,1
A High-Toned Old Christian Woman,1
N. Scott Momaday,1
The Killers,1
Q,1
Abel Magwitch,1
John Dewey,1
Coal mining,1
Négritude,1
August 27,1
Battle of Dien Bien Phu,1
Dune,1
The Interpretation of Dreams,1
Aran Islands,1
Lancelot,1
Yevgeny,1
Benito Pérez Galdós,1
Mount Vesuvius,1
Reasons and Persons,1
Pop art,1
Franny and Zooey,1
"Salem, Massachusetts",1
Benjamin Disraeli,1
Aviator (disambiguation),1
Evelina,1
Maori people ,1
The Mayor of Zalamea,1
Center for the Greek Language,1
Wittgenstein on Rules and Private Language,1
Formalism,1
The Human Stain,1
The Waking,1
On Murder Considered as one of the Fine Arts,1
Myrmidons,1
Jim Burden ,1
List of Republic of the Congo films,1
The Agony and Sweat of the Human Spirit,1
Lorenzo Valla,1
Benito Cereno,1
Quasimodo,1
Philip Melanchthon,1
Raymond Carver,1
Julian Barnes,1
Egyptian,1
The Dying Animal,1
Awake and Sing!,1
The Recognitions,1
Oceanus,1
Book of Job,1
Inauguration of a Torah scroll,1
Ut pictura poesis,1
Tristan Tzara,1
"""Snow-bound: A Winter Idyll""",1
Knight,1
Journalism,1
Talcott,1
Nicaraguan literature,1
The Dead,1
Pearl Poet,1
Luck,1
Pantagruel,1
True West,1
Lisbon,1
Goldberg Variations,1
Copenhagen,1
Ahimsa,1
Cain and Abel,1
The Oxbow,1
Romani people,1
J. G. Ballard,1
Dona Flor dos Guimares,1
The Atlantic,1
Gulf War,1
Russian language,1
The Hedgehog and the Fox,1
Maccabees,1
The Phenomenology of Spirit,1
Moll Pitcher,1
Wendy Wasserstein,1
Santiago,1
1650 in Ireland,1
The Italian,1
The Kreutzer Sonata (1987 film),1
Nikolai Leskov,1
Michelle Cliff,1
Ya?ar Kemal ,1
"The Water-Babies, A Fairy Tale for a Land Baby",1
Ding Ling,1
Book of Ezra,1
Winterreise,1
Netherlands,1
The Wings of the Dove,1
Pensées,1
Friedrich,1
James Ngugi Wa Thiong'o,1
Heracles,1
The New York Times,1
Swimming,1
World Heritage Site,1
Melmoth the Wanderer,1
Lois Lowry,1
Bokononism,1
Caribbean,1
Richard Cory (song),1
The Great Train Robbery,1
B. F. Skinner,1
Ludwig Roselius,1
Susan Glaspell,1
"Arden, Warwickshire",1
Peter Shaffer,1
Arden of Faversham,1
Jensen,1
The Monkey's Paw,1
Saint Boniface,1
The Dog Beneath the Skin,1
Black Spot (Treasure Island),1
Sonnet sequence,1
William Hazlitt,1
A Dance to the Music of Time,1
Wolf Hall,1
Suetonius,1
Pro Caelio,1
M. Butterfly,1
Arthur C. Clarke,1
Penguin Island,1
Tree,1
Wozzeck,1
Soldier,1
Profumo affair,1
Master Harold and the Boys,1
Anna Bolena,1
List of Ulysses characters,1
Wang Wei,1
Thomas Henry Huxley,1
After Many a Summer,1
Jordanes,1
Bruno Ganz,1
Philomela,1
The Beaver Coat,1
Pot of Gold,1
René Girard,1
The Good Soldier Svejk ,1
Brynhildr,1
Koenraad Elst,1
spin-orbit coupling ,1
List of Ferrarese consorts,1
Gunga Din,1
Desdemona,1
Max Beerbohm,1
Wyndham Lewis,1
Ad-Dawr,1
Alyosha the Pot,1
Mordor,1
Life a User's Manual,1
Giambattista Vico,1
Classical Chinese,1
Snow White and the Seven Dwarfs (1912 play),1
City Lights,1
The Moon and Sixpence,1
The Woman Warrior,1
A Supermarket in California,1
Country,1
Octopus,1
Sandman,1
A Man for All Seasons,1
Lupe Fiasco,1
The Girls of Slender Means,1
The Final Problem,1
"""Meghaduta"" ",1
Swamplandia!,1
List of honours of the British Royal Family by country,1
Judas Iscariot,1
A Report to an Academy,1
Tokyo,1
Our Mutual Friend,1
John Stuart Mill,1
Nikolay Vasilyevich Fyodorov,1
Tillius Cimber,1
Cytokinesis,1
Isma'ilism,1
August: Osage County (film),1
Mike Fink,1
Paul Revere's Ride,1
Portuguese language,1
La Cucaracha (comic strip),1
Flannery,1
The Blacks (play),1
Athens,1
Nazi Party,1
Modernismo,1
Moloch,1
Sword,1
Eugénie Grandet,1
The Luncheon on the Grass ,1
Seven Gothic Tales,1
Athena,1
The Homecoming,1
V.,1
Jean Toomer,1
Homo,1
The Wreck of the Deutschland,1
Amelia,1
Ivanov,1
Stanley Kubrick,1
Ising model,1
Negative capability,1
The Sorcerer's Apprentice,1
It's the End of the World as We Know It (And I Feel Fine),1
Extremely Loud and Incredibly Close,1
L. G. O. Woodhouse,1
Lost in Translation,1
The Family of Pascual Duarte,1
Imagism,1
The End of the Affair,1
The Deerslayer,1
The Polar Express,1
Sonnet 18,1
Katniss Everdeen,1
NE postcode area,1
Lulu,1
Marie de France,1
Rachid Boudjedra,1
Elizabeth Bennet,1
Sunday in the Park with George,1
Charles Bukowski,1
Joan of Arc,1
Cunégonde,1
René,1
Hickey,1
Heinrich,1
Fear and Loathing in Las Vegas,1
Roman Elegies,1
Devil,1
Lemuel Gulliver {accept either underlined portion],1
The Hunting of the Snark (musical),1
Raven,1
Thomas Eagleton,1
Nibelungenlied,1
Southern United States,1
Blood on the Forge,1
Martin Chuzzlewit,1
Christopher Fry,1
Ivo Andric,1
Philip,1
Empedocles,1
Fluorescence,1
This Be The Verse,1
Kikuyu language,1
United States Academic Decathlon topics,1
Ulysses (novel),1
Kojiki,1
Francis of Assisi,1
Guido Cavalcanti,1
Battle of Stamford Bridge,1
Barry Lyndon,1
The Beast in the Jungle,1
Iphigenia in Tauris,1
Urea cycle,1
Jack the Ripper,1
Aristotle,1
Ignatius of Antioch,1
The Scriptwriter,1
Don José,1
Walden Two,1
The Mower's Song,1
Dr. Heidegger's Experiment,1
Tom,1
Moll Flanders,1
Hesperides (poetry),1
GABRIELA Women's Party,1
The Bride Comes to Yellow Sky,1
Absalom and Achitophel,1
Harm Wiersma,1
Quran,1
The Mysterious Benedict Society,1
Brobdingnag,1
Maxine Hong Kingston,1
Lev,1
Annie Leibovitz,1
Gandalf,1
On Heroes and Tombs,1
American Gods,1
Boston Tea Party,1
The Twilight Saga: New Moon,1
Memoirs of Hadrian,1
Julian Jaynes,1
Diffraction,1
Punjabi,1
Too Late the Phalarope,1
Hero and Leander,1
Gordon Korman,1
The World as Will and Representation,1
Puck (A Midsummer Night's Dream),1
In Praise of Limestone,1
Winnie-the-Pooh,1
Walter Pater,1
Cottingley Fairies,1
Yoknapatawpha County,1
Lady Windermere's Fan (mathematics),1
Nightwood,1
Mary Rowlandson,1
Austria,1
Shaka,1
Robert E. Sherwood,1
An Apology for Poetry,1
Little Gidding,1
Thomas More,1
Strange Fruit,1
A. J. Ayer,1
Terra Nostra,1
Grotesque,1
Chitra Banerjee Divakaruni,1
Ramona Quimby,1
Strange Interlude,1
Franklin College,1
The Invention of Morel,1
The Dog in the Manger,1
The Day of Doom,1
Effi Briest,1
Roxane,1
Beowulf: The Monsters and the Critics,1
Epistolary,1
Saracen,1
Mumbo Jumbo,1
Dada,1
Step Brothers,1
The Most Dangerous Game (novel),1
John Ruskin,1
Nevsky Prospect,1
The Gods Are Athirst,1
Shadow,1
Princess Patricia's Canadian Light Infantry,1
Henry Sidgwick,1
Alice Liddell,1
Carlo Emilio Gadda,1
Sir,1
Junichiro Tanizaki ,1
New Historicism,1
17th century in literature,1
The Enchantress of Florence,1
Hector,1
Alone I Break,1
Sif,1
Persian language,1
Ashanti,1
Edward Jenner,1
Bloomsday,1
Aurora Leigh,1
Fronde,1
The Celestial Omnibus,1
An Essay on Criticism,1
The Nigger of the 'Narcissus',1
Sizwe Banzi Is Dead,1
Supermarket,1
Delmore Schwartz,1
Parmenides {SK/MA},1
Casey at the Bat,1
Marianne Dashwood,1
For the Union Dead,1
The Daring Young Man on the Flying Trapeze,1
Héroïde funèbre (Liszt),1
"Lohengrin, opera, Wagner-Werke-Verzeichnis 75 ",1
Felicia Hemans,1
Pan Tadeusz,1
John Penrose Angold,1
Peter Pan,1
J. L. Austin,1
Greed (film),1
Porphyry,1
The March,1
List of Emmerdale characters,1
"Matthew Arnold School, Staines-upon-Thames",1
Witchcraft,1
Roger Chillingworth,1
The Wreck of the Hesperus,1
Wis?awa Szymborska,1
Dystheism,1
The Unfortunate Traveller,1
Homeric Hymns,1
Reuben,1
Hans Bellmer,1
Hubert Duggan,1
Wakefield Mystery Plays,1
Sun,1
Gérard de Nerval,1
A Dream Play,1
Camille Paglia,1
Outlaws,1
Aborigine,1
Battle of the Milvian Bridge,1
Louisiana,1
The Praise of Folly,1
Ode to Joy,1
Sanctuary (Faulkner novel),1
Painting,1
James Hilton,1
Poor Folk,1
Madame Defarge,1
More Stately Mansions,1
Slouching Towards Bethlehem,1
Figaro,1
Sun Ra,1
Edward Eastlin Cummings,1
Miss Havisham,1
Rudin,1
The New York Trilogy,1
The Albatross,1
Gone with the Wind,1
Pinkerton (detective agency),1
Cyclic adenosine monophosphate,1
Jean Genet,1
Parables of Jesus,1
The Lorelei Signal,1
Orlando: A Biography,1
Rusalka,1
Pelléas and Mélisande,1
The Knight of the Burning Pestle,1
War of the Pacific,1
The Bartered Bride,1
Canon,1
Clarel,1
Spanish-American War,1
Priesthood (Catholic Church),1
Green Knight,1
Earl Warren,1
Heinrich Mann,1
Mycroft Holmes,1
The Breasts of Tiresias,1
The Pit (Norris novel),1
Alexander Iseyavich Solzhenitsyn,1
Down at the Dinghy,1
Josef ?vejk ,1
Stoicism,1
Anna Karenina (2012 film),1
The Country of the Blind,1
Father (disambiguation),1
Harry S. Truman,1
Theatre,1
3 (number),1
Federico,1
Philip Glass Buys a Loaf of Bread,1
"Statue of John Henry Newman, London",1
George Lamming,1
Edward Franklin Albee,1
Kamala Markandaya,1
James Merrill,1
GSKB Almaz-Antey,1
Wit,1
The Barber of Seville,1
Duel,1
Apology,1
The Eve of St. Agnes,1
Basque,1
Music education,1
Denis Johnson,1
William I,1
Robert Frost: A Lover's Quarrel with the World,1
Book of Genesis,1
Joao Guimaraes Rosa,1
Burroughs,1
Shout Out Out Out Out,1
"Cecil Calvert, 2nd Baron Baltimore",1
Sartor Resartus,1
A Long Way from Chicago,1
Orphan,1
Roughing It,1
Giorgio de Chirico,1
Access to the Region's Core,1
Chaco War,1
Magic Theatre,1
Henry-Rene-Albert Guy de Maupassant,1
Mr. Popper's Penguins,1
DOC,1
Max Frisch,1
"""For Esmé?With Love and Squalor""",1
Rome,1
Atonement,1
Color blindness,1
The Magus,1
Epistolary novel,1
Dissociation of sensibility,1
Toad,1
Giselle,1
No Country for Old Men,1
Tiger,1
Lyrical Ballads,1
Confessio Amantis,1
Ben,1
Studs Lonigan,1
Bede,1
F,1
Poetics,1
Bee,1
Cassius Dio,1
Time,1
Sophie's Choice,1
Annie John,1
Mishima,1
Out of Africa,1
Lord Buckley,1
Lebanon,1
Tintern Abbey,1
Langston,1
Another Time,1
"Private Eye Action, as You Like It",1
Tonio Kröger,1
Paterson,1
Children's Corner,1
The Gospel According to Jesus Christ,1
Confessing Church,1
A Fable for Critics,1
Malapropism,1
Milton: A Poem in Two Books,1
Dutch,1
Art Spiegelman,1
Limbo (Brathwaite poem),1
Fruit,1
Memories of My Melancholy Whores,1
Tortilla Flat,1
Büyük Ada,1
The Sea-Wolf,1
The Open Window (Matisse),1
Apology (Plato),1
Urn,1
Captain America,1
Torquato Tasso,1
Dinosaur,1
Cavalier,1
Wilhelm Meister's Apprenticeship,1
True History of the Kelly Gang,1
Chicago Review,1
Storytelling,1
Metastasis,1
The Prisoner of Zenda,1
Aldous,1
Jenufa,1
Against the Grain,1
The Kindly Ones,1
The Handsomest Drowned Man in the World,1
Menander,1
Auld Lang Syne (The New Year's Anthem),1
Euclid,1
"Aradia, or the Gospel of the Witches",1
Jeeves,1
Giles Mompesson,1
Author,1
Alhambra,1
John Dillinger,1
Estella (Great Expectations),1
Thebaid,1
Journey to the End of the Night,1
â??The Ocean Full of Bowling Ballsâ? ,1
House of Leaves,1
Ruslan and Ludmila,1
Samuel von Pufendorf,1
Defensive tackle,1
Schindler's Ark,1
Auschwitz concentration camp,1
Homage to Catalonia,1
Guatemala,1
Empire,1
Veil,1
Grace,1
Carbene,1
Modern Love,1
Buck,1
Les Misérables (1995 film),1
Manas,1
Partition of India,1
Heptaméron,1
Strauss,1
Sonnets to Orpheus,1
Infant,1
Dictionary of the Khazars,1
Khalil,1
Hollywood,1
Norma,1
1647 in poetry,1
Confederate States of America,1
Death and the Compass,1
English,1
Reinaldo Arenas,1
Three Men in a Boat,1
Peru,1
Margaret Sayers Peden,1
The Visit,1
Triumph of the Will,1
Malaria,1
Elias Canetti,1
Gypsy Ballads,1
Du Maurier,1
The School for Wives,1
De Profundis,1
Job,1
Yevegeniy Aleksandrovich Yevtushenko,1
Joseph Roth,1
Kill Bill,1
Manchester,1
Harmandir Sahib,1
Cicero,1
Spanish Civil War,1
Georg Wilhelm Friedrich Hegel,1
The Social Network,1
Rodion Romanovich Raskolnikov's murder of the pawnbroker Alyona Ivanovna and and her sister Lizaveta Ivanova in Crime and Punishment ,1
Philip Glass,1
Ryszard Kapuscinski,1
Casement Report,1
Atlas Shrugged,1
Luigi,1
Margaret Sanger,1
Bamboo,1
Herbert Spencer,1
Rufus Sewell,1
Money,1
The Wild Swans at Coole,1
Senegal,1
Written Chinese,1
The Short Happy Life of Francis Macomber,1
Bilbo Baggins,1
Eric,1
Giant,1
Simón Bolívar,1
Black,1
Claes Oldenburg,1
The Wapshot Chronicle,1
The Vagina Monologues,1
Harry Houdini,1
Silent Spring,1
Transgender,1
Count Paris,1
"""I Heard a Fly Buzz When I Died"" ",1
Mulholland Drive,1
The Whitsun Weddings,1
Aleksey Konstantinovich Tolstoy,1
Noun,1
Quincas Borba,1
A Good Man Is Hard to Find (short story),1
Nadine,1
Indigenous peoples of the Americas,1
The Great God Brown,1
Hilbert's third problem,1
Allen Tate,1
God Only Knows,1
The Tale of Despereaux,1
Celtic mythology,1
The Obscene Bird of Night,1
Facundo,1
Guillermo Cabrera Infante,1
The Nose Job,1
La Peau de chagrin,1
Duke of Bilgewater and Dauphin of France ,1
Teresa,1
Robert Arbuthnot (auditor),1
Parnassianism,1
François Truffaut,1
Thedor Wesengrund Adorno,1
The Egoist (periodical),1
Solemn Declaration of 1893,1
Lethe,1
Cherry,1
Tirso de Molina,1
The Way We Live Now,1
Inert pair effect,1
Chrétien de Troyes,1
Nausea (novel),1
Tar-Baby,1
Wayne Shorter,1
Gulf of Oman,1
The Strong Breed,1
Aubade,1
mentally disabled male children in the works of Kenzaburo Oe ,1
Crabwalk,1
Jean Arp,1
Parrot,1
Lake Isle of Innisfree,1
Dido,1
Micromégas,1
Preacher,1
Slavery,1
Free will,1
Two-hybrid screening,1
United Nations Security Council Resolution 158,1
Jared Diamond,1
Bunraku,1
Sermon on the Mount,1
Spanish language,1
Republic (Plato),1
Leaf Storm,1
Antarctica,1
"Blue Mosque, Tabriz",1
Polonius,1
Sozaboy: A Novel in Rotten English,1
The Scarlet Pimpernel,1
En passant,1
Orisha,1
Moby Dick (1978 film),1
Horse,1
A Pair of Blue Eyes,1
Windmill,1
Stopping by Woods on a Snowy Evening,1
William Ewart Gladstone,1
PC,1
The Destruction of Sennacherib,1
Pierre Beaumarchais,1
New Grub Street,1
Magician,1
Earthquake,1
Yvor Winters,1
Parade's End,1
Joan Didion,1
Un re in ascolto,1
The Sign in Sidney Brustein's Window,1
Angel,1
Human Rights Watch,1
Children of The Night,1
Mrs. Frisby and the Rats of NIMH,1
Edmund Wilson,1
The Myth of Sisyphus,1
Alex Haley,1
"Where Are You Going, Where Have You Been?",1
Djoser,1
David Garrick,1
French post-structuralist feminism,1
Dogs Playing Poker,1
Tess (film),1
Idiot's Delight,1
Thaw,1
Johnson,1
Elam,1
Life Studies,1
If This Is a Man,1
Berlin,1
"Ah, Wilderness!",1
All the world's a stage,1
Ages of Man,1
Babi Yar,1
Gareth,1
Hadji Murad,1
Notebook (disambiguation),1
A Supposedly Fun Thing I'll Never Do Again,1
Tess of the d'Urbervilles: A Pure Woman Faithfully Represented ,1
Bertholdt Brecht,1
William Arthur Evelyn,1
Colorless Tsukuru Tazaki and His Years of Pilgrimage,1
John Howard Griffin,1
Sisters (disambiguation),1
The Children of the Night,1
Maggie: A Girl of the Streets,1
Lady Macbeth of the Mtsensk District,1
Thomas Nashe,1
A Heartbreaking Work of Staggering Genius,1
Juni'chiro Tanizaki,1
The Bone People,1
Joseph Brodsky,1
Moraine,1
Love's Labour's Lost,1
Eudora,1
The Ugly Duckling (audiobook),1
The Invisible Man,1
Mark Helprin,1
William II of Sicily,1
The Hamlet,1
Alcott,1
The Narrative of Arthur Gordon Pym of Nantucket,1
9 (number),1
Bad faith,1
Vautrin,1
Sequel to Drum-Taps,1
Billy Bathgate,1
Equestrian monument to General Manuel Belgrano,1
Ali Baba,1
Agatha,1
Curzio Malaparte,1
Hetty Sorrel,1
Carduelis,1
Of Cannibals,1
Alex (A Clockwork Orange),1
Nastasya Filipovna,1
Troilus,1
Pilot,1
Michael,1
Basketball,1
The Thief and the Dogs,1
Spring and Autumn Annals,1
Bjornstjerne Bjornson,1
The Autobiography of an Ex-Colored Man,1
Old Spice,1
Book of Songs,1
Chloridia,1
Ennius,1
Arthur Schnitzler,1
Kaurava,1
History of coal miners,1
Popol Vuh,1
Edna Ferber,1
Vowel,1
Salmon of Knowledge,1
Bloom,1
Tommy Armour,1
Louis MacNeice,1
Zazie in the Metro,1
Nikolay Gumilyov,1
Heartbreak Tango,1
Frank Wedekind,1
Qfwfq,1
Pasiphaë,1
Mercutio,1
Poaceae,1
Aureng-zebe,1
The Gentleman from San Francisco,1
Ramona,1
Australian Children's Television Foundation,1
Aida,1
Suitors of Penelope,1
United Kingdom,1
The Critic as Artist,1
Pliny,1
John Greanleaf Whittier,1
Kronborg,1
Aghwee the Sky Monster,1
Sleepwalking,1
Saint Joan,1
Foxe's Book of Martyrs,1
Oryx and Crake,1
Manuchehr Jamali,1
Athanasius of Alexandria,1
Frodo Baggins,1
Whisky priest,1
Fifth Column (disambiguation),1
Jane Jacobs,1
Touro Cemetery,1
Ramsay family,1
Dialectic of Enlightenment,1
Annus mirabilis,1
Hanbun no Tsuki ga Noboru Sora,1
Thomas Patrick Cavanaugh,1
Georges,1
Zenobia,1
A Season in Hell (disambiguation),1
Theses on the Philosophy of History,1
Mann,1
Aaron's rod,1
Exile and the Kingdom,1
Goblin,1
Stéphane,1
Acts of the Apostles,1
The Acharnians,1
Cleon,1
A Retrieved Reformation,1
Tess of the D'Urvervilles ,1
Samuel Barber,1
Lionel Trilling,1
Democracy,1
OSIP,1
Chimamanda Ngozi Adichie,1
7 (number),1
Anthony Powell,1
Mateo Falcone,1
Love Medicine,1
Laughable Loves,1
Goose,1
Walden;,1
Victory over the Sun,1
"""The Song of Despair""",1
Dinotopia: The Sunstone Odyssey,1
Ion,1
Cities of Salt,1
The Lives of Others,1
Real Irish Republican Army,1
Eyeless in Gaza,1
List of Presidents of the United States,1
Epictetus,1
William Morris,1
L'Allegro,1
The Twelve Caesars,1
Ornette Coleman,1
Gaia hypothesis,1
Travesties,1
The Rules of the Game,1
Maurice Sendak,1
Dionysus,1
The Fire Next Time,1
Being and Nothingness,1
Richard III (play),1
Beauty,1
Willa,1
Under Western Eyes,1
Walter Mitty,1
The Trickster of Seville and the Stone Guest,1
Hokusai,1
Marvin's Room (film),1
John Philip Sousa,1
The Ponder Heart,1
The Hunter Gracchus,1
Sallust,1
William of Baskerville,1
Oeconomicus,1
Timothy McSweeney's Quarterly Concern,1
The Finches,1
Augustine of Hippo,1
Pollice verso,1
Fanny and Alexander,1
Middletown,1
Endymion,1
Vowel harmony,1
Anna Lucasta,1
Henry Roth,1
Berlin Alexanderplatz,1
The Phantom of the Opera,1
A Walk on the Wild Side,1
John Steinbeck House,1
Anaïs Nin,1
Hotel,1
The Real Inspector Hound,1
Iliad,1
glyph817ausea ,1
Frans Eemil Sillanpää,1
Birthday,1
Lute,1
A Sportman's Sketches ,1
Genji,1
The Magic Barrel,1
Babbitt (novel),1
The Three Musketeers (1993 film),1
The Blithedale Romance,1
Cordelia,1
Ship of fools,1
A View from the Bridge,1
Walker,1
Anthony Adverse,1
John Mandeville,1
Prosper Mérimée,1
The Sound of Waves,1
Mily Balakirev,1
Procopius,1
Blues,1
Penn Central Transportation Company,1
Victor-Marie Connard Hugo,1
The Shortest Way with the Dissenters,1
The Visit (play),1
Metaphor,1
Subutai,1
Cinderella,1
Cemetery,1
"Goodbye, Columbus",1
"""The Congo""",1
The Wind in the Willows,1
Georg Simmel,1
Father Brown,1
Heinrich von Kleist,1
Shipyard Brewing Company,1
Oliver Wendell Holmes,1
"Mansfield Park, Hawick",1
A Study in Scarlet,1
Dyskolos,1
Natty Bumpo accept either name ,1
Amadeus,1
Irving Langmuir,1
Afternoon of a Faun,1
Albatross,1
Alex,1
The Good Soldier,1
1816 in the United Kingdom,1
On Crimes and Punishments,1
A Descent into the Maelström,1
Friedrich Dürrenmatt,1
H.D.,1
Frederick Douglass,1
Hongloumong ,1
L'italiana in Algeri,1
Myanmar,1
List of Super NES enhancement chips,1
The Woman in White (novel),1
The Lady's Dressing Room,1
Holt Street Baptist Church,1
A Sportsman's Sketches,1
Arthur Haselrig,1
Four Horsemen of the Apocalypse,1
The Black Monk,1
Dream a Little Dream of Me,1
O'Connor,1
Séance,1
Josephy Brodsky,1
Jules and Jim,1
Alphonse Daudet,1
The Last Question,1
Honey (Moby song),1
The Song of Bernadette,1
Shakers,1
Andrei Platonov,1
Francis Picabia,1
Parlement of Foules,1
Samson and Delilah,1
I Know Why the Caged Bird Sings,1
What Is the Third Estate?,1
Histidine,1
English language,1
The Double Dealer,1
William Trevor,1
Resurrection,1
Where Angels Fear to Tread,1
The Conformist,1
Mythologiques,1
After the quake,1
Sunstone,1
Nine Stories,1
Zadig,1
Black-Scholes model,1
Anne-Lisa Amadou,1
Salt,1
Billy Pilgrim,1
The Days of His Grace,1
Songs and Sonnets Atlantean,1
Great Hymn to the Aten,1
Dan Brown,1
Harold Flannigan Athol Fugard,1
Street Scene,1
William Graham Sumner,1
List of compositions by Richard Strauss,1
Robert E. Lee,1
The Black Seal,1
Subaltern (postcolonialism),1
Andrea Chénier,1
Sevastopol Sketches,1
Ursula K. Le Guin,1
Julia Alvarez,1
Toni Morrison Accept Chloe Anthony Wofford,1
War with the Newts,1
John O'Hara,1
Francis Palmer Selleck,1
Flitch of bacon custom,1
Frederick Rolfe,1
Nostromo,1
Little Dorrit,1
Neil Gaiman,1
The Sheik of Araby,1
Wilfrid Owen,1
Letters to a Young Poet,1
The Merry Widow,1
Paul Klee,1
Tiny Tim,1
Finland,1
Rhodopsin,1
Barack Obama,1
Marie Antoinette,1
International Association of Nitrox and Technical Divers,1
Government Accountability Office,1
Uncle Tom's Children,1
Ha Jin,1
Culhwch and Olwen,1
Jews,1
Aulularia,1
Shusaku Endo ,1
John Eliot Gardiner,1
"One of this author's characters is hit in the eye with a copy of Human Development, thrown by a girl who then tells her to ""Go back to hell where you came from, you old wart hog"". In the essay ""The King of the Birds"", she described living with forty pet peacocks. This author wrote about Mary Grace conveying a message from God to Mrs. Turpin in ""Revelation"" and penned a story in which the mute Lucynell is abandoned in the Hot Spot by the ",1
Naomi,1
Airplane,1
Going After Cacciato,1
Casa Guidi,1
Meghaduta,1
Leatherstocking Tales,1
Sarah Ruhl,1
Istanbul,1
Stockholm Bloodbath,1
To Have and Have Not,1
Providence,1
Samson,1
1906,1
Dice,1
Karl Kraus,1
Europa,1
Magic realism,1
Paul Revere,1
The Group,1
Dog years,1
Language poets,1
Lotus-eaters,1
Tim O'Brien,1
Mask,1
"""A Descent into the Maelstro¨m""",1
Chariton,1
Encyclopedia,1
Gulliver,1
Sophie's World,1
To an Athlete Dying Young,1
The Lesson,1
In Cold Blood,1
John Gabriel Borkman,1
Ally Bank,1
Affair of the Diamond Necklace,1
"Tumby Bay, South Australia",1
Cathedral,1
Meditation,1
George Farquhar,1
Jal?l ad-D?n Mu?ammad,1
Transcendentalism,1
"""A Fable for the Critics""",1
We Real Cool,1
Tralfamadore,1
Dresden,1
Ismail Kadare,1
Henry Green,1
"St. Thomas Cathedral, Mumbai",1
Edgar Rice Burroughs,1
The Vanity of Human Wishes,1
The Octopus: A Story of California,1
Booth Tarkington,1
Swan (disambiguation),1
Long Day's Journey into glyph817ight,1
Polaris,1
"""The Wilde Swans at Coole""",1
Don,1
Emil,1
RNA splicing,1
Viktor Frankl,1
Artemis,1
Daisy,1
Syria,1
The Red Room,1
The Moons of Jupiter,1
William Porter,1
Hubbard model,1
Hemoglobin,1
Carbon dioxide,1
Lycée Denis Diderot (Kenya),1
Eveline Widmer-Schlumpf,1
Autobiography of Mark Twain,1
Lucrezia Borgia,1
In Memoriam,1
Woman in the Dunes,1
Joy Kogawa,1
Tony Kushner,1
Eloi,1
Film,1
Thomas Bernhard,1
New York School,1
Eleazar,1
To a Mouse,1
This Lime-Tree Bower My Prison,1
Boleslaw Prus,1
The Executioner's Song,1
Lord's Prayer,1
Texas,1
Outsourced,1
Benjamin,1
Tomas,1
Soliloquy,1
Zoroaster,1
Inca mythology,1
John Masefield,1
"Songshan District, Taipei",1
The Decay of Lying,1
Prison Break (season 2),1
The Robber Bridegroom,1
Rotifer,1
Wilco,1
The Bridge of San Luis Rey,1
Light and Shade (Fra Lippo Lippi album),1
"Wieland, California",1
From Here to Eternity,1
Zembla,1
The Siege of Krishnapur,1
Mephistopheles,1
Jacques the Fatalist,1
"""Ode to a glyph1197ightingale""",1
Günther,1
Cecil Day-Lewis,1
Ian Smith,1
The Heidi Chronicles,1
The Spectator,1
Ran,1
"South Park: Bigger, Longer & Uncut",1
The Adventures of Roderick Random,1
John le Carré,1
Decarboxylation,1
Meleager,1
Doubt: A Parable,1
Wall Street,1
The American Scholar,1
Feste,1
Shakespearean fool,1
Njáls saga,1
The Hound of the Baskervilles,1
The Beautiful and Damned,1
Pather Panchali,1
Right You Are (if you think so),1
The Country of the Pointed Firs,1
St. Simeon Stylites (poem),1
Peter and the Wolf,1
Samuel,1
Cheerleading,1
W. P. Kinsella,1
Merovingian dynasty,1
The Odessa Tales,1
Malcolm Lowry,1
Boesman and Lena,1
The Custom of the Country,1
411 BC,1
Sentences,1
The Masque of Anarchy,1
Miholjska prevlaka,1
Barcelona,1
Despicable Me,1
Shoemaking,1
List of members of the Swedish Academy,1
Pedro Páramo,1
The Subjection of Women,1
Paul Erdos,1
Czes?aw Milosz ,1
Anna Akhmatova,1
Charge of the Light Brigade,1
Grover,1
Time of Your Life,1
"""Ode on the Death of a Favorite Cat, Drowned in a Tub of Gold Fishes""",1
Timur,1
Yevgeny Yevtushenko,1
Caleb Carr,1
The Black Cat (1941 film),1
Middle English,1
Castle,1
Randall Jarrell,1
Egdon Heath,1
Mosses from an Old Manse,1
Hila Plitmann,1
Ballistic: Ecks vs. Sever,1
Meson,1
Receptive aphasia,1
The Conservationist,1
Turnus,1
The Convergence of the Twain,1
Zombie,1
Olaudah Equiano,1
Nature (journal),1
Frank Capra,1
Haroun and the Sea of Stories,1
The Shadow of a Gunman,1
Second Coming,1
The Windhover,1
Texas A&M University,1
Blow up,1
Time travel,1
The Master of Petersburg,1
The Odd Couple,1
Thomas Sutpen,1
Arjuna,1
Incidents in the Life of a Slave Girl,1
Zeno,1
Nun,1
Sinking of the RMS Titanic,1
Wit (play),1
William T. Vollmann,1
Alexander,1
Invisibility,1
Peace,1
Father,1
Jane,1
Walking Dead,1
California Gurls,1
Franc¸ois Villon,1
Name day,1
Alyosha,1
Ukrainian,1
Virginia,1
John Suckling,1
Order of Merit of the Federal Republic of Germany,1
Charles Ives,1
Ben Hecht,1
Louis Malle,1
Mexican peso,1
The Kraken Project,1
The Mystery of the Yellow Room,1
Ode on Indolence,1
Zeno's Conscience,1
The Bridal Canopy,1
Carousel (musical),1
Strange Meeting,1
Argonautica Orphica,1
Octavio,1
Culhwch,1
Dream of the Rood,1
Woodcutters (novel),1
One of Ours,1
On the Genealogy of Morality,1
The Famished Road,1
"Bless Me, Ultima",1
Joel Barlow,1
The Wild Honey Suckle,1
Hippolytus,1
Masnavi,1
Lindisfarne,1
The Autobiography of Malcolm X,1
Histories,1
The Monk,1
Finlandia,1
Gilead,1
John Keats's 1819 odes,1
Palestine,1
John Bunyan,1
The Diamond as Big as the Ritz,1
The Grouch,1
San Miguel de Corneja,1
Theodore,1
"The Gambler, the Nun, and the Radio",1
Miguel Street,1
Ole Rolvaag,1
"Other Voices, Other Rooms",1
The Battle Hymn of the Republic,1
Wilfred,1
Love in the Time of Cholera (film),1
Aleksandr Sergetevich Pushkin,1
Giants in the Earth,1
Amidah,1
Lola Montez,1
The True Story of Ah Q,1
Alan Ayckbourn,1
Dublin,1
Charles Mingus,1
The Road to Serfdom {WD},1
Niobe,1
"Winesburg, Ohio (novel)",1
Vita Sackville-West,1
Elisabetta Brusa,1
The Marriage of Heaven and Hell,1
Junichiro _Tanizaki_,1
John Cleland,1
Calcium,1
The Sign of the Four,1
Bananafish,1
Amos Tutuola,1
The Shoemaker's Holiday: A Pleasant Comedy of the Gentle Craft,1
Skara Brae,1
Alter Ego (film),1
Edward Morgan,1
Hui people,1
Fox,1
Wright,1
"The Adventures of Peregrine Pickle, in Which Are Included Memories of a Lady of Quality",1
Beeri,1
Slavoj Zizek,1
Dative case,1
The Sociological Imagination,1
Vicente Blasco Ibáñez,1
Charles Simic,1
Bells,1
Dona Floripedes dos Guimaraes,1
Kurt Warner,1
Joseph Stiglitz,1
Guns N' Roses,1
Syringa,1
"""Ah, Are You Digging On My Grave?"" ",1
Apostles' Creed,1
The Beatles (album),1
Professor,1
Miguel Asturias,1
Rameau's Nephew,1
Murasaki Shikibu,1
Haddad,1
Fatelessness,1
Hell Screen,1
Sand,1
Brendan Behan,1
Alan Bennett,1
Umlaut,1
Touchstone,1
Anomie,1
ABC of Reading,1
Morrissey,1
Scarlett O'Hara,1
The Chronicles of Narnia,1
Speed dating,1
Hilda,1
Jyro Xhan,1
Laws (dialogue),1
To Be or Not to Be,1
The Shipping News,1
Herzog (novel),1
The Notebooks of Malte Laurids Brigge,1
Pierre Mertens,1
Management by wandering around,1
Gilgamesh the King,1
Fathers and Sons (novel),1
Rosetti,1
De jure belli ac pacis,1
Yu Hua,1
Algeria,1
Trinidad and Tobago,1
"Mary, Queen of Scots",1
Vineland,1
Feather,1
Alfred Noyes,1
The Childhood of Jesus,1
Middlesex,1
Henrik,1
Callimachus,1
Guitar,1
Saleem Sinai,1
Train,1
Calvary,1
The Chocolate War,1
Frankenstein's monster,1
Dejection: An Ode,1
The City in the Sea,1
"n one novel, the former proprietor of this location plays a flute while sitting next to the fire-breathing archivist Lindhorst and the author Longus, who is creating dragons through his writing. This location is where the protagonist of another novel is tried for the crime of murdering the reflection of a girl using the reflection of a knife. A section of this horseshoe-shaped building that illustrates ""Cosmic Psychotherapy"" contains a mirror that causes the protagonist's self to be refracted into several chess pieces for an eternal game. In the first room of this location, the protagonist meets his school friend Gustav and hides in a treehouse after observing cars and other machines murdering men. In its last room, the protagonist is placed in the last act of Don Giovanni before Mozart reveals himself to be the jazz saxophonist Pablo. Its slogan is ""for madmen only"" and its price of admission is ""your mind."" For 10 points, name this location visited by Harry Haller in Steppenwolf.",1
James Hogg,1
William Congreve,1
The Blue Hotel,1
Bathing,1
Barnaby Rudge,1
Jewish cemetery,1
Interloper,1
Jonathan Lethem,1
Antonia Shimerda ,1
Philip II,1
Ousmane Sembène,1
Domenico Scarlatti,1
Daniel Webster,1
Wallace Stegner,1
Dr. Lemuel Gulliver ,1
Anna Karenina (1997 film),1
Ferdydurke,1
Notes from Underground,1
Albert Schweitzer,1
Tryin' to Throw Your Arms Around the World,1
Aleph (disambiguation),1
"Anthony Ashley-Cooper, 3rd Earl of Shaftesbury",1
The Temple of Dawn,1
List of books banned by governments,1
La Bonne Chanson (Verlaine),1
William Ernest Henley,1
Johann Christoph Friedrich Klug,1
A Farewell to Arms (1932 film),1
Cacus,1
Patricia Peppermint Patty Reinhardt,1
Dialogue,1
Fallout 3,1
Rampage,1
Forsyte,1
Luke,1
The Revolt of Islam,1
The Autobiography of Miss Jane Pittman,1
Franz Werfel,1
Arrested development (disambiguation),1
Richard Cory,1
Izaak Walton,1
Cat and mouse,1
Madrigal,1
Arthashastra,1
Kermit,1
Eilert Lovborg's manuscript ,1
Sir Vidiahar Surajprasad ,1
"""Caliban Upon Setebos; or, Natural Theology in the Island""",1
Braithwaite (surname),1
Chorus,1
Utopian and dystopian fiction,1
Tests of general relativity,1
The Eolian Harp,1
Miniver Cheevy,1
Stigma,1
Triangle,1
Duke,1
Efficient-market hypothesis,1
Cross-dressing,1
"Faust, Utah",1
Answer set programming,1
Jitney,1
Trout Fishing in America,1
Emmanuel Levinas,1
Serenus Zeitbloom ,1
Jerusalem,1
Denis Diderot,1
Billy Phelan's Greatest Game,1
Gerald du Maurier,1
John Brown's Body,1
Michael Kohlhaas,1
Jorvan Vieira,1
Our Lady of the Flowers,1
Ruddigore,1
The Countess of Pembroke's Arcadia,1
Comedy,1
"Charlotte, North Carolina",1
Homo faber,1
Hamadryad,1
B. Traven,1
Duino Eligies,1
Church going,1
Simon Magus,1
Harun al-Rashid,1
Christopher,1
Visigoths,1
Thérèse Raquin,1
Questions of Travel,1
Om,1
Angry young men,1
William Byrd,1
Jean de La Fontaine,1
W. G. Sebald,1
François Mauriac,1
Harlem,1
The Year of the Death of Ricardo Reis,1
Metal Gear Solid 4: Guns of the Patriots,1
Alexandria,1
Tacitus,1
Cousin Bette,1
The Yellow Kid,1
Nuruddin Farah,1
Once Were Warriors,1
Toward an Architecture,1
Catharine Sedgwick,1
Metaphysics,1
"Pierre Menard, Author of the Quixote",1
Fauvism,1
Zuleika Dobson,1
Chosen,1
Tevye,1
Trimalchio,1
The Knight in the Panther's Skin,1
Draupadi,1
Aleksandr Fyodorov,1
Romulus and Remus,1
Horatio Alger,1
The Moviegoer,1
Tzvetan Todorov,1
Cockroach,1
The Lair of the White Worm,1
A Moon for the Misbegotten,1
Hrunting,1
Clifford Odets,1
Juneteenth,1
Shikamaru Nara,1
Amartya Sen,1
Swan Lake,1
The Kite Runner,1
David,1
Inigo Montoya,1
Amiri Baraka,1
haikus by Matsuo Basho,1
The Celestial Railroad,1
The Giver,1
Helen Hunt Jackson,1
Anthony Hecht,1
The Double Life of Mr. Alfred Burton,1
David Ives,1
The Woman From Sarajevo ,1
"""Against Interpetation""",1
Dashiell Hammett,1
Elmer,1
â??Gimpel the Foolâ?,1
Saint-John Perse,1
Where the Air Is Clear,1
Peter Handke,1
Isis Unveiled,1
Military history of ancient Rome,1
Art for art's sake,1
Theocritus,1
Beard,1
Grass court,1
The Recognition of Shakuntala ,1
Robert Musil,1
Desolation Row,1
The Battles of Coxinga,1
William Beckford,1
The Garden,1
Byronic hero,1
Peter Quince,1
List of jazz pianists,1
Sonetos de la Muerte,1
The Gambler,1
Jane Darwell,1
The Dream and Lie of Franco,1
J'accuse,1
Royall Tyler,1
Silver,1
Eupeithes,1
Aesop's Fables,1
Cadmus,1
Nelson Algren,1
Gregory (given name),1
Mormons,1
James VI and I,1
Audre Lorde,1
Ernst Jünger,1
Ford Motor Company,1
"Faust, Part One",1
Ice,1
Philosophy and the Mirror of Nature,1
Herman Wouk,1
"This author discussed the fate of the wreckers in a chapter entitled ""The History of Our Sewage Disposal System"", which follows a chapter in which jurists dump out a child's corpse in order to inspect a coffin. Late in his career, this author was lambasted for anti-Semitism for his history of the Jews in his country, Two Hundred Years Together. He wrote a novel whose title character enjoys the company of the Latvian joker Kilgas and his benevolent ",1
Acre,1
Ishmael Reed,1
Dwarfism,1
Raquel Cassidy,1
Vicente Aleixandre,1
Stevens,1
George Orwell bibliography,1
Max,1
"Felix Holt, the Radical",1
Saint Nicholas,1
Epistle to Dr Arbuthnot,1
The Concept of Mind,1
Upon Appleton House,1
Manon,1
André Malraux,1
The Marrow of Tradition,1
Cycloid,1
The Negro Speaks of Rivers,1
Tripmaster Monkey,1
Richard Yates,1
1001 (number),1
H. L. Mencken,1
Snow White and the Seven Dwarfs (1937 film),1
The Martian Chronicles,1
Invitation to a Beheading,1
Bram Stoker,1
Brian's Hunt,1
Limestone,1
Odysseas Elytis,1
What We Talk About When We Talk About Love,1
Ko Un,1
Maria von Trapp,1
Luis Vaz de Camoes ,1
Anyone lived in a pretty how town,1
Master Harold?and the Boys,1
The Financier,1
Robert Bolt,1
The Erasers,1
A. R. Ammons,1
Nathan the Wise,1
Forgery,1
"Walnut Hill, Illinois",1
Japanese raccoon dog,1
Atala,1
Botchan,1
Django Reinhardt,1
The Pirates of Penzance,1
Noh,1
Alexander Nevsky (Prokofiev),1
White-Jacket,1
Moby Dick (whale),1
Constantine P. Cavafy,1
X chromosome,1
Parzival,1
Candida,1
Thomas Merton,1
Martha Quest,1
Ge´rard de Nerval ,1
Count Leo Nikoleyivich Tolstoy,1
Lady Lazarus (Mad Men),1
Abaddon,1
Pierre-Auguste Renoir,1
Charles Sumner,1
Leon Battista Alberti,1
The Namesake,1
Harrison Bergeron (film),1
The Tower,1
Colette,1
Rashi,1
Enoch,1
David Herbert,1
Thomas Middleton,1
Malebolge,1
The Passionate Shepherd to His Love,1
Kingdom of France,1
Browning,1
Dulce et decorum est pro patria mori,1
The Ethics of Ambiguity,1
Zorba,1
"Matthew ""marnold"" Arnold",1
Camilo José Cela,1
There Will Be Blood,1
The Grandma,1
Sexual Personae,1
German Romanticism,1
The Marquise of O,1
Alan,1
The Maltese Falcon,1
Holly Golightly,1
Sinners in the Hands of an Angry God,1
On the Jewish Question,1
Zhuangzi (book),1
Something Wicked This Way Comes,1
Swift,1
The Apotheosis of Homer,1
J. B. Bobo,1
Light,1
Cassius,1
Circuit minimization for Boolean functions,1
Eliot Rosewater,1
Novelas ejemplares,1
Creedence Clearwater Revival,1
Pierre Bezukhov,1
Malcolm Gladwell,1
The Chalk Circle,1
Donkey,1
Essays (Montaigne),1
Summer and Smoke,1
Stanley Milgram,1
The Labyrinth of Solitude,1
The Sleepwalkers,1
To be announced,1
The Interpretation of Cultures,1
Saye,1
Valhalla,1
The Tailor of Panama,1
Binary,1
Hymn to Intellectual Beauty,1
Troubadour,1
Ruhnama,1
Propertius,1
Bao Dai,1
Fern Hill,1
Henryk,1
Memento mori,1
Rita,1
Hamlet (2009 film),1
Der Erlkönig,1
Tilbury Town,1
One Flew Over the Cuckoo's Nest (novel),1
Der Rosenkavalier,1
Philoctetes,1
Abbé Faria,1
"My Kinsman, Major Molineux",1
Misfit,1
Pitmatic,1
Do not go gentle into that good night,1
La Princesse de Clèves,1
Michael Tippett,1
The Innocents Abroad,1
John Bull's Other Island,1
Across Five Aprils,1
Joel Chandler Harris,1
Dirty Hands,1
George Steiner,1
Gun,1
Canadian English,1
Saint Crispin's Day,1
Emperor of Mexico,1
Seven deadly sins,1
Jabberwocky (disambiguation),1
"In the Postscript to this novel, its author discusses unintendedly juxtaposing a scene in which the protagonist says that ""haste"" is what terrifies him most with one in which the antagonist says ""Justice is not inspired by haste"". Late in this novel, it is revealed that Berengar had enticed Adelmo to have sex with him, prompting the latter's suicide. At its climax, the protagonists find a heptagonal room called the finis Africae. Two former Dolcinians are targeted by one of this novel's antagonists, the ",1
The Lone Ranger and Tonto Fistfight in Heaven,1
The Baby Party,1
Library,1
Abigail Adams,1
Toilers of the Sea,1
Dahomey,1
Night (book),1
Aeolus,1
Ama Ata Aidoo,1
Edmund,1
Battle of the Metaurus,1
Antonio Machado,1
Pierre Menard,1
Riders to the Sea,1
Havana,1
HMS Jersey (1736),1
"Albany, New York",1
Christmas,1
A Dream Deferred,1
Socratic dialogue,1
The Sound and the Fury (2014 film),1
Little Eyolf,1
Maya peoples,1
Le Monocle de Mon Oncle,1
John Buchan,1
Apartheid,1
"Blind Willow, Sleeping Woman",1
Walter,1
"Matthew ""Marnold"" Arnold",1
Two Trains Running,1
Susanna (Book of Daniel),1
Rope,1
Mann family,1
The Woman in the Dunes,1
Conservatism,1
Moby Dick (unfinished film),1
Aeolian harp,1
Bhima,1
Francisco Vázquez de Coronado,1
Universal House of Justice,1
Marcel,1
Mayor,1
Zeami Motokiyo,1
Christopher Isherwood,1
The Solitary Reaper,1
Suicide note,1
Marcus Junius Brutus the Younger,1
RNA interference,1
Kalidasa ,1
Orpheus,1
Shangri-La,1
Joyce Kilmer,1
Sun Wukong,1
The Murder of Roger Ackroyd,1
Herbie Hancock,1
Prince Igor,1
How Much Land Does a Man Need?,1
Joris-Karl Huysmans,1
List of Tom Sawyer characters,1
Normans,1
Ali Baba and 40 Thieves (video game),1
Gilbert Adair,1
Sometimes a Great Notion,1
Bharati Mukherjee,1
"Silent Snow, Secret Snow",1
Top Withens,1
Thirty Tyrants,1
Miami,1
George H. W. Bush,1
Mikhail Sholokhov,1
"A Clean, Well-Lighted Place",1
Revolutionary Road,1
Summer,1
Aluminium,1
Bussy D'Ambois,1
Goosebumps (original series),1
Sam,1
Khwajeh Samsu d-Din Mu?ammad Hafez-e Shirazi ,1
History Will Absolve Me,1
Rear Window,1
"""The Lady with a/the Lapdog""",1
The Beat Generation,1
Sailor,1
Fairy tale,1
Culture of South Dakota,1
Vladimir Mayakovsky,1
Man Ray,1
Tess Durbeyeld ,1
The Two Noble Kinsmen,1
Bonaparte,1
Arthur Dent,1
John Gardner,1
Venice Preserv'd,1
The Long Goodbye,1
A Child's Christmas in Wales,1
Oroonoko,1
Cyborg,1
Eucharist,1
Iamb,1
Echidna,1
Breast,1
The English Mail-Coach,1
Herodotus,1
Ocean gyre,1
Production history of the Oregon Shakespeare Festival,1
Secrecy,1
Osip Mandelstam,1
Emanuel Swedenborg,1
Tumi,1
An Encounter with Faces,1
Heinrich Theodor Bo¨ll,1
Owen,1
"Pale Horse, Pale Rider",1
Leslie Fiedler,1
Uncle Remus,1
Richard Strauss,1
The Heart of Midlothian,1
Howl and Other Poems,1
The Road to Mecca,1
Otranto,1
Étienne Maurice Falconet,1
Abraham Maslow,1
State within a state,1
The Black Riders and Other Lines,1
The Hive,1
Morocco,1
Nicanor Parra,1
"""Lines Composed a Few Miles Above Tintern Abbey, On Revisiting the Banks of the Wye During a Tour. July 12, 1798.""",1
Gerald Moore (scholar),1
Tolstoy family,1
The Admirable Crichton,1
Sarah Vowell,1
Radio drama,1
"Speak, Memory",1
The Principles of Psychology,1
Rusty Lemorande,1
The Razor's Edge,1
Gimpel the Fool,1
Fart,1
Bronze Horseman,1
Rostam,1
A Rebours,1
Les pêcheurs de perles,1
The Expedition of Humphry Clinker,1
The Canonization,1
Eveline,1
Youngest British soldiers in World War I,1
Burnt Norton,1
A Christmas Carol,1
Hard Times,1
The 400 Blows,1
Tawfiq al-Hakim,1
William Kennedy (author),1
Alyosha Karamazov,1
Richard Avedon,1
The Man with the Golden Arm,1
Michael Richards,1
New York,1
Brick Lane,1
Zaire,1
the Lantier family ,1
Edward Mendelson,1
Brooklyn Bridge,1
Zadok the Priest,1
Anton,1
Bridge to Terabithia,1
Butler,1
Kongi's Harvest,1
Electra,1
Mother Courage,1
Aucassin and Nicolette,1
Peter Weiss,1
Isabel,1
Sleipnir,1
Ender's Game,1
The Fateful Adventures of the Good ,1
The Battle of the Books,1
Trojan War,1
Avery Dennison,1
Summa Theologica,1
Saturnian (poetry),1
"In Memoriam A.H.H., Obiit. MDCCCXXXIII",1
List of Forgotten Realms characters,1
The Merchant's Tale,1
Epimetheus,1
Star Trek,1
Roman à clef,1
Pierre de Ronsard,1
Judge Holden,1
James Dickey,1
King John (play),1
Romain Rolland,1
Beneath the Wheel,1
Jin Ping Mei,1
Priest,1
Richard Ford,1
Uji,1
Ma Rainey's Black Bottom,1
The Cremation of Sam McGee,1
Perkin Warbeck,1
Pictures from Brueghel and Other Poems,1
David Mitchell,1
Song,1
Bill Bryson,1
Narcissus,1
Paddy Chayefsky,1
Edward Elgar,1
Morality play,1
Ian,1
Like Water for Chocolate,1
"pity this busy monster,manunkind",1
Mooga Manasulu,1
Sonnet to Science,1
The Sisters (California),1
Pe (Persian letter),1
Stuttering,1
Irvine Welsh,1
Goat,1
Spatial anti-aliasing,1
Richard Wilbur,1
Course in General Linguistics,1
The Phantom Tollbooth,1
Cossacks,1
The Dry Salvages,1
Yogi Berra,1
Fenimore Cooper's Literary Offenses,1
Ordinary People,1
Objectivism,1
Matsuo,1
Stella,1
Stephen Fry,1
Pride and Prejudice (1995 TV series),1
Giovanni,1
Barchester Towers,1
River,1
Sholem Aleichem,1
Einstein on the Beach,1
George Saunders,1
Thunder Bay,1
Goat (disambiguation),1
Saturday Night and Sunday Morning,1
The Trojan Women,1
Golden Boy of Pye Corner,1
"""Tam O'Shanter"" ",1
1Q84,1
C,1
Belgian Congo,1
Hack-a-Shaq,1
Book of Judges,1
Doll,1
Xenophon,1
Murder in the Cathedral,1
Taochi,1
Mr. Hands,1
Mills,1
Venusberg,1
Pilar,1
Incubus,1
Dream on Monkey Mountain,1
Khaled Hosseini,1
Alain Robbe-Grillet,1
Lost Illusions,1
George Sand,1
In a Free State,1
Plotinus,1
Tuonela,1
James Whitcomb Riley,1
Filippo Tommaso Marinetti,1
The Critic,1
Possessed,1
The Brothers Karamazov (1958 film),1
Sonian Forest,1
The Third Man,1
Lawyer,1
A Bar at the Folies-Bergere ,1
Pär Lagerkvist,1
Vladimir Vladimirovich Klontsak,1
The Tale of the Bamboo Cutter,1
Seven Samurai,1
Gentlemen Prefer Blondes,1
Calvary Presbyterian Church (Milwaukee),1
Erin Belieu,1
Thomas Wolfe,1
Persepolis,1
Vertigo,1
Indonesia,1
Daemon (classical mythology),1
Aphra Behn,1
Kuja,1
Arthur Watts (illustrator),1
The Bostoanians,1
Naming and Necessity,1
John the Baptist,1
Breakfast at Tiffany's (novella),1
October 1913,1
The Hitchhiker's Guide to the Galaxy,1
Charles Fourier,1
The Road to Serfdom,1
Man in the Iron Mask,1
Carlo Gozzi,1
ANSWER: Doctor Faustus: The Life of the German Composer Adrian Leverkuhn As Told by a Friend ,1
Marabar Caves,1
Blindness (novel),1
Greek language,1
Saint Peter,1
Thiassi,1
"""Lines Composed a Few Miles Above Tintern Abbey on Revisiting the banks of the River Wye During a Tour. July 13, 1798.""",1
Anton Pavelovich Chekhov,1
Private Lives,1
Tom Robbins,1
Piers Plowman,1
Shanghai,1
Nurse Ratched,1
The Magnificent Ambersons,1
Internment,1
Beach,1
Kong Yiji,1
Phaedra,1
Nosferatu,1
Between the Acts,1
Typee,1
Brighton Rock,1
The Auroras of Autumn,1
Alcestis,1
Lytton Strachey,1
Car,1
Oxford,1
John Willoughby,1
Ann Radcliffe,1
Labours of the Months,1
The Big Sleep,1
The Panther,1
The Flies,1
Conversation in the Cathedral,1
The Ordeal of Richard Feverel,1
Dust and Shadow,1
Hyder Edward Rollins,1
Jerusalem The Emanation of the Giant Albion,1
Oliver Twist (disambiguation),1
Swiss Alps,1
1963 Syrian coup d'état,1
Idea,1
Julia,1
The Makioka Sisters (film),1
Tobias,1
Magnetar,1
Indignation (novel),1
Mary Renault,1
Adam,1
The Lotos-Eaters,1
Flower,1
My Brilliant Career,1
Sestina,1
I Malavoglia,1
Lynne Cheney,1
Social,1
Louis the Pious,1
Dystonia,1
Nora Hanen,1
Czeslaw Milosz,1
Laozi,1
Knut Hamsun,1
James Hawes,1
El Ingenioso Hildalgo Don Quixote de La Mancha,1
Pnin,1
Alfred Jarry,1
Seinfeld (season 2),1
Aravind Adiga,1
Next Year,1
Ancient Egypt,1
T,1
Fiddler on the Roof,1
Allegory,1
Sam Shepard,1
Kite,1
Accidental Death of an Anarchist,1
William Gaddis,1
Lemminkäinen,1
Penelope,1
Jamaica Kincaid,1
Deliverance,1
King Arthur,1
List of Rugrats episodes,1
La Bayadère,1
Person from Porlock,1
Comical History of the States and Empires of the Moon,1
Thunder,1
Kublai Khan,1
The Uses of Enchantment,1
Ancient Greek,1
Che Guevara,1
Lázaro Cárdenas,1
Kenilworth,1
Fritz Lang,1
Bohemia,1
Black Like Me,1
Premature burial,1
The Fable of the Bees,1
Philip Carey,1
Gordon Riots,1
Julio Corta´zar,1
Floating point,1
Prince Louis Ferdinand of Prussia,1
Larry Kramer,1
Maus,1
Shakespeare authorship question,1
Ole Edvart Rolvaag,1
The Love Suicides at Sonezaki,1
Annie Proulx,1
Baker,1
Zohar,1
Fernando,1
Bennet family,1
César Vallejo,1
Second Crusade,1
Ruth,1
Talos,1
The Man Without Qualities,1
Pseudolus,1
The Overcoat,1
Elizabeth Loftus,1
Salinger,1
John Hawkesworth (book editor),1
Comus,1
"Tuskegee, Alabama",1
The Laramie Project,1
The Recognition of Sakuntala ,1
List of Panchatantra Stories,1
Angela Carter,1
Cormac,1
Orange,1
Nanook of the North,1
Bruno Latour,1
The Judgment of Caesar,1
The Rings of Saturn,1
New Latin,1
List of El Chavo del Ocho episodes,1
Thomas Hobbes,1
Melville,1
Le Bourgeois gentilhomme,1
Dust,1
Anne Sexton,1
The Wheel of Time,1
The Wasps,1
Macondo,1
"Vonnegut, Wright & Yeager",1
The Red-Headed League,1
Child of God,1
Julia (gens),1
Bhagavad Gita,1
A Rake's Progress,1
Gulistan,1
Harlan,1
Turandot,1
The Elephant Vanishes,1
Cyclops (disambiguation),1
Oe Kenzaburo ,1
Mark,1
Coda,1
Kiran Desai,1
Margaret Fuller,1
Prix Goncourt,1
Oliver Sacks,1
62: A Model Kit,1
Kebra Nagast,1
Natsume,1
Laughing Man,1
Pearl S. Buck,1
The Spirit Catches You and You Fall Down,1
Factions in the Mexican Revolution,1
Ryu Murakami ,1
Eugenio,1
Necronomicon,1
The Prioress's Tale,1
Leda and the Swan (Leonardo),1
And Quiet Flows the Don,1
The Iron Heel,1
Rainmaking (ritual),1
Byzantium,1
The Dagda,1
Boron,1
The Kentucky Derby Is Decadent and Depraved,1
N-body simulation,1
Harry Harlow,1
Kingdom Hearts,1
The River Merchant's Wife: A Letter,1
Banu Umayya,1
Phèdre,1
Wollstonecraft,1
Beloved (novel),1
Hafez,1
Weaver,1
The Foundation Pit,1
Dr. Jekyll and Mr. Hyde (character),1
Malgudi,1
Posse (1993 film),1
The Moon Is a Harsh Mistress,1
Port-Royal-des-Champs Abbey,1
