Portugal,14
Switzerland,13
Peter the Great,11
Justinian I,10
Uganda,10
Ethiopia,10
Myanmar,10
Philippines,10
Albania,10
Romania,10
Charles Stewart Parnell,9
Sweden,9
Australia,9
South Africa,9
"Otto I, Holy Roman Emperor",9
France,9
Paraguayan War,9
Italy,9
Carthage,9
Greece,9
Thailand,9
Mali Empire,8
Cyrus the Great,8
Spain,8
Nicaragua,8
Georgia,8
Chartism,8
Thebes,8
Napoleon III,8
Hungary,8
Brazil,8
Joseon,8
Belgium,8
Maria Theresa,8
The,8
Egypt,8
Klemens von Metternich,8
Idi Amin,8
Ivan the Terrible,8
John Quincy Adams,8
Han dynasty,8
Battle,8
Tang dynasty,8
Great Northern War,8
Council of Trent,8
Thirty Years' War,7
Decembrist revolt,7
Netherlands,7
Trajan,7
North Carolina,7
Sicily,7
Ottoman Empire,7
Philip,7
Diocletian,7
Cuba,7
Giuseppe Garibaldi,7
Genoa,7
Ghana,7
Guatemala,7
Fourth Crusade,7
Safavid dynasty,7
Bulgaria,7
Huey Long,7
Pompey,7
Finland,7
Mexico,7
Louis IX of France,7
Russia,7
Florence,7
War of the Pacific,7
Glorious Revolution,7
Crimean War,7
Quebec,7
Cyprus,7
François Mitterrand,7
Panama,7
Sam Houston,7
Japan,7
Ronald Reagan,7
East Germany,7
Corinth,7
Bavaria,6
Teutonic Order,6
Arthur Balfour,6
Whiskey Rebellion,6
Edward I of England,6
Chicago,6
Kiev,6
Etruscan civilization,6
Poland,6
Athens,6
Leonid Brezhnev,6
Vandals,6
New Zealand,6
War of the Spanish Succession,6
Battle of Lake Erie,6
Louis XI of France,6
James VI and I,6
George III of the United Kingdom,6
Khmer Rouge,6
World War I,6
Edward the Confessor,6
Byzantine Empire,6
Naples,6
"Henry John Temple, 3rd Viscount Palmerston",6
Louis XIV of France,6
Wilfrid Laurier,6
Charles Maurice de Talleyrand-Périgord,6
James Monroe,6
Vienna,6
Gustavus Adolphus of Sweden,6
Jawaharlal Nehru,6
Henry IV,6
Rwandan genocide,6
Ming dynasty,6
Algeria,6
Labour Party,6
Richard I of England,6
Henry VII of England,6
Julius Nyerere,6
Puerto Rico,6
Ashanti Empire,6
Margaret Thatcher,6
Oda Nobunaga,6
Paris Commune,6
Indonesia,6
Battle of Sedan,6
Charlemagne,6
Edward IV of England,6
San Francisco,6
Battle of Marathon,6
Maurya Empire,5
Herbert Hoover,5
Jordan,5
Frederick II,5
Coxey's Army,5
Napoleon,5
Jameson Raid,5
Baghdad,5
Lyndon B. Johnson,5
"Camillo Benso, Count of Cavour",5
Great Famine (Ireland),5
Paraguay,5
Benito Juárez,5
James II of England,5
James,5
Grover Cleveland,5
Nine Years' War,5
Pius,5
"Anne, Queen of Great Britain",5
Juan Perón,5
Battle of Salamis,5
Fronde,5
Æthelred the Unready,5
Qing dynasty,5
Atlanta,5
Wars of the Roses,5
Chaco War,5
July Revolution,5
Cleisthenes,5
Barry Goldwater,5
Leon Trotsky,5
St. Bartholomew's Day massacre,5
Peru,5
Thomas Hart Benton,5
"Arthur Wellesley, 1st Duke of Wellington",5
Abbasid Caliphate,5
Constantine,5
Dorr Rebellion,5
Menelik II,5
Shah Jahan,5
Malaysia,5
Prague Spring,5
Ferdinand Marcos,5
Augusto Pinochet,5
Battle of the Bulge,5
Henry I,5
Hadrian,5
London,5
Ferdinand,5
Macedonia,5
Canada,5
Amritsar,5
Nigeria,5
Benjamin Harrison,5
Texas,5
Mark Antony,5
Lochner v. New York,5
Winter War,5
First Crusade,5
Mao Zedong,5
Solidarity,5
Liberia,5
Scopes Trial,5
Jerusalem,5
Ramesses II,5
Ghana Empire,5
Claudius,5
House of Vasa,5
Atahualpa,5
Winfield Scott,5
Maryland,5
Harold Godwinson,5
Robert,5
Denmark,5
Willy Brandt,5
Carolingian dynasty,5
An Lushan,5
Gupta Empire,5
Angola,5
Akbar,5
Prague,5
Khmer Empire,5
Easter Rising,5
Elizabeth I of England,5
Woodrow Wilson,5
Sparta,5
El Salvador,5
Brian Mulroney,5
Shanghai,5
Rome,5
Mahatma Gandhi,5
Jamaica,5
Tokugawa shogunate,5
Mustafa Kemal Atatürk,5
John Brown,5
La Violencia,5
Robert Walpole,5
Baltimore,5
Huguenot,4
Salvador Allende,4
Zoot Suit Riots,4
Spanish Civil War,4
Henry A. Wallace,4
Oklahoma City bombing,4
Tokugawa Ieyasu,4
Franco-Prussian War,4
Benjamin Disraeli,4
First Punic War,4
Second Great Awakening,4
Patrick Henry,4
Milan,4
Sasanian Empire,4
William,4
William Ewart Gladstone,4
James IV of Scotland,4
Dick Cheney,4
Qin dynasty,4
Alexander,4
Treaty of Karlowitz,4
Austria-Hungary,4
Alabama,4
Battle of Stalingrad,4
Philip II of Spain,4
Mehmed the Conqueror,4
Alexander II,4
Hittites,4
Spiro Agnew,4
Ireland,4
Horace Greeley,4
Madagascar,4
Soviet Union,4
Battle of Naseby,4
Mughal Empire,4
South Sea Company,4
Charles II,4
Nicolae Ceausescu,4
Leo,4
House of Aviz,4
Aaron Burr,4
Catherine the Great,4
Hirohito,4
World War II,4
Charles de Gaulle,4
Joseph McCarthy,4
Pinkerton (detective agency),4
Syracuse,4
Ku Klux Klan,4
Edward Heath,4
Meiji Restoration,4
Austria,4
Peloponnesian War,4
Septimius Severus,4
Ngo Dinh Diem,4
Mormons,4
Alfred the Great,4
Secretary of the Interior,4
Philadelphia,4
Wisconsin,4
Battle of Hastings,4
Stephen,4
Sun Yat-sen,4
The Anarchy,4
Victor Emmanuel II of Italy,4
Toussaint Louverture,4
Teapot Dome scandal,4
Venice,4
Cato Street Conspiracy,4
Augustus,4
Somalia,4
Sulla,4
Vietnam,4
Elizabeth of Russia,4
Mozambique,4
Arkansas,4
Peterloo Massacre,4
May Fourth Movement,4
Hanseatic League,4
Battle of the Somme,4
Manuel Noriega,4
Six-Day War,4
Jews,4
Gaius Julius Caesar,4
Chester A. Arthur,4
Crédit Mobilier of America scandal,4
Thomas Wolsey,4
Constantine the Great,4
Muhammad Ali of Egypt,4
William III,4
War of the Austrian Succession,4
Pedro I of Brazil,4
Battle of Austerlitz,4
Illinois,4
Benjamin Franklin,4
Getúlio Vargas,4
Industrial Workers of the World,4
Timur,4
Oklahoma,4
Battle of Leipzig,4
Plessy v. Ferguson,4
House of Borgia,4
Inca Empire,4
Virginia,4
Constantinople,4
South Carolina,4
Hawaii,4
Oliver Cromwell,4
William the Conqueror,4
Second Punic War,4
Georges Pompidou,4
Chola dynasty,4
Vespasian,4
Lajos Kossuth,4
Minoan civilization,4
Andrew Jackson,4
Louis the Pious,4
"Mary, Queen of Scots",4
Triangle Shirtwaist Factory fire,4
California,4
Sierra Leone,4
Philip II,4
Daniel Webster,4
Cardinal Richelieu,4
Peace of Westphalia,4
Battle of New Orleans,4
Battle of Blenheim,4
Pilgrimage of Grace,4
Alfredo Stroessner,4
Iceland,4
Yemen,4
Pakistan,4
Rhode Island,4
Nigerian Civil War,4
Domitian,4
Battle of Shiloh,4
Jallianwala Bagh massacre,4
Republic of Venice,4
Belisarius,4
Stonewall riots,4
Elam,4
Kolkata,4
Edward,4
Fatimid Caliphate,4
Battles of Saratoga,4
Rum Rebellion,4
Gamal Abdel Nasser,4
Charles Sumner,4
Caligula,4
Mamluk,4
Turkey,4
Norway,4
Long Parliament,4
Battle of Agincourt,4
Gallipoli Campaign,4
House of Habsburg,4
Richard II of England,4
Warren G. Harding,4
Maori,4
New York,4
Gregory,4
Louis XVI of France,4
Porfirio Díaz,4
Taiwan,4
Russo-Japanese War,4
Tanzania,4
Afghanistan,4
Francisco Franco,4
Edward VI of England,4
Dominican Republic,4
Queen Victoria,4
National Grange of the Order of Patrons of Husbandry,4
George H. W. Bush,4
Attila,4
Cecil Rhodes,4
Calvin Coolidge,4
Golda Meir,4
Manhattan Project,4
Battle of Yorktown,4
Singapore,4
Solon,4
Kenya,4
George Washington,4
Edward II of England,4
Alexander II of Russia,4
Gold,4
James G. Blaine,4
Creek War,4
Sri Lanka,4
Augsburg,4
Timbuktu,3
Dreyfus affair,3
Caracalla,3
Beer Hall Putsch,3
Chinese Americans,3
Falklands War,3
Federalist Party,3
Henry,3
Ferdinand II,3
Webster-Ashburton Treaty,3
Sioux,3
Battle of Brandywine,3
Wang Mang,3
Wales,3
Ashikaga shogunate,3
Henry III,3
Thutmose III,3
John I,3
Pontifex Maximus,3
House of Hanover,3
Ali,3
Serbia,3
Sitting Bull,3
Erwin Rommel,3
Richard Nixon,3
Giuseppe Mazzini,3
PRI,3
John Peter Zenger,3
John C. Calhoun,3
Golden Horde,3
Musa I of Mali,3
Dunkirk evacuation,3
Jamestown,3
Bonus Army,3
Neville Chamberlain,3
War of Jenkins' Ear,3
Battle of Jutland,3
Munich massacre,3
Louis XV of France,3
Plataea,3
War of the Three Henrys,3
Aachen,3
Democratic Republic of the Congo,3
Saint Petersburg,3
Henry III of England,3
Christian,3
Juan Manuel de Rosas,3
Czechoslovakia,3
"Robert Gascoyne-Cecil, 3rd Marquess of Salisbury",3
New Netherland,3
Zanzibar,3
Romani people,3
Duvalier,3
Seljuq dynasty,3
Jean-Paul Marat,3
Treaty of Versailles,3
Battle of Verdun,3
William Jennings Bryan,3
Shays' Rebellion,3
"Frederick I, Holy Roman Emperor",3
Paul von Hindenburg,3
Alexander the Great,3
List of peasant revolts,3
Edirne,3
Guelphs and Ghibellines,3
Frederick the Great,3
Shang dynasty,3
Lithuania,3
Connecticut,3
Nazi Germany,3
Second Boer War,3
Philip IV of France,3
Vyacheslav Molotov,3
Caroline affair,3
Vice President of the United States,3
David Lloyd George,3
Hasmonean dynasty,3
Hearsay,3
Shaka,3
Francis Drake,3
Third Crusade,3
Corinthian War,3
Huns,3
Vichy France,3
Tiberius,3
Charles,3
Sandinista National Liberation Front,3
"Horatio Nelson, 1st Viscount Nelson",3
Louisiana,3
Medgar Evers,3
Mycenae,3
Calais,3
Harry S. Truman,3
António de Oliveira Salazar,3
Uyghurs,3
Montgomery bus boycott,3
Granada,3
Jomo Kenyatta,3
Philip II of Macedon,3
James Oglethorpe,3
Douglas MacArthur,3
Harold Macmillan,3
Bolivia,3
John Brown's raid on Harpers Ferry,3
Delhi,3
New Jersey,3
The Federalist Papers,3
New Model Army,3
Charles I,3
Battle of Lundy's Lane,3
Venezuela,3
Second Battle of El Alamein,3
Assassins,3
Nero,3
Yasser Arafat,3
Emperor Meiji,3
Lombard League,3
Qin Shi Huang,3
War of the Polish Succession,3
Salem witch trials,3
Treaty of Waitangi,3
Demosthenes,3
John Knox,3
Honduras,3
Battle of Tannenberg,3
Pericles,3
Storming of the Bastille,3
Malta,3
1755 Lisbon earthquake,3
"John, King of England",3
Sudan,3
Austro-Prussian War,3
Roger Williams,3
Battle of Chickamauga,3
Saladin,3
Anabaptists,3
United Kingdom,3
Red Eyebrows,3
Zimmermann Telegram,3
Marcus Aurelius,3
Ptolemy,3
Armenian Genocide,3
Internment of Japanese Americans,3
William Pitt the Younger,3
"Assassination of Martin Luther King, Jr.",3
Huldrych Zwingli,3
Ayutthaya,3
Peninsular War,3
Ashoka,3
Hyksos,3
Clement Attlee,3
Liberal Party of Canada,3
War of 1812,3
Otto von Bismarck,3
Eisenhower's farewell address,3
Maya civilization,3
Partitions of Poland,3
Kingdom of Northumbria,3
English Civil War,3
Gauls,3
Berlin Blockade,3
Ashurbanipal,3
Kwame Nkrumah,3
Charles II of England,3
Benito Mussolini,3
Charles Evans Hughes,3
Rafael Trujillo,3
Walls,3
Hong Kong,3
Pinckney,3
Suharto,3
Morocco,3
Clinton,3
Republic of Genoa,3
Treaty of Brest-Litovsk,3
Normandy landings,3
Diet of Worms,3
Nepal,3
Parthian Empire,3
Dresden,3
James Madison,3
British Empire,3
Assyria,3
Robert Peel,3
Anti-Rent War,3
Alexander I of Russia,3
Bacon's Rebellion,3
Billy Graham,3
Louis Philippe I,3
Henry V,3
Pope Julius II,3
"United States presidential election, 1912",3
Song dynasty,3
Matthias Corvinus,3
Rutherford B. Hayes,3
New Orleans,3
An Lushan Rebellion,3
1906 San Francisco earthquake,3
Germany,3
King Philip's War,3
Muammar Gaddafi,3
Suez Canal,3
Labour Party (UK),3
Martin Van Buren,3
Henry the Navigator,3
Leopold II,3
Salt,3
John Wycliffe,3
Spanish Armada,3
1968 Democratic National Convention,3
Anwar Sadat,3
Zebulon Pike,3
Battle of Königgrätz,3
Abraham Lincoln,3
Samuel J. Tilden,3
Stono Rebellion,3
Toyotomi Hideyoshi,3
House of Romanov,3
Gibraltar,3
Maya peoples,3
Kim Il-sung,3
Leopold I,3
House of Medici,3
Burgundy,3
Free France,3
Boston Tea Party,3
Nicholas I,3
Genghis Khan,3
Minamoto clan,3
William McKinley,3
Charles Martel,3
Algerian War,3
Belarus,3
Slavery,3
Beijing,3
Ford Motor Company,3
Saxons,3
Jagiellonian dynasty,3
German Peasants' War,3
Seleucid Empire,3
Congress of Berlin,3
Prime Minister of Australia,3
Conservative Party,3
Nelson Mandela,3
Rhodes,3
Black Friday,3
Gaius Marius,3
Theodore Roosevelt,3
Hungarian Revolution of 1956,3
Winston Churchill,3
Indian Rebellion of 1857,3
Bill Clinton,3
Socialist Party (France),3
Pontiac's War,3
William Lyon Mackenzie King,3
Songhai Empire,3
"United States presidential election, 1896",3
John of Gaunt,3
West Germany,3
Conscription,3
Josip Broz Tito,3
Alexander Ypsilantis,3
Aztec,3
Magna Carta,3
Clayton Antitrust Act,3
Bonaparte,3
Georges Ernest Boulanger,3
Byzantine Empire under the Isaurian dynasty,3
China,3
Oliver Wendell Holmes Jr.,3
Kingdom of Hawaii,3
Benedict Arnold,3
Charles XII of Sweden,3
Chile,3
Deng Xiaoping,3
Battle of Alesia,3
Mobutu Sese Seko,3
Colombia,3
New York City,3
John Tyler,3
Miltiades,3
Hartford Convention,3
Albigensian Crusade,3
Homestead Strike,3
Impeachment and acquittal of Andrew Johnson,3
Ethan Allen,3
Los Angeles,3
Henry Clay,3
Kulturkampf,3
Aroostook War,3
Diggers,3
Braxton Bragg,3
"Washington, D.C.",3
Battle of Bladensburg,3
Louis XIII of France,3
Indira Gandhi,3
Cochise,3
Schlieffen Plan,3
Knights of Labor,3
House of Plantagenet,3
Shona,3
Catiline,3
Oxford,3
Wounded Knee Massacre,3
John F. Kennedy,3
Archbishop of Canterbury,3
Fashoda Incident,3
Chandragupta Maurya,3
Bernardo O'Higgins,3
Sun,3
Kublai Khan,3
Nat Turner's slave rebellion,3
World Register of Marine Species,3
Argentina,3
Pedro,3
Croatia,3
Cambyses II,3
Cosimo de' Medici,3
Kingdom of Jerusalem,3
Martin Luther,3
National Labor Relations Act,3
Saddam Hussein,3
Tony Blair,3
Iran hostage crisis,2
Stephen Harper,2
Toledo,2
Henry L. Stimson,2
Society of Jesus,2
Aztec Empire,2
Apache,2
Thomas Cranmer,2
Stephen I of Hungary,2
Speaker of the United States House of Representatives,2
Bastille,2
House of Braganza,2
Guru Arjan,2
South Korea,2
Textile industry,2
Zürich,2
Chiang Kai-shek,2
Prime Minister of Israel,2
Dixiecrat,2
Umberto I of Italy,2
War of the Bavarian Succession,2
Battle of Manzikert,2
United States Secretary of the Navy,2
Prince of Wales,2
Quintus Sertorius,2
Great Leap Forward,2
Oconahua,2
Black Death,2
Michael I of Russia,2
Carnation Revolution,2
Mayor of Chicago,2
"Edward, the Black Prince",2
Battle of Aegospotami,2
Henry I of England,2
Túpac Amaru,2
Muhammad,2
"Joseph II, Holy Roman Emperor",2
Nikita Khrushchev,2
American Civil Liberties Union,2
Equal Rights Amendment,2
Almoravid dynasty,2
Charles V,2
Attack on Pearl Harbor,2
Punic Wars,2
Marcus Porcius Cato,2
Bartolomé de las Casas,2
Galileo Galilei,2
II Corps (South Korea),2
Plymouth Colony,2
Marseille,2
India,2
Stand in the Schoolhouse Door,2
Derg,2
"James Scott, 1st Duke of Monmouth",2
Warren E. Burger,2
Hezbollah,2
Dirty War,2
Schenck v. United States,2
Damascus,2
"Richard Neville, 16th Earl of Warwick",2
Aragon,2
Mau Mau Uprising,2
Pergamon,2
National,2
Acadians,2
Serbs,2
Philip Sheridan,2
Haiti,2
Battle of Chacabuco,2
Khazars,2
Fundamental Orders of Connecticut,2
Copperhead,2
Battle of Magenta,2
Emancipation Proclamation,2
Abolitionism,2
Fourth Amendment to the United States Constitution,2
Martin Frobisher,2
Siege of Vicksburg,2
Ivan III of Russia,2
Vasco da Gama,2
Korea,2
Ivan,2
List of tyrants of Syracuse,2
Sicilian Expedition,2
William Howard Taft,2
Mountain Meadows massacre,2
Works Progress Administration,2
Klondike Gold Rush,2
Spring and Autumn period,2
House of Lancaster,2
Pyrrhus of Epirus,2
Pequot War,2
John C. Frémont,2
Stilicho,2
New York City draft riots,2
Falange Española Tradicionalista y de las Juntas de Ofensiva Nacional Sindicalista,2
Muhammad Ali Jinnah,2
John,2
"Henry IV, Holy Roman Emperor",2
1860 Oxford evolution debate,2
Maronites,2
United States Postal Service,2
Profumo affair,2
"United States presidential election in Pennsylvania, 1876",2
Ulster,2
Space Shuttle Challenger disaster,2
Livonian War,2
Zachary Taylor,2
Mukden Incident,2
House of Bourbon,2
Indian National Congress,2
Coffee bean,2
Hungarians,2
My Lai Massacre,2
Tokyo,2
Pennsylvania,2
El Alamein,2
Essex Junto,2
Taiping Rebellion,2
Maastricht Treaty,2
Planned Parenthood,2
Colony of Virginia,2
Zimbabwe,2
Idaho,2
Robert Mugabe,2
Serbians,2
Zulfikar Ali Bhutto,2
Rump Parliament,2
Bulgars,2
Suetonius,2
Battle of Grunwald,2
Miletus,2
Alp Arslan,2
Battle of the Boyne,2
Hoysala Empire,2
House of Saxe-Coburg and Gotha,2
Edward III of England,2
Battle of Plassey,2
John A. Macdonald,2
Bayer,2
Battle of Nagashino,2
Aspiration,2
Akhenaten,2
Maximilian,2
Maori ,2
Battle of Lepanto,2
Tennessee Valley Authority,2
William Lloyd Garrison,2
Battle of Tippecanoe,2
Trent Affair,2
Jacquerie,2
"Frederick North, Lord North",2
Lake Champlain,2
Tinker v. Des Moines Independent Community School District,2
Philip the Good,2
Bar Kokhba revolt,2
Mantua,2
George Mason,2
James Buchanan,2
Council of Nicaea,2
Hosni Mubarak,2
President of South Korea,2
Titus Flavius Vespasianus,2
Sri Lankan Civil War,2
Uruguay,2
Oregon Territory,2
Nuremberg trials,2
Sir,2
Nation of Islam,2
House of Orange-Nassau,2
Lewis Cass,2
Tibet,2
"United States presidential election, 1948",2
Bogomilism,2
John Major (disambiguation),2
Mikhail Gorbachev,2
Korean War,2
Iroquois,2
Hungarian Revolution,2
Estadio Presidente Juan Domingo Perón,2
Robert McNamara,2
Know Nothing,2
Battle of Iwo Jima,2
Battle of San Jacinto,2
Elephant,2
Indiana,2
Fiorello H. La Guardia,2
Spartacus League,2
Battle of Tours,2
Charles Coughlin,2
Schutzstaffel,2
Earl Warren,2
Andersonville National Historic Site,2
"Erie, Pennsylvania",2
Battle of the Teutoburg Forest,2
A. Philip Randolph,2
Antonio López de Santa Anna,2
Robert F. Kennedy,2
Barbary Wars,2
Battle of Zama,2
Albany Regency,2
Anglo-Ashanti wars,2
Pippin,2
Philip II of France,2
Ferdinand Magellan,2
Maine,2
Battle of Gettysburg,2
Kievan Rus',2
Yemelyan Pugachev,2
Saturday Night Massacre,2
Strom Thurmond,2
Ecuador,2
Anschluss,2
State of Franklin,2
Polybius,2
Marcus Licinius Crassus,2
Charles River Bridge v. Warren Bridge,2
Helots,2
Harlem,2
William II,2
Kurdistan,2
Lebanon,2
"United States presidential election in Pennsylvania, 1852",2
Federalist No. 45,2
Iran-Iraq War,2
Hammer v. Dagenhart,2
Johnstown Flood,2
Sugarcane,2
Munich,2
Brittany,2
Llywelyn,2
Montana,2
West Virginia,2
First Sino-Japanese War,2
Franz Joseph I of Austria,2
Nathan Bedford Forrest,2
Invasion of Grenada,2
1972 Nixon visit to China,2
Normandy,2
Scipio Africanus,2
Babur,2
Ulysses S. Grant,2
Sabra and Shatila massacre,2
Gideon v. Wainwright,2
Afonso de Albuquerque,2
Jacques Necker,2
Michigan,2
Ephesus,2
United States Attorney General,2
Yom Kippur War,2
Francisco I. Madero,2
J. Robert Oppenheimer,2
Husayn ibn Ali,2
Nicolaus Copernicus,2
Senegal,2
Mutiny on the Bounty (novel),2
Simón Bolívar,2
Thaddeus Stevens,2
Catholic emancipation,2
Carlsbad Decrees,2
Treaty of the Pyrenees,2
Heian period,2
Patrice Lumumba,2
"Simon de Montfort, 6th Earl of Leicester",2
Kushan Empire,2
May 1968 events in France,2
Microcredit,2
Kingdom of Bohemia,2
Strabo,2
Colorado,2
1973 Chilean coup d'état,2
Alaska Purchase,2
Joseph II,2
Córdoba,2
Lucknow Pact,2
Saint Valentine's Day Massacre,2
Heraclius,2
Nelson Rockefeller,2
Time of Troubles,2
Nguyen Dynasty,2
Warsaw Pact,2
Denmark Vesey,2
Umayyad Caliphate,2
Pope Urban II,2
Amsterdam,2
Fair use,2
French Revolution,2
Clovis I,2
Syngman Rhee,2
List of conflicts in Africa,2
Chamberlain,2
List of Byzantine emperors,2
Republic of Ireland,2
Treaty of Verdun,2
Irish Home Rule movement,2
William M. Tweed,2
Emmeline Pankhurst,2
Red River Rebellion,2
Assassination of Robert F. Kennedy,2
Emancipation reform of 1861,2
Leopold II of Belgium,2
Seminole,2
Monastery,2
Berlin,2
Urban,2
July Monarchy,2
President of the Republic of Texas,2
Pedro II of Brazil,2
Bob Dole,2
János Kádár,2
Slobodan Milosevic,2
Srivijaya,2
Mecca,2
Arthur Wellesley,2
Buck v. Bell,2
Battle of Kadesh,2
Al Capone,2
Ravenna,2
Colfax massacre,2
Ross Perot,2
Battle of the Dunes,2
Chicago Police Department,2
Rajiv Gandhi,2
"Maurice, Prince of Orange",2
Rockefeller,2
Eta,2
Suez Crisis,2
Botswana,2
Prince Eugene of Savoy,2
Vikings,2
Thomas Brackett Reed,2
American Civil War,2
List of Polish monarchs,2
Tammany Hall,2
Henry II,2
Hatfield Regis Priory,2
Standard Oil,2
Tet Offensive,2
German reunification,2
Battle of Rocroi,2
"United States presidential election, 1976",2
Julian,2
Battle of Poitiers,2
Council of Ephesus,2
Aurangzeb,2
Hudson's Bay Company,2
German South-West Africa,2
White Lotus Rebellion,2
Augustine of Hippo,2
Embargo Act of 1807,2
Great Britain,2
James A. Garfield,2
Pugachev's Rebellion,2
"Tulsa, Oklahoma",2
Battle of Mohács,2
Schmalkaldic League,2
David Ben-Gurion,2
Malcolm X,2
Armenians,2
Mary I of England,2
Pastry War,2
Enver Hoxha,2
Alexandria,2
The Mahdi,2
Jefferson Davis,2
Moon,2
Satsuma Domain,2
"Gilbert du Motier, Marquis de Lafayette",2
Henry Knox,2
Adlai Stevenson II,2
Barbary Coast,2
"Dwight D. Eisenhower Presidential Library, Museum and Boyhood Home",2
Yuan Shikai,2
Alaska,2
History of Solidarity,2
Ukraine,2
Hiram Johnson,2
Offa of Mercia,2
John Major,2
Women's suffrage in the United Kingdom,2
Arminius,2
Olmec,2
Seneca Falls Convention,2
Siege of Orléans,2
California Gold Rush,2
Cardinal Mazarin,2
Nikita Sergeyevich Khrushchev,2
Battle of Trenton,2
Charles VI,2
Louis Brandeis,2
Alexios I Komnenos,2
Majapahit,2
Strategic Defense Initiative,2
Tobacco,2
United States Environmental Protection Agency,2
"Piers Gaveston, 1st Earl of Cornwall",2
Andrew Johnson,2
Fourteen Points,2
Battle of the Coral Sea,2
Second Vatican Council,2
Booker T. Washington,2
Jan Hus,2
Syria,2
Halicarnassus,2
Idris Alooma,2
Alexander Kerensky,2
Kuomintang,2
Buenos Aires,2
Treaty of Campo Formio,2
Jacobite,2
John Jay,2
The Blitz,2
Michael,2
Pope Innocent III,2
Nicholas II of Russia,2
Shenyang,2
Ostia Antica,2
Merovingian dynasty,2
1918 flu pandemic,2
March on Washington for Jobs and Freedom,2
W. E. B. Du Bois,2
"Frederick II, Holy Roman Emperor",2
Boston,2
Quebec City,2
Puritans,2
First Continental Congress,2
Ostpolitik,2
James K. Polk,2
"George Calvert, 1st Baron Baltimore",2
Silesia,2
Taira clan,2
Marbury v. Madison,2
Democratic National Convention,2
George II,2
George Armstrong Custer,2
Slave rebellion,2
Siege of Petersburg,2
John Hancock,2
"Memphis, Tennessee",2
American Revolutionary War,2
Rijeka,2
Kyoto,2
Béla Kun,2
Knights Templar,2
Battle of the Little Bighorn,2
October Revolution,2
Battle of Marengo,2
Battle of Marston Moor,2
Mongols,2
Xerxes I,2
Grigori Rasputin,2
Mark Twain,2
Macedonian Wars,2
James M. Buchanan,2
Frankfurt Parliament,2
Aquitaine,2
Tariff of Abominations,2
First Battle of Bull Run,2
Grand Duchy of Finland,2
Alaric,2
Samnites,2
Hugo Chávez,2
Eaton,2
Navarre,2
Mississippian culture,2
Roman Senate,2
France and Austria ,2
French Directory,2
Isabella of France,2
"Charles V, Holy Roman Emperor",2
Atomic bombings of Hiroshima and Nagasaki,2
October Crisis,2
Battle of Waterloo,2
"European Parliament election, 1994",2
Treaty of Ancón,2
Red Army Faction,2
Panic of 1819,2
Isabella,2
Florida,2
Franco-Dutch War,2
"United States presidential election in Pennsylvania, 1880",2
Corpus Juris Civilis,2
Vicksburg,2
War,2
Marcelo Caetano,2
Ciompi Revolt,2
Bhutto family,2
"United States presidential election, 1920",2
Ernest Shackleton,2
McKinley Tariff,2
Alexander I,2
Bismarck,2
"John Churchill, 1st Duke of Marlborough",2
The Washington Post,2
Battle of Bosworth Field,2
Antonio José de Sucre,2
Capetian dynasty,2
Black and Tans,2
Olympic Games,2
Christopher Columbus,2
Battle of Vienna,2
Aldo Moro,2
Piracy,2
Druid,2
Nader Shah,2
Republic of Texas,2
Maximilien Robespierre,2
Juan Carlos I of Spain,2
House of Capet,2
Visigoths,2
Edward VIII abdication crisis,2
Peace of Pressburg,2
Pahlavi dynasty,2
Frederick William I,2
Estado Novo,2
Leopold,2
Fidel Castro,2
Battle of Trafalgar,2
Sino-Indian War,2
Java,2
Oslo Accords,2
"Hernshaw, West Virginia",2
Laos,2
Severan dynasty,2
William the Silent,2
Moscow,2
Spanish-American War,2
Earl of Dunmore,2
Dwight D. Eisenhower,2
Davis,2
Michael Collins,2
Vlad the Impaler,2
Kalmar Union,2
Catherine,2
Henry Cabot Lodge,2
John Wilkes Booth,2
The Communist Manifesto,2
Ned Kelly,2
François,2
Ivory Coast,2
Elbridge Gerry,2
Gracchi,2
Detroit,2
Second Battle of Bull Run,2
Emilio Aguinaldo,2
Slavery in the United States,2
Dutch East India Company,2
Bernard of Clairvaux,2
George W. Bush,2
Phoenicia,2
Battle of Ulundi,2
Saxony,2
Burning of Washington,2
Nullification,2
Greco-Persian Wars,2
Stephen I,2
Battle of Tondibi,2
War in the Vendée,2
Nat Turner,2
Comanche,2
Taft,2
On-to-Ottawa Trek,2
Tunisia,2
Palmer Raids,2
Flanders,2
Warsaw,2
Hafez al-Assad,2
United Fruit Company,2
Monarchy of Spain,2
List of miners' strikes,2
Reform Act 1832,2
Pogrom,2
Battle of Antietam,2
Witch-hunt,2
Council of Chalcedon,2
Anti-Saloon League,2
Franklin Pierce,2
Vermont,2
Helen Keller,2
Henry II of France,2
Battle of Pavia,2
Vidkun Quisling,2
Battle of Midway,2
Ramesses,2
Chinese,2
Gaul,2
Battle of Bannockburn,2
Walter Mondale,2
Costa Rica,2
Manila,2
Theoderic the Great,2
Second Crusade,2
Panic of 1837,2
Visconti,2
Hohenstaufen,2
Samuel Adams,2
Savanna,2
Dahomey,2
Chinese Exclusion Act,2
Peisistratos,2
Peter I,2
Hundred Years' War,2
Austrian Empire,2
Cnut the Great,2
Donation of Constantine,2
Council of Florence,2
Joseph Nye,2
Tennessee,2
Battle of Flodden,2
Wilson,2
Henry VIII of England,2
Indian Removal Act,2
Gallic Wars,2
Battle of Omdurman,2
Richard Neville,2
Japanese Americans,2
Ruhollah Khomeini,2
Haymarket affair,2
Workhouse,2
Wends,2
Selma,2
Daniel Ortega,2
Meister Eckhart,2
Lester B. Pearson,2
Miguel Primo de Rivera,2
Underground Railroad,2
Gregory I,2
John Dickinson,2
Samuel Morse,2
"Martin Luther King, Jr.",2
"Charleston, South Carolina",2
Argos,2
Carl von Clausewitz,2
Philippe Pétain,2
Cloaca Maxima,2
Fireside chats,2
Catalonia,2
"Frederick V, Elector Palatine",2
Mixtec,2
Roosevelt,2
J. William Fulbright,2
Christianity,2
Richard,2
Corn Laws,2
Declaration of Sentiments,2
Henry IV of France,2
Lothair I,2
Lindbergh kidnapping,2
Royal Navy,2
George McGovern,2
Pontiac,2
Operation Condor,2
Stephen A. Douglas,2
Paris,2
Roger B. Taney,2
Éamon de Valera,2
Thomas Jefferson,2
York,2
Emma Goldman,2
Girolamo Savonarola,2
Parthia,2
Gnaeus Julius Agricola,2
Wessex,2
Joseph Brant,2
Governor of Illinois,2
Bangladesh Liberation War,2
Greek War of Independence,2
Earl Russell,2
Sinn Féin,2
Emperor of Ethiopia,2
Kingdom of Castile,2
Comstock Lode,2
Sacco and Vanzetti,2
Uthman,2
Ancient Greek law,2
Red Turban Rebellion,2
"Cartagena, Colombia",2
Rail transport,2
Zapotec,2
Social Security Act,2
Luddite,2
Kingdom of Portugal,2
Yazoo land scandal,2
Cuban Missile Crisis,2
Rosie the Riveter,2
Marie de' Medici,2
Frederick William,2
John Wilkes,2
National Health Service,2
Los Angeles Police Department,2
Sundiata Keita,2
Sukarno,2
Battle of Actium,2
Zhou Enlai,2
Dulles,2
Houston,2
Opium Wars,2
Gerald Ford,2
Battle of Adrianople,2
Continental System,2
Battle of Thermopylae,2
"United States presidential election in Pennsylvania, 1888",2
Kamehameha,2
Prohibition,2
First English Civil War,2
Francis,2
Battle of the Eurymedon,2
Montesquieu,2
England,2
Jugurtha,2
Russian Revolution,2
Lázaro Cárdenas,2
Muhammad Ali,2
Atlantic Charter,2
Ur,2
Black Panther Party,2
John Adams,2
April,2
October Manifesto,2
Imelda Marcos,2
Stalwart (politics),2
Battle of Valmy,2
Wallace,2
Prime Minister of India,2
Frederick Douglass,2
Spartacus,2
Bleeding Kansas,2
John of Austria,2
Battle of Ain Jalut,2
Silla,2
Cesare Borgia,2
Ionian Revolt,2
Fuad,2
Geneva,2
Kamakura period,2
Ramsay MacDonald,2
Shihab al-Din,2
Kingdom of Naples,2
Battle of Fredericksburg,2
"George Curzon, 1st Marquess Curzon of Kedleston",2
Jacobite risings,1
"United States presidential election, 1924",1
Lucius Domitus Aurelianus Augustus,1
Saint Christopher,1
Sugar,1
Buraq,1
Battle of Crécy,1
Apollo 8,1
Victor Serge,1
Álvar Núñez Cabeza de Vaca,1
Barbara Sukowa,1
Harald Haadrada ,1
Alvar Nunez Cabeza de Vaca ,1
Anglo-Powhatan Wars,1
Robert Jenkins,1
United States Secretary of War,1
Sino-Vietnamese War,1
Mark Kirk,1
Shirley,1
Tomy,1
Henri Christophe,1
ABC nations,1
Pilgrim,1
Biological agent,1
Germanicus,1
Letter from Birmingham Jail,1
Adlai,1
Bread and Roses Award,1
Spanish-American War ,1
Boudica,1
Military,1
Croatian Latin literature,1
Republican National Convention,1
Tasmania,1
Inca Garcilaso de la Vega,1
Lynching,1
Alexander Lukashenko,1
Bernadotte,1
Antiqua,1
Diadochi,1
Dalai Lama,1
Pylos,1
"United States presidential election in Pennsylvania, 1896",1
Khalid Sheikh Mohammed,1
Republican Party,1
Flavio Cotti,1
George Clinton,1
Barron v. Baltimore,1
Servile Wars,1
Second Viennese School,1
Glass-Steagall Act,1
Rashidun,1
Roman roads,1
Ode: Intimations of Immortality,1
Louis XVII of France,1
Shahpur,1
"United States presidential election in Pennsylvania, 1904",1
Roger Ludlow,1
Tsarevich Dmitry Ivanovich of Russia,1
"United States presidential election, 1860",1
Arizona,1
"United States presidential election, 1864",1
Victual Brothers,1
Hoplite,1
Battle of Hattin,1
Clarendon,1
Catalan independence,1
AT&T,1
Periplus,1
Darius I,1
Ted Kennedy,1
Duck and cover,1
Rick Pitino,1
Battle of Camden,1
Bloody Sunday,1
Assassination of Olof Palme,1
M´aty´as Rakosi ,1
Thomas Sumter,1
Occupation of Japan,1
Münster,1
Escobedo v. Illinois,1
Jalaladdin Davani,1
Qi,1
Frank Lloyd Wright,1
Der Spiegel,1
Bayezid I,1
Engelbert Dollfuss,1
Ahuitzotl,1
Valéry Giscard d'Estaing,1
Munn v. Illinois,1
"Davy Crockett, King of the Wild Frontier",1
Secessio plebis,1
George Meany,1
List of rulers of Milan,1
George Pickett,1
Xhosa Wars,1
Ignacio,1
Ian Paisley,1
Treaty of Rome,1
Huzziya II,1
Treaty of Lausanne,1
Southern Rhodesia,1
Battle of Las Navas de Tolosa,1
the Mexican-American War ,1
Council of Clermont,1
First Battle of the Marne,1
Polish Round Table Agreement,1
Megiddo,1
Anne Boleyn,1
"Wat Tyler Cluverius, Jr.",1
Pollock v. Farmers' Loan & Trust Co.,1
Albanians,1
Brighton,1
Treasury (disambiguation),1
"""J'Accuse"" ",1
Plutarch,1
Lord Frederick,1
Pope John,1
Monroe Doctrine,1
UNITA,1
Summary and map of the 2005 French riots,1
Cyrus Vance,1
4 Little Girls,1
Nazi Party,1
Mardonius,1
Oregon boundary dispute,1
Gaius Maecenas,1
International Military Tribunal for the Far East,1
1994,1
All men are created equal,1
1998,1
Crown,1
Cinema of the United States,1
Battle of Chattanooga,1
Ascension,1
Sejm,1
Oliver O. Howard,1
McDonald v. City of Chicago,1
Z Plan,1
Antwerp,1
Battle of Moscow,1
Hibakusha,1
House Un-American Activities Committee,1
Beecher,1
Director of the Central Intelligence Agency,1
Angell Hall,1
George Washington's Farewell Address,1
Battle of Passchendaele,1
Biafra,1
Banana,1
Latvia,1
Woman's Christian Temperance Union,1
Louis Auguste Blanqui,1
James Fenimore Cooper,1
Tulsa race riot,1
Dale Minami,1
Muhammad ibn Abd al-Wahhab,1
Anatomy,1
Battle of Plattsburgh,1
Krupp,1
45 (number),1
Governor of California,1
Edmund Muskie,1
Eighty Years' War,1
A,1
Friendly fire,1
Hustler Magazine v. Falwell,1
League of Nations,1
Nineveh,1
Cicero,1
Grand Canal,1
Morrison Waite,1
Newt Gingrich,1
Teotihuacan,1
Catholic League,1
Lê dynasty,1
WELF-TV,1
John Macdonald,1
Sixth Crusade,1
Finzean,1
Charles Albert of Sardinia,1
Locofocos,1
George Tenet,1
Dorthea Hassager,1
Elizabeth II,1
Morgenthau,1
Cattell,1
Alger Hiss,1
Ambrose Burnside,1
Manitoba,1
Crusader states,1
Parkinson's disease,1
Eastern Depot,1
Pancho Villa,1
Edwin Stanton,1
Battle of Solferino,1
Collective farming,1
Nicaea,1
David Walker (abolitionist),1
Boxer Rebellion,1
Jan Smuts,1
Francisco Vázquez de Coronado,1
Iraq War,1
Shawnee,1
Synod of Whitby,1
Bureau of Indian Affairs,1
"After the capture of Denver Battery in this battle, artillery commander George Moore hunkered down at Fort Mills, sometimes an alternate name for this clash. General Jonathan ""Skinny"" Wainwright met with opposing commander Masaharu Homma to discuss his forced surrender, and was eventually dispatched to Manchuria. Fought in early May of 1942 in the midst of the ►Bataan Death March, FTP, name this World War II battle by which the Japanese acquired control of Manila Bay, taking the namesake island in the Philippines.",1
Sadr,1
Abu Inan Faris,1
Llywelyn ap Gruffudd,1
Little Entente,1
Nikita Petrovich Panin,1
Prognathism,1
Alchemy,1
History of psychiatric institutions,1
Loom (disambiguation),1
Wilkes,1
The Stones of Venice,1
Pope Alexander VI,1
Battle of Bassano,1
Clapton Square,1
Longitude,1
Genocide,1
Invasion of England,1
Leprosy,1
Srebrenica massacre,1
Robie House,1
Henriette Caillaux,1
Amerigo Vespucci,1
Investiture Controversy,1
Cairo,1
Joseph Hooker,1
Youngstown Sheet & Tube Co. v. Sawyer,1
Gustavus,1
Fordney-McCumber Tariff,1
Iraq,1
Aircraft carrier,1
Tuskegee University,1
Dean Rusk,1
Khorasan,1
Rhine,1
Turkish War of Independence,1
Aurelian,1
Budapest,1
House of Saud,1
Polish-Lithuanian Commonwealth ,1
Edmond-Charles Genêt,1
French Third Republic,1
Satsuma Rebellion,1
Hindu Kush,1
Hukbalahap,1
Paladin,1
Meroë,1
Jacobite rising of 1745,1
Zealots (Judea),1
Prescott Bush,1
Bernard Diederich,1
Kappel am Albis,1
Black Power,1
Bugs Moran,1
Irish Americans,1
"Jubilee Medal ""100 Years of the Trans-Siberian Railway""",1
Numidians,1
University,1
Child labour,1
Native Americans in the United States,1
French Resistance,1
Marcus Livius Salinator,1
Cornelius Vanderbilt,1
French Republican Calendar,1
Battle of Bull Run,1
Princely Family of Liechtenstein,1
Iran,1
Alexander H. Stephens,1
José Martí,1
Posen,1
Francis I,1
Burlingame Treaty,1
Pol Pot,1
President of Egypt,1
Culpeper's Rebellion,1
Julia (gens),1
Knossos,1
1970s,1
George Wallace,1
Factions of the Russian Social Democratic Labour Party,1
Marin Barleti,1
American Federation of Labor-Congress of Industrial Organizations ,1
Rhodesia,1
Amarna,1
Commonwealth of Nations,1
Bloody Assizes,1
Laughing Cavalier,1
Cherokee,1
Bailan melon,1
Lecompton Constitution,1
French campaign in Egypt and Syria,1
William Lyon Mackenzie,1
Varangians,1
William Scranton III,1
Arianism,1
Nelson A. Miles,1
Warsaw Ghetto,1
Strasbourg,1
Congress,1
Campaign history of the Roman military,1
Pataliputra,1
Governor of Virginia,1
"United States presidential election in Pennsylvania, 1916",1
Stepan Razin,1
Reichstag fire,1
Judicial functions of the House of Lords,1
Lieutenant Governor of Mississippi,1
Elbridge Thomas Gerry,1
River Boyne,1
George I of Great Britain,1
Kingdom of Nepal,1
Terracotta,1
Shawna Gordon,1
Battle of the Wilderness,1
BBC,1
Flavian dynasty,1
Johann Albrecht Korff,1
"Rudolf II, Holy Roman Emperor",1
Mount Vesuvius,1
Battle of the Netherlands,1
Search for extraterrestrial intelligence,1
Charleston,1
Liberation Tigers of Tamil Eelam,1
"Salem, Massachusetts",1
David Cameron,1
Mohammad Reza Pahlavi,1
Self-denying Ordinance (French Revolution),1
Dharasana Satyagraha,1
Philip Melanchthon,1
Allah,1
Russian Empire,1
Battle of Pichincha,1
Battle of Balaclava,1
Mitanni,1
Volgograd,1
Italian Americans,1
Chandrashekhar,1
Grain,1
Non-Aligned Movement,1
Aleksander Wojtkiewicz,1
H. H. Asquith,1
Step pyramid,1
Battle of Cannae,1
Parma,1
7 July 2005 London bombings,1
Treaty of Portsmouth,1
Sima Guang,1
Empire of Japan,1
Mercia,1
John Paul Jones,1
Britannia,1
Lepiduses ,1
Geghamavan,1
1965,1
Globe Theatre,1
Albert,1
Abu Ghraib prison,1
Perfidy,1
"French Directory election, 1798",1
Maria Isabel of Portugal,1
Anglo-Zulu War,1
Bank,1
Beyazid,1
"Hamilton East, New Zealand",1
Sarmatians,1
War communism,1
Foreign Affairs,1
Miguel Hidalgo y Costilla,1
Journalist,1
The Kingdom of This World,1
Government reform of Peter the Great,1
British Fascism,1
United Arab Republic,1
Clyde Snow,1
Mayan languages,1
Hull House,1
German Americans,1
Great Bombay textile strike,1
United States Secretary of Housing and Urban Development,1
Amelia Bloomer,1
Muromachi period,1
Alben W. Barkley,1
Battle of Cunaxa,1
Lisbon,1
Omeria Scott,1
President of Poland,1
Gyula Andrássy,1
Peace Corps,1
Bloody Sunday (1905),1
5 June (film),1
"Little Rock, Arkansas",1
Ministry of Sugar Industry Development,1
Bernhard Häring,1
Gulf War,1
Guise,1
Levellers,1
Popham Colony,1
Jewish Revolts ,1
Roman triumph,1
Tanaka Memorial,1
Battle of Borodino,1
Battle of Kasserine Pass,1
USS Chesapeake,1
Photography,1
David Paterson,1
Machias Seal Island,1
2012 Sahel drought,1
Odessa,1
First Indochina War,1
Washington Treaty,1
Theramenes,1
History,1
Nahum Admoni,1
Committee on Public Information,1
"Henri de la Tour d'Auvergne, Vicomte de Turenne",1
Carl Gustaf Mannerheim,1
Hair (musical),1
Pozzuoli,1
Buffalo Soldier,1
Fall of Saigon,1
Zulu Kingdom,1
Celts,1
Encomienda,1
Black Sea,1
Karl Benz,1
Zaibatsu,1
Palestinians,1
Temple,1
Francisco Pizarro,1
Battle of Vézeronce,1
Jean-Pierre Raffarin,1
Mughal emperors,1
Pulaski Skyway,1
Ken Cuccinelli,1
Numidia,1
Solicitor General,1
Washington,1
Blue Mosque,1
Mackenzie,1
Sixth Amendment to the United States Constitution,1
Doctor of Medicine,1
Rif,1
Mohawk Warrior Society,1
Masada,1
Vladimir Putin,1
Wilson-Gorman Tariff Act ,1
Hammett,1
Paraná River,1
John Hinckley Jr.,1
Textile,1
Muhammad's wives,1
Harvard University,1
Dewey Lake,1
Butler,1
Gdańsk ,1
United States Postmaster General,1
Empress Dowager Cixi,1
White movement,1
"Arlington County, Virginia",1
Ferdinand VII of Spain,1
Idris I of Morocco,1
Rus,1
November Uprising,1
Chairman of the Joint Chiefs of Staff,1
San Antonio,1
Banking in Italy,1
God Save the Queen (Sex Pistols song),1
Ten Thousand (Greek mercenaries),1
Doria,1
Chakri Dynasty,1
United States Department of State,1
Catherine Pegge,1
John O. Aalberg,1
the Sarbanes-Oxley Act of 2002 ,1
Nelson W. Aldrich,1
Director of the Federal Bureau of Investigation,1
Provinces of China,1
Michael Chertoff,1
Peter,1
King of Hungary,1
"Kit Carson County, Colorado",1
Transamerica Pyramid,1
The Art of War,1
Felix Dzerzhinsky,1
Villa Savoye,1
Mayor of New York City,1
Clement Vallandigham,1
Swiss Guard,1
Pope Gregory VII,1
"Birmingham, Alabama",1
Capuchin,1
Marcel Proust,1
Nicene Creed,1
American football,1
First Opium War,1
Lunokhod programme,1
100,1
James Gordon,1
"Randolph, Arizona",1
Sudetenland,1
Michele Bachmann,1
Lapo da Castiglionchio,1
Anti-Corn Law League,1
Kamakura shogunate,1
"Rupert I, Elector Palatine",1
Rosie Cooper,1
Blue House,1
Adams,1
Maximilian I of Mexico,1
Nathaniel Macon,1
Moldova,1
"United States presidential election, 1848",1
Marcus Garvey,1
Av,1
"United States presidential election, 1840",1
Visual impairment,1
Ahmed Sékou Touré,1
Texas Rangers,1
Proscription,1
The Telegraph,1
Tort,1
Hay-Bunau-varilla treaty,1
Battle of Karbala,1
Hillary Clinton,1
Acorn,1
Mediterranean Sea,1
Federal Aid Highway Act of 1956,1
Moroccan Crisis,1
The Moro Affair,1
Barbados,1
The Geographical Pivot of History,1
Maria Wicher,1
Lyndon LaRouche,1
Intermediate scrutiny,1
Liberty ship,1
10th century,1
Adolphe Thiers,1
Inca road system,1
2002 Gujarat riots,1
Xi'an Incident,1
Kennedy family,1
Ted Lindsay Award,1
Illyria,1
Abkhazia,1
"United States presidential election, 1996",1
Iowa,1
Fontainebleau,1
Malacca,1
Shanghaiing,1
V1,1
Monmouth Rebellion,1
John W. Davis,1
President,1
Pyrrhic victory,1
Joan of Arc,1
Bibliography of the Lewis and Clark Expedition,1
Jakarta,1
Patent medicine,1
War of the League of Cambrai,1
Presidential debate,1
Ancestral Puebloans,1
Trinidad and Tobago,1
The Birds of Haiti and the Dominican Republic,1
Oil,1
Wars of Kappel,1
Chinese Communist Revolution,1
Nancy Pelosi,1
San Gaspar de los Reyes,1
King Abdullah,1
Suriname,1
Ishii,1
François Guizot,1
Cry Wolf (novel),1
Forts of Texas,1
Grand Tour,1
Vercingetorix,1
Coffee,1
Astor family,1
Randolph,1
Zambia,1
The Battle of Alexander at Issus,1
Appeasement,1
Josip Broz Tito-Joseph Vissarionovich Stalin split ,1
Jurchen people,1
Cao Cao,1
James of Scotland,1
Missouri,1
Cambodia,1
Hurricane Flora,1
Edward VIII,1
K-W Line,1
Theodor Herzl,1
Marble Boat,1
Charles Willson Peale,1
Constitution,1
Title IX,1
Umkhonto we Sizwe,1
Smith Act,1
Calvinism,1
Hokkaido wolf,1
1932 Democratic National Convention,1
Dacia,1
Xi'an,1
Robert H. Goddard,1
Second Battle of Fort Wagner,1
Slovenia,1
Glasgow Argus,1
Chabad,1
Mansa (title),1
The True Story of Ah Q (film),1
Gimbap,1
Brasidas,1
Henry VI,1
Speechwriter,1
Wagon,1
Theodora (6th century),1
Narmer Palette,1
SAVAK,1
Police captain,1
Edmund Andros,1
Qin,1
Varna,1
Koxinga,1
Jimmy Carter,1
Francis of Assisi,1
Battle of Pusan Perimeter,1
Ayodhya,1
Kargil War,1
Finns,1
OF,1
Omar al-Bashir,1
Maggie Flynn,1
Margaret,1
Battle of the Golden Spurs,1
Warren,1
"Virginia City, Nevada",1
Medina,1
Hororo people,1
16th Street Baptist Church bombing,1
Samarkand,1
First Council of Nicaea,1
Basil,1
Beer,1
International Monetary Fund,1
Trygve Bratteli,1
Osman I,1
Pánfilo de Narváez,1
Janissaries,1
Lee,1
Harmonic oscillator,1
Porcelain,1
Debt bondage,1
Stamford Raffles,1
County of Flanders,1
Tram,1
Battle of Malplaquet,1
Armenia,1
Battle of Manila Bay,1
Pocahontas,1
Methodism,1
Pan-Germanism,1
Kim Campbell,1
Payne-Aldrich,1
William I,1
Puyi,1
1926 United Kingdom general strike,1
Joyce Carol Oates,1
Institute for Advanced Study,1
John Ehrlichman,1
Pipeline transport,1
Covenanter,1
Viet Cong,1
Dmitry Donskoy,1
Mapp v. Ohio,1
Soviet space program,1
Murad I,1
Lord,1
Arch of Septimius Severus,1
Dallas,1
Scotland,1
Hopi,1
Environment,1
Louis VII,1
Britain and France ,1
Sindhi,1
François Duvalier,1
Arlen Specter,1
List of Protestant martyrs of the English Reformation,1
Vasco Núñez de Balboa,1
Bohemond I of Antioch,1
Atrebates,1
Hells Angels,1
Russian battleship Potemkin,1
Battle of Kosovo,1
United States Secret Service,1
"Tallahassee, Florida",1
Amazon River,1
German Navy,1
Songhai,1
Louis XVIII of France,1
Thonburi Kingdom,1
David Dacko,1
Billy Sunday,1
Treaty of Shimonoseki,1
Joseph Stalin,1
Artaxerxes,1
USS James K. Paulding (DD-238),1
Fort Sumter,1
Archimedes,1
Sicilian Vespers,1
Pan Am Flight 103,1
Lampião ,1
Royal Proclamation of 1763,1
New York City Police Department,1
John Balliol,1
Alfred Smith,1
History of the Jews in Spain,1
Jerry Falwell,1
Origen,1
Blackbeard,1
Declaration of independence,1
Mud March,1
Publishing,1
North Vietnam,1
Florence Nightingale,1
Deseret,1
Amistad,1
Tahmasp I,1
Cabot,1
Virgil,1
Rhône,1
Trygve Lie,1
Highway,1
Jupiter (mythology),1
Frederick Winslow Taylor,1
Lucius Quinctius Cincinnatus,1
Bombing of Tokyo,1
Phoenix King,1
Andrew,1
Transubstantiation,1
G.I. Bill,1
Tract,1
Wu Zetian (disambiguation),1
Bayard Rustin,1
Commission on Devolution in Wales,1
Maximilian I,1
Arctic policy of Denmark,1
House of York,1
Cusco,1
George IV of the United Kingdom,1
Melbourne,1
Hippocampus,1
Gurkha,1
Quito,1
Great Trek,1
Hermann Castle,1
Witchcraft,1
South African Constitution of 1993,1
List of monarchs of Persia,1
Great Hsi-Ku Arsenal,1
French Consulate,1
"Time, Forward!",1
Affair of the Spanish Marriages,1
Bushranger,1
Meitner-Auger Emission,1
Invading France ,1
Motors Liquidation Company,1
Yalu River,1
World Jewish Congress,1
Republic,1
Richard J. Daley,1
Turkmenistan,1
Swabia,1
Mythology,1
Red Cloud,1
Verona,1
Dam,1
"Royal Observatory, Greenwich",1
Rational expectations,1
Cursus honorum,1
Santa Maria,1
Pablo Escobar,1
Serial killer,1
Competition law,1
Peter Weiss,1
Hugh Capet,1
Danelaw,1
Lithuanian Jews,1
Dominica,1
Oberlin College,1
Monarchy of the United Kingdom,1
Black Hawk,1
Operation Ivy,1
"Sir Richard Hoare, 2nd Baronet",1
Centralia,1
Year of the Four Emperors,1
I Have a Dream,1
Fox Theatre Historic District,1
Thomas Nast,1
President of Venezuela,1
Eleanor,1
Manetho,1
Abdullah (name),1
Italian unification,1
Albany Congress,1
Soweto uprising,1
Abdullah II of Jordan,1
Battleship,1
Tax,1
Rif War,1
"Sir Gilbert Pickering, 1st Baronet",1
Themistocles,1
Orphism,1
"Downtown Memphis, Tennessee",1
Niagara Falls peace conference,1
Ilkhanate,1
Corfu,1
Fujiwara no Matate,1
American System (economic plan),1
Sword hunt,1
"List of protest marches on Washington, D.C.",1
Dagon,1
Monarch,1
Free Soil Party,1
Michael the Brave,1
Red,1
Monarchy of Thailand,1
Manchukuo,1
7th century,1
David Koresh,1
Yakawlang District,1
Harald I,1
Golden Dawn,1
John Birch Society,1
Charles IV,1
Mamluk dynasty,1
Indian removal,1
War of the Breton Succession,1
Darien scheme,1
Duel,1
"William Lamb, 2nd Viscount Melbourne",1
Hal Vaughan,1
Libya,1
Vlad,1
Du Fu,1
Central African Republic,1
Eurovision Song Contest's Greatest Hits,1
"United States presidential election, 1964",1
Toledo War,1
Illegal immigration,1
Baker v. Carr,1
Walter Ulbricht,1
Jury nullification,1
Nuada Airgedlamh ,1
Sede vacante,1
Thomas Hooker,1
George B. McClellan,1
Château de Robert le Diable,1
Forest Brothers (Georgia),1
Edward Coke,1
Artemisium,1
Treaty of Cateau-Cambresis,1
Crimea,1
Thermidorians,1
Loving v. Virginia,1
Condor Legion,1
Nullification Crisis,1
Oliver Typewriter Company,1
Chapultepec Castle,1
Polish-Soviet War ,1
Imperial Crown of Russia,1
Ottoman poetry,1
Chernobyl disaster,1
Roland Burris,1
Tiglath-Pileser III,1
UEFA Euro 2004 bids,1
Kit Carson,1
Stephen F. Austin,1
George II of Great Britain,1
Checkers speech,1
Pontormo,1
Olive oil,1
Mayor,1
Bede,1
Quasi-War,1
Irgun,1
Toulouse,1
Philippic,1
Phoenix Park Murders,1
Korean Peninsula,1
Armenian Apostolic Church,1
William Tecumseh Sherman,1
Alexander Nevsky,1
Sunday Morning,1
Columbidae,1
Battle of San Juan Hill,1
Pope,1
Dutch Revolt,1
Satyagraha,1
Battle of Red Cliffs,1
Nathanael Greene,1
Charter 77,1
Acre,1
Haile Selassie,1
March of Dimes,1
George S. Patton,1
"Sigismund, Holy Roman Emperor",1
Chavez School of Magic,1
Spanish conquest of the Aztec Empire,1
Paul Y. Anderson,1
Vietnamese,1
Federal,1
Avar,1
Heliogabalus,1
List of Swedish monarchs,1
Caliphate,1
Royal Commission on the Defence of the United Kingdom,1
Kingdom of the Netherlands,1
Symbionese Liberation Army,1
Israeli Air Force,1
Steve Biko,1
Joseph Goebbels,1
Siege of Lovech,1
Pat Buchanan,1
Fulgencio Batista,1
Twenty-cent piece (United States coin),1
Margraviate of Brandenburg,1
States of Brazil,1
Act of Settlement 1701,1
Life (magazine),1
Glorious First of June,1
1993 World Trade Center bombing,1
Mad Men,1
Dutch East Indies,1
Germania,1
Clarence Thomas Supreme Court nomination,1
Treaty of Paris,1
Apology (Plato),1
Advent,1
Auditorium (Community of Christ),1
Spartan Constitution,1
United States Navy SEALs,1
Private military company,1
"United States presidential election, 1952",1
People's Socialist Republic of Albania,1
Jacobo Arbenz Guzman,1
Yuri Andropov,1
Andrew Mellon,1
Urartu,1
"United States presidential election in Pennsylvania, 1928",1
Romney,1
Isabel,1
The Sacred Wars,1
Ceolnoth,1
Twenty-second Amendment to the United States Constitution,1
Tayy,1
James G. Birney,1
American Indian Movement,1
El Cid,1
Women's suffrage,1
Raja Raja Chola I,1
Wyoming,1
French conquest of Algeria,1
Operation Market Garden,1
Council of Constance,1
Dhu Nuwas,1
Rye House Plot,1
Dixie GO Station,1
Jonathan Edwards,1
Saudi Arabia,1
Ioannis Metaxas,1
Jury,1
Sargon I,1
Xuanzong,1
Auschwitz concentration camp,1
Hengist and Horsa,1
Chuck Yeager,1
The Open Society and Its Enemies,1
Bahá'í Faith,1
Islam in Hungary,1
Lavrentiy Beria,1
August Wilhelm von Hofmann,1
Marian reforms,1
Conservation movement,1
Curtis LeMay,1
Herero people,1
Partition of India,1
John Dillinger,1
List of rivers of the Republic of Macedonia,1
Dutch Schultz,1
54th Massachusetts Infantry Regiment,1
1828,1
The True Believer,1
Utah Territory,1
Genealogy of the Irish Republican Army,1
Jean-Bertrand Aristide,1
Yellow,1
Pope Innocent X,1
Whig,1
Khalid ibn al-Walid,1
Milk,1
Adolf Hitler's possible monorchism,1
Taung Child,1
John Winthrop,1
Clock,1
Hussite Wars,1
Mahdi,1
Livy,1
Margaret of Anjou,1
Picts,1
Birmingham Union Workhouse,1
Shahada,1
Rhodesian Bush War,1
List of Assyrian kings,1
Third Punic War,1
Maria Miloslavskaya,1
Vasa,1
Báb,1
William Wallace,1
Josip,1
David Petraeus,1
John C. Stennis,1
Jean Dedel Bokassa ,1
Key,1
Shining Path,1
Tariff,1
Hermann Göring,1
Taíno,1
Hideki Tojo,1
Great Fire of Rome,1
Duchy of Burgundy,1
Opium,1
Italo-Abyssianian Wars ,1
Edmund Randolph,1
William H. Seward,1
List of Hollyoaks characters (1999),1
House of Welf,1
Wallace Fard Muhammad,1
Margaret Sanger,1
Education,1
Baku,1
Wen,1
Kenmu Restoration,1
Eques,1
Long Walls,1
Battle of the Trench,1
Paul I of Russia,1
Mount Whitney,1
Fire-Eaters,1
Clan Bruce,1
National Industrial Recovery Act,1
Eric,1
: India and Pakistan ,1
Brandenburg Gate,1
William A. Bowles,1
French Revolution of 1848,1
National Association for the Advancement of Colored People,1
History of Islam,1
Gary Hart,1
Black,1
National Art Schools (Cuba),1
Ancient Roman defensive walls,1
Medicine,1
Former Residence of Zhou Enlai in Shanghai,1
Swedish calendar,1
Capital City of Warsaw ,1
1910s,1
Diamond,1
Ögedei Khan,1
Afonso I of Portugal,1
Al-Hakim bi-Amr Allah,1
Elihu Root,1
History of the Jews in Russia,1
Potawatomi,1
U-boat,1
Shmalkaldic League,1
Demetrius,1
New Sweden,1
Indians in Panama,1
James Marshall (author),1
Al-Bikai'a,1
Council of Pisa,1
Hispania,1
Konrad Adenauer,1
Treaty of Greenville,1
Charlie Chaplin,1
Viceroyalty of Peru,1
Mataram Sultanate,1
Christianity in Japan,1
Katanga,1
Léon Blum,1
Mycenaean Greece,1
Duke of Buckingham,1
John J. Crittenden,1
Sacred band,1
Tiananmen Square protests of 1989,1
Comunero,1
List of stakes of The Church of Jesus Christ of Latter-day Saints,1
Mani pulite,1
Annales School,1
Charles the Fat,1
Stanley Baldwin,1
Orange (fruit),1
Henry Brooke (writer),1
Great Northern,1
Mutiny,1
Doge's Palace,1
Battle of Iquique,1
Polygamy,1
Student Nonviolent Coordinating Committee,1
Troubled Asset Relief Program,1
John Cabot,1
Duchy of Warsaw,1
Petals of Blood,1
Hamilton Fish,1
The Secret History,1
Old Court-New Court controversy ,1
Secretary-General of the United Nations,1
Knights Hospitaller,1
Pamplona,1
Artatama I,1
Agoge,1
Gonzaga,1
Timurid dynasty,1
"United States presidential election in Pennsylvania, 1828",1
Alliance for Progress,1
Aaron Burr-Alexander Hamilton Duel,1
Kazakhstan,1
Katyn massacre,1
Mahommah Gardo Baquaqua,1
Soviet-Afghan War ,1
Luigi Galleani,1
Geronimo,1
Prince Rupert of the Rhine,1
Tetrarchy,1
Onin War,1
Hundred Flowers Campaign,1
Alliteration,1
Human Genome Project,1
Cocaine,1
Battle of Monte Cassino,1
Croesus,1
NRA,1
Jawaharlal Nehru Technological University,1
"Embassy of Cuba in Washington, D.C.",1
Vanessa Place,1
Fourteenth Amendment,1
T. E. Lawrence,1
Nawaz Sharif,1
Benjamin Lincoln,1
Henry Kissinger,1
Mariel boatlift,1
List of United States Senators from North Carolina,1
Slavery in Brazil,1
Universal suffrage,1
Assassination,1
Second Council of Ephesus,1
The Last Boer War,1
Peter Waldo,1
Hurricane Katrina,1
Grenada,1
The Book of Certitude,1
"Walter Rothschild, 2nd Baron Rothschild",1
Ghaznavids,1
Home rule,1
Rurik dynasty,1
Catholic Church in Mexico,1
Secret Intelligence Service,1
Battle of Tewkesbury,1
"United States presidential election, 1968",1
Adolf Eichmann,1
Empress of Russia,1
Battle of Gaugamela,1
Epicurus,1
trial of Nicolae and Elena Ceausescu ,1
Jonah,1
Mather,1
Lacrosse,1
Agricultural Adjustment Act,1
Qajar dynasty,1
Louis,1
Sneferu,1
Streltsy Uprising,1
List of Governors of Arkansas,1
Angela Merkel,1
Japan Maritime Self-Defense Force,1
Turk,1
Hmong people,1
Red Cloud's War,1
Yellow Turban Rebellion,1
Rossendale Valley,1
Imjin War ,1
Prime Minister of South Africa,1
The Troubles,1
Selous Scouts,1
Bernard Montgomery,1
Red River War,1
Battle of Lake Trasimene,1
Mary Mallon,1
Salt March,1
Manchester,1
Administrative structure of the Imperial Japanese Government,1
Antipater,1
Penns Creek,1
Shiraz,1
Yan Pei-Ming,1
Africa,1
Iran-Iraq War ,1
Royal family,1
Administrative division of the Second Polish Republic,1
The Birth of Tragedy,1
Key West,1
Usiglio's Experiment,1
Babylon,1
Catharism,1
First Partition of Poland,1
Aristides,1
Kristallnacht,1
Alexander III of Scotland,1
George M. Dallas,1
Fascism,1
List of rulers of Wallachia,1
Palenque,1
Henry Ward Beecher,1
House of Bonaparte,1
Greek Civil War,1
Cao Mao,1
Henry Ford,1
Augustus II the Strong,1
Lynn,1
Middle Kingdom,1
Tavern,1
Thales,1
Leif Erikson,1
Democrat,1
Bangladesh,1
The Immortals,1
Gordon Riots,1
Dionysius of Syracuse,1
saving Jews during the Holocaust ,1
Exorcism,1
Freedman,1
Chariot,1
People's Liberation Army Navy,1
Bloody Sunday (1972),1
Principality of Chernigov,1
Reform Act 1867,1
Battle of Lechfeld (955),1
Ralph Bunche,1
Uluru,1
List of heads of state of Mexico,1
Order of battle of the Battle of Long Island,1
History of the Russo-Turkish wars,1
Spur (disambiguation),1
Kush,1
John Pym,1
Battle of Fort Donelson,1
Mary I,1
Our America,1
Hitler Youth,1
House of Savoy,1
New Mexico,1
Pequotyo War,1
Pisonian conspiracy,1
Privas,1
Kingdom/Empire of Kongo,1
Vijayanagara Empire,1
Tinker Tailor Soldier Spy,1
John Hay,1
Mohenjo-daro,1
Warring States period,1
Thermonuclear weapon,1
Tiberius Sempronius Gracchus,1
Harald,1
Berlin Wall,1
Columbia University,1
Józef Pilsudski,1
Battle of Cynoscephalae,1
Electorate of Saxony,1
The Sinking of the Lusitania,1
Youngstown Sheet and Tube,1
Jan III,1
Norris-LaGuardia Act ,1
Grand Duchy of Tuscany,1
White and Williams LLP,1
Magic square,1
List of places named after Josip Broz Tito,1
Konstantin Chernenko,1
Lotus,1
Italians of Ethiopia,1
Guru Nanak,1
John Hunyadi,1
Aboriginal Australians,1
Penny,1
Little Boy,1
Piltdown Man,1
The Knights of the Cross,1
Palestinian exodus,1
Sandra Day O'Connor,1
University of Notre Dame,1
Nez Perce,1
Assassination of Mahatma Gandhi,1
Bee,1
Red Guard,1
Nubia,1
Benjamin Henry Latrobe,1
Achaemenid Empire,1
Mother Teresa,1
Dissolution of the Soviet Union,1
Luis Cancer,1
Licinius,1
Emperor Wen of Sui,1
The Court-Martial of Billy Mitchell,1
Bob Marley,1
Great Turkish War,1
New Hampshire,1
Mississippi River,1
Battle of Bennington,1
Cato the Elder,1
Family (disambiguation),1
"United States presidential election, 1832",1
North Dakota,1
Cuban Revolution,1
Conservative Party of Canada,1
Charles I of Naples,1
Barcelona,1
Stasi,1
Iron,1
Narses,1
Giacomo Casanova,1
SA,1
Battle of Leuctra,1
Oedipus Rex (1967 film),1
Women in China,1
Petition of Right,1
Arius,1
Elisha Otis,1
An Essay on Criticism,1
Twenty-fifth Dynasty of Egypt,1
Mithridates VI of Pontus,1
Legio Maria,1
Jacobite rising of 1715,1
Milwaukee,1
Kingdom of Aksum,1
Battle of Bunker Hill,1
Adlai Stevenson I,1
Herod,1
Raziye Sultan,1
The Best So Far (Cindy Morgan album),1
Army-McCarthy hearings ,1
Georges Clemenceau,1
The Grange,1
Senet,1
Pavia,1
Cristina Fernández de Kirchner,1
James Cook,1
Baker rules,1
Battle of Guilford Court House,1
Wind of Change,1
Second voyage of HMS Beagle,1
Wall Street Crash of 1929,1
Levi Eshkol,1
Raúl Alfonsín,1
Black Warrior Affair,1
Corrupt Bargain,1
Enver,1
Dennis v. United States,1
Charles Edward Stuart,1
Green Mountain Boys,1
Stasi Records Agency,1
Amana Colonies,1
Nuremberg,1
Delaware,1
Maitreya,1
Hughes H-4 Hercules,1
Winnipeg general strike,1
Battle of Edgehill,1
Regulator,1
Robert Burns Woodward,1
Lech Walesa,1
President of Bolivia,1
"This country banned the film The Interpreter because it claimed a character in it was too similar to its leader. It forcibly cleared slum areas in Operation ""Drive Out Rubbish,""",1
List of United States Senators from Georgia,1
Cherokee syllabary,1
Ida B. Wells,1
Naxchivan ,1
Joseph P. Kennedy Sr.,1
Treaty of Rapallo,1
Great Plague of London,1
Lapford,1
Bull Run,1
Trujillo Province (Venezuela),1
Velvet Revolution,1
Agra,1
Fall of Constantinople,1
Harriet Tubman,1
Nicholas Biddle,1
Treaty of London,1
"Garnet Joseph Wolsley, 1st Viscount Wolsley of Wolseley, Baron Wolseley of Cairo and of Wolseley",1
National Fascist Party,1
Upper Nile (state),1
Pope John XXIII,1
1948 Palestine war,1
Nicolae Ceausescu ,1
Impressment,1
Nathuram Godse,1
Empire of Brazil,1
Children's Crusade,1
Mary,1
USS Maine,1
Fountain,1
The Union,1
Pachacuti,1
Cadaver Synod,1
East India Company,1
Treaty of Vereeniging,1
New York Times Co. v. Sullivan,1
United States antitrust law,1
William Askew,1
Vermont Republic,1
Americanism (heresy),1
Trial of Socrates,1
Barons' War,1
Earl Grey,1
Cash,1
Red Turban invasions of Goryeo,1
Travesties,1
Continental Navy,1
Earp,1
Hyderabad,1
Pope John Paul II,1
Burr conspiracy,1
Stavisky Affair,1
Treaty of Amiens,1
Second Amendment,1
Port Royal,1
Sallust,1
Ashikaga clan,1
War of the Confederation,1
Serbs and Montenegrins in the Greek War of Independence,1
Veterans Health Administration scandal of 2014,1
Indus River,1
Children's Crusade (1963),1
Cass,1
Fenian raids,1
Cuban War of Independence,1
People's Democratic Republic of Ethiopia,1
Alcoholic beverages in Oregon,1
Fort Ticonderoga,1
Berbers,1
Smoot-Hawley Act ,1
Watergate scandal,1
Yitzhak Rabin,1
Siege of Masada,1
Solomonic dynasty,1
Harold,1
Federal Reserve Act,1
Hotel,1
Sargon of Akkad,1
Council of Alberta University Students,1
Pampas,1
Jousting,1
David Foster Wallace,1
Hell's Angels: The Strange and Terrible Saga of the Outlaw Motorcycle Gangs,1
"Pantheon, Rome",1
Benazir Bhutto,1
List of botanists by author abbreviation (H),1
Guben,1
Specie Circular,1
Guru Gobind Singh,1
Charles the Bold,1
Second Triumvirate,1
White supremacy,1
Battle of the Milvian Bridge,1
The Raft of the Medusa,1
Walker,1
Tiananmen Square,1
Castle,1
Louis XII of France,1
Islam Karimov,1
Affirmative action,1
Scythians,1
Augusto César Sandino,1
House,1
Legislature of the Kingdom of Hawaii,1
Kamehameha III,1
1850s,1
Veracruz,1
Revolutionary Suicide,1
Treaties of Tilsit,1
Leo Frank,1
Siege of Baghdad (1258),1
Ho Chi Minh trail,1
Battle of Bouvines,1
Royal Canadian Mounted Police,1
Bar Lev Line,1
"Louis Mountbatten, 1st Earl Mountbatten of Burma",1
United States Ambassador to South Yemen,1
Magnetic monopole,1
Seagram Building,1
Plague of Justinian,1
Psalm 31,1
The Rite of Spring,1
Israel Putnam,1
Jean Lafitte,1
Christian Democratic Union of Germany,1
Conservative Judaism,1
Nicopolis,1
Walter Lippmann,1
John Singleton Copley,1
Operation Torch,1
Mossad,1
Battle of Aqbat al-Bakr,1
Republic of the Congo,1
KGB,1
Spanish American War,1
House of Sforza,1
Carpetbagger,1
Charles VIII of France,1
Thomas Blood,1
International Brotherhood of Teamsters,1
Kellogg-Briand Pact ,1
Jiang Zemin,1
Prohibition Party,1
Knights of the Golden Circle,1
Isidore of Seville,1
USS Panay incident,1
Yorktown,1
John Steinbeck,1
Russian Provisional Government,1
Crete,1
Land mine,1
Niagara Movement,1
List of Governors of West Virginia,1
Seabird,1
Thermidorian Reaction,1
Charles XIV John of Sweden,1
Susa,1
Saint Louis,1
Helmut Kohl,1
"Antony's ""friends, Roman, countrymen"" speech ",1
Abdul Hamid,1
Tennis Court Oath,1
Elijah Parish Lovejoy,1
United States Ambassador to France,1
Detroit riots,1
Constitutions of Clarendon,1
Romanos IV Diogenes,1
Girondins,1
Ed Rice,1
New Democratic Party,1
Sui dynasty,1
European Parliament,1
Lusitania,1
Windfall gain,1
National Party,1
White House Press Secretary,1
General Roman Calendar of Pope Pius XII,1
Battle of Shrewsbury,1
Cameroon,1
Free silver,1
Marcomannic Wars,1
Recep Tayyip Erdogan,1
Volunteer's dilemma,1
Irish Catholic,1
Nicholas Trist,1
Fall/Siege/Battle of Constantinople,1
Bond order,1
McDonnell Douglas F-15 Eagle,1
Pensées,1
William J. Brennan Jr.,1
"United States presidential election in Pennsylvania, 1804",1
Battle on the Ice,1
Pentagon Papers,1
Butcher,1
Third Republic,1
Pedro Alvares Cabral,1
List of kings of Iraq,1
Walashma dynasty,1
Panic of 1873,1
Carol I of Romania,1
National Diet,1
Dacians,1
Constantine XI Palaiologos,1
Mizrahi Jews,1
Chicago Tribune,1
Incandescent light bulb,1
Samuel Colt,1
Aelius Hadrianus Marullinus,1
Macau,1
United States Navy,1
Reinhold Messner,1
Safe conduct,1
8888 Uprising,1
Viking expansion,1
Zhou Wenzhong (diplomat),1
Arc de Triomphe,1
Khanate of Kazan,1
"Robert Stewart, Viscount Castlereagh",1
Daley family,1
Nara period,1
Year of the Six Emperors,1
Albert Einstein,1
Chase,1
Peter Stuyvesant,1
Chechnya,1
Poland and Lithuania,1
Golden Bull of 1356,1
Robert E. Lee,1
Symphony No. 3 (Schumann),1
Arlit,1
Fur Traders Descending the Missouri,1
Battle of Okehazama,1
Duchy of Brittany,1
Wallachia,1
"This president was depicted in a cartoon being told ""It's better to be President than to be right!"" by his mentor, and his first Secretary of State was the increasingly senile John Sherman. In one speech, he said that while walking through the White House after midnight, he became convinced the U.S. needed to ""uplift and civilize and Christianize"" a certain people. This man won the presidency thanks to a front- ",1
Federal Emergency Management Agency,1
Live 8,1
Qianlong Emperor,1
ETA (separatist group),1
The Whitechapel Horrors,1
Rerum novarum,1
Muqaddimah,1
CDU,1
Pedro II,1
Buzz Aldrin,1
Selim I,1
Toronto Paramedic Services,1
European Coal and Steel Community,1
Liberty Leading the People,1
The Brus,1
Battle of the Nile,1
DeWitt Clinton,1
Pope Eugene IV,1
Rush,1
Centre Party,1
Faye Dunaway,1
Gaucho,1
Be ye men of valour,1
2008 Charsadda bombing,1
The North Vietnamese Army ,1
Aqueduct,1
Ion Antonescu,1
Richelieu,1
Aegisthus,1
"United States presidential election, 1900",1
Monarchy of Denmark,1
Four Freedoms,1
Fiji,1
Adolf Hitler,1
Battle of Kings Mountain,1
"Nottingham Central by-election, 1940",1
Joseph Bonaparte,1
Treaty of New Echota,1
Battle of Château-Thierry,1
Isoroku Yamamoto,1
Airplane,1
Joan,1
Imre Nagy,1
Dan Quayle,1
Franklin D. Roosevelt,1
Stanley and Livingstone,1
Order of Vasco Núñez de Balboa,1
United States Secretary of Agriculture,1
Rahim Yar Khan District,1
Hernán Cortés,1
Operation Entebbe,1
Fomorians,1
Hechsher,1
The Fat,1
Columbia River,1
Frankfurt,1
Socialist Labor Party of America,1
Big-character poster,1
Dawes Plan,1
Shanghai People's Commune,1
Chern-Simons theory,1
Taira no Kiyomori,1
"United States presidential election in Virginia, 1948",1
Progressive Conservative Party,1
"Anne of Austria, Queen of Poland",1
"Christina, Queen of Sweden",1
Schmalkaldic War,1
Kansas-Nebraska Act,1
Mfantsiman Municipal District,1
Ragnar Lodbrok,1
Frederick I,1
Smyrna,1
Freedom Riders,1
Sullivan Expedition,1
Frederick V,1
Dukljan,1
Watts riots,1
Siege of Paris,1
1900 Galveston hurricane,1
Transcontinental railroad,1
David of Scotland,1
Lists of space programs,1
Affair of the Diamond Necklace,1
List of nicknames of European royalty and nobility: A,1
Anarchy,1
Imperial German Navy,1
IBM,1
Uranium,1
Freedom of the seas,1
Philip of France,1
Kindergarten,1
Venustiano Carranza,1
Chetniks,1
Alphons,1
Test Act,1
Mohawk people,1
Kamakura,1
Ostend Manifesto,1
Bagrationi dynasty,1
National Review,1
The Man Who Captured Eichmann,1
Euthydemus II,1
A Woman of No Importance,1
What Is to Be Done?,1
Chief Seattle,1
Dom,1
Concordat of Worms,1
Bona Dea,1
List of elections in 1912,1
Central Intelligence Agency,1
Omar Bradley,1
Lateran Treaty,1
Casimir,1
New York Daily News,1
AT&T Building,1
The Nocturne in Black and Gold Libel Trial ,1
Copts,1
Ayutthaya Kingdom,1
Adwa,1
Hassan Nasrallah,1
History of geography,1
Irish Free State,1
Johann Tetzel,1
Fries's Rebellion,1
Tuareg people,1
Christian of Denmark,1
Umar,1
Achaean League,1
United States Ambassador to the United Nations,1
United States Secretary of Defense,1
Order of Merit of the Federal Republic of Germany,1
Jacques Chirac,1
Place du 8 Février 1962,1
Burma Road,1
Pagan Kingdom,1
American Colonization Society,1
Battle of the Little Big Horn,1
Golden bull,1
D. C. Stephenson,1
Gaius Gracchus,1
Sigismund,1
Condottieri,1
Shuysky Tribute,1
Jim Jones,1
Attention,1
Kingdom of Hanover,1
Benjamin,1
Egypt (Roman province),1
Peace of Cateau-Cambresis ,1
Assassination of Archduke Franz Ferdinand of Austria,1
Abe Fortas,1
"Heart of Atlanta Motel, Inc. v. United States",1
Sinsinawa Mound raid,1
Porphyry,1
Spanish and Portuguese Jews,1
New Amsterdam,1
Junípero Serra,1
Louisa May Alcott,1
King John,1
Kyoto Protocol,1
Brutus,1
Freedom of religion,1
Bogotá,1
Congo Free State,1
Quiet Revolution,1
Gastein Convention,1
Chicago Seven,1
Lima,1
Wannsee Conference,1
Paraguay River,1
Ian Smith,1
Alcibiades,1
Anthropic principle,1
Murad,1
Colonization on Earth,1
Commonwealth Club Address,1
Revolt of the Comuneros,1
Danes,1
Telephone,1
Lewis,1
"United States presidential election in Pennsylvania, 1812",1
Alagoinha,1
Harihara I,1
Rhacophoridae,1
Livonian Order,1
Lapland,1
Pig War,1
Thurzó family,1
Palace of Westminster,1
Glass-Steagell Act,1
Black Hole of Calcutta,1
Defenestrations of Prague,1
Conway Cabal,1
Sally Hemings,1
Kemp (wool),1
Hassan Ngeze,1
Wendell Phillips,1
"United States presidential election, 1944",1
Emmett Till,1
Grover Furr,1
Plebs,1
Alexander Haig,1
Tecumseh,1
Samuel,1
List of elections in 1808,1
Hattusa,1
Battle of Fort Necessity,1
Front de libération du Québec,1
Erie Canal,1
Edward VII,1
Valley Forge,1
Josiah Martin,1
None,1
Valens,1
Lloyd Loar,1
Numa Pompilius,1
Mali,1
"Galveston, Texas",1
Anti-Federalist Papers,1
This was their finest hour,1
1967 Detroit race riot ,1
Mettray Penal Colony,1
Salamanca,1
Basques,1
Manitoba Schools Question,1
George,1
Salaminia,1
Compromise of 1850,1
Avignon Papacy,1
Trains (magazine),1
1983 Beirut barracks bombings,1
War of the Mantuan Succession,1
Middle English,1
Banks,1
Dogger Bank,1
Julius Walker Adams,1
"United States presidential election, 1916",1
Catacombs of Rome,1
"William Ewart Gladstone22. The plateau principle of this field concerns exponential approaches to steady states, and Patlak plots are employed in compartment models of one part of this field. Concepts in this field include the ""therapeutic window,"" which is very small for molecules like warfarin, and ",1
Zanj Rebellion,1
Turnus,1
Aung San,1
Jewish Revolts,1
Cossacks,1
Tycho Brahe,1
"Death of Diana, Princess of Wales",1
Incorporation,1
Berserker,1
Fugitive slaves in the United States,1
Katanga Province,1
Thuburbo Majus,1
Siege of Mafeking,1
Emperor of China,1
Grigory Potemkin,1
United States embargo against Cuba,1
Liberal Party,1
Yan'an,1
1910,1
Emperor Gaozu of Han,1
Tomas Masaryk,1
Road,1
Lakota,1
Wei Dynasty,1
Henry II of England,1
Battle of Long Island,1
Populist Party,1
José Gervasio Artigas,1
Ignatius,1
Freedom of the press,1
Whiskey Ring,1
Free agent,1
Charles J. Guiteau,1
Roman Greece,1
Treaty of Utrecht,1
"Walpole, New Hampshire",1
John Marshall Harlan II,1
Gladiator,1
Franz Liszt,1
Clotel,1
Union of South Africa,1
Mumbai,1
Bengal,1
Belva Ann Lockwood,1
Robert Moses,1
Goa,1
The Battle of Midway (film),1
"Don Fernando Álvarez de Toledo y Pimentel, 3rd Duke of Alba ",1
William Bligh,1
Commerce Clause,1
Weathermen,1
Imperial Harem,1
Governor of Texas,1
Income tax,1
University of Texas at Austin,1
Ludwig Erhard,1
Women in Nazi Germany,1
"Robert Jenkinson, 2nd Earl of Liverpool",1
Lev Vygotsky,1
Uruguay during World War II,1
King of Rome,1
Anti-Masonic Party,1
Secretary of State,1
Coventry,1
Ballinger-Pinchot Affair ,1
Pliny,1
Robert Ripley,1
Hindki,1
Sutton Hoo,1
DraCo,1
From Hell letter,1
Bridge,1
Brycchan Carey,1
Great Chicago Fire,1
"Douglas Haig, 1st Earl Haig",1
Chiapas,1
Cherry Poppin' Daddies,1
Chandragupta II Virkramaditya ,1
Wat Tyler,1
List of United States presidential assassination attempts and plots,1
Tsar,1
Nanjing,1
Port,1
Jackie Robinson,1
Shunga Empire,1
The Day of Forever,1
Assyrian people,1
Battle of Okinawa,1
Porteous Riots,1
Romanian Revolution,1
James Baker,1
Jus soli,1
Treaty of Constantinople (1913),1
Ottonian dynasty,1
Samoans,1
King-Byng Affair ,1
Victory over Japan Day,1
Flag of Jordan,1
Amchitka,1
Pope Pius IX,1
The Social War,1
Winston Churchill as writer,1
Attica Prison riot,1
Mallu Singh,1
Theodore,1
John Smith,1
Mfecane,1
Dung,1
Military history of the United Kingdom,1
Dandi,1
Bosnia and Herzegovina,1
Granges,1
Gdansk ,1
Compulsion (1959 film),1
North Pole,1
Gitlow v. New York,1
Emperor Taizong of Tang,1
Antioch,1
Give Us the Ballot,1
Apartheid,1
Pope Martin V,1
Praetorian Guard,1
Al Smith,1
Masinissa,1
Normans,1
Tigris,1
Oliver Ellsworth,1
Landsknecht,1
Hongwu Emperor,1
Pedro Cabral,1
Konrad Lorenz,1
Cinco de Mayo,1
McCoy,1
Pharsalia,1
Soong Mei-ling,1
First secessio plebis,1
Battle of Perryville,1
Cape Colony,1
Bithynia,1
Daeva,1
Sandinista Renovation Movement,1
Gerard Batten,1
Pietro Aretino,1
Julines Herring,1
Hay-Bunau-Varilla treaty,1
Liberal Party of Australia,1
Jay Gould,1
Blair,1
El Chupacabra (EP),1
Bangkok,1
Italian Navy,1
Cao Daism,1
"Stephen, King of England",1
Treaty of Passarowitz,1
Organization of American States,1
People Power Revolution,1
Vietnam War,1
Metis,1
Sargent Shriver,1
Chester W. Nimitz,1
"Wilhelm II, German Emperor",1
Stadtholder,1
Persepolis,1
Ionia,1
Tortilla,1
Louis Antoine de Saint-Just,1
Mathias Rust,1
Lucius Sicinius Vellutus,1
Reinhard,1
"This man apocryphally told a dying subordinate that ""Breisach is ours."" That agent of this man was an operative known as Father Joseph. The Marquis of Cinq-Mars unsuccessfully tried to get him executed, and in a play by Bulwer-Lytton, he utters the infamous sentence ""The pen is mightier than the sword."" He personally commanded the siege of La ",1
What to a slave is the 4th of July?,1
Ypres,1
Philip V of Macedon,1
Maji Maji Rebellion,1
Women's March on Versailles,1
Blechtey Park,1
"William ""Rip"" Robertson",1
Dmitry Medvedev,1
Cotton,1
Samnite Wars,1
Hermagoras Society,1
Chancellor of the Exchequer,1
Alexander Hamilton,1
Shimabara Rebellion,1
List of monarchs of Korea,1
Dark current,1
"United Kingdom general election, 1979",1
Slobodan Milosevic ,1
Campaign finance reform in the United States,1
Northern Star (newspaper of the Society of United Irishmen),1
Australia and the Indonesian occupation of East Timor,1
Department of Labor and Employment (Philippines),1
Jacobitism,1
Robert Kennicott,1
Henry Morton Stanley,1
Morisco revolt/rebellion/etc. ,1
Jewel Voice Broadcast,1
Zoroaster,1
Perseus of Macedon,1
House of Hohenzollern,1
List of Armenian Genocide memorials,1
Tadeusz Andrzej Bonawentura Kosciuszko,1
Richard Dawkins,1
Epirus,1
Philip IV,1
Potosi,1
Andrei Sakharov,1
Alf Landon,1
Sovetsky Soyuz-class battleship,1
Maitland,1
Pope Leo X,1
Maratha Empire,1
Stockholm,1
Canterbury,1
Battle of Monmouth,1
The Spanish-American War,1
Cattle,1
Tughril,1
Troubadour,1
Robert Rogers (soldier),1
Garnet,1
Tower of London,1
German military administration in occupied France during World War II,1
European Central Bank,1
Niagara,1
Ilustrado (TV series),1
X Article,1
Catholic Church,1
"James, son of Zebedee",1
John Sherman,1
Welfare state,1
Timbuktu!,1
upac Amaru II ,1
Boston Police Strike,1
Indonesian National Revolution,1
"United States elections, 1816",1
Beta Israel,1
Dictator,1
Constitution of Australia,1
Wounded Knee,1
Georges,1
Christian X of Denmark,1
Prison reform,1
Washington Irving,1
Daniel Boone,1
British Guiana,1
Arusha Declaration,1
Treaty of Paris (1763),1
List of monarchs of Northumbria,1
Samuel Whiteside,1
Silk,1
Directory,1
Wind of Change (speech),1
Gallbladder,1
Rationing,1
Gottfried Wilhelm Leibniz,1
Salvador Isabelino Allende Gossens,1
Fionn mac Cumhaill,1
Sinking of the Rainbow Warrior,1
Howl (disambiguation),1
Cistercians,1
German order of battle for Operation Fall Weiss,1
Milton Bradley Company,1
1968,1
Battle of the Alamo,1
Flag of Germany,1
Tyr ,1
Siege of Leningrad,1
House of Windsor,1
Narodnaya Volya,1
Tuskegee syphilis experiment,1
Tadeuscz Kosciuszko,1
Julian (emperor),1
Roanoke,1
Albany,1
Lottery,1
Ferdinand VI of Spain,1
Walloons,1
Transatlantic telegraph cable,1
Bourbon,1
A Shade of Difference,1
Patty Hearst,1
Cruel and unusual punishment,1
1992 Republican National Convention,1
England expects that every man will do his duty,1
Battle of Navarino,1
Battle of Mobile Bay,1
Necho,1
USS Cole bombing,1
Second Spanish Republic,1
Lines written a few miles above Tintern Abbey,1
War of the Regulation,1
Harun al-Rashid,1
Malaise,1
Surname,1
Seljuk Empire,1
Jagiello ,1
Infant exposure,1
Zemsky Sobor,1
Battle of Boyacá,1
Mount Hood,1
List of current and former capitals of subdivisions of China,1
Prime Minister of Canada,1
Phocis,1
Turin,1
NCAA v. Board of Regents of the University of Oklahoma,1
Hatch Act,1
Kuni-no-miya,1
Fridtjof Nansen,1
Mikhail Bulgakov,1
Shammai,1
NPR,1
Philippine-American War ,1
Lincoln's House Divided Speech,1
Teacher,1
Congo Crisis,1
Byrd Organization,1
War of the Quadruple Alliance,1
Health care in Canada,1
Kingdom of Poland,1
Babylonia,1
"John ""Johnny"" von Nuemann ",1
Falange Española de las JONS,1
Edessa,1
Great Zimbabwe,1
Piast dynasty,1
Romulus and Remus,1
Greenback,1
Comfort women,1
Peter Minuit,1
Fire,1
Visigothic Kingdom,1
Transistor,1
Weimar Republic,1
Schutzjude,1
Suleiman the Magnificent,1
Massachusetts,1
Jonas Savimbi,1
Annie Besant,1
"United States presidential election, 1856",1
Toga,1
Commodus,1
Anthony Eden,1
Jubilee Plot,1
List of rulers of Saxony,1
"One leader of this political party appointed the Goldstone Commission to investigate an incident in which members of the AVF and AWB stormed theWorld Trade Centre in Kempton Park. Its leader agreed to allow British use of its country's naval base in the Simonstown Agreement. A minister of information under this party named Connie Mulder became embroiled 2 in scandal for his plan to divert money from his country's defense budget to spend on propaganda. It came to prominence under Daniel Francois Malan, who advocated keeping out of World War II and distancing his country from the UK. Prime Ministers from this party include H.F. Verwoerd, who was assassinated in 1966. Through the Group Areas Act and the Land Acts, this party's leaders created the bantustans and provoked the SharpevilleMassacre. For 10 points, name this party led by P.W. Botha and F.W. de Klerk, which is notorious for instating Apartheid in South Africa.",1
Civil war (disambiguation),1
Norodom Sihanouk,1
Drosophila,1
Danish resistance movement,1
Omar Bongo,1
Ptolemaic Kingdom,1
Johnny Appleseed,1
A South Sea Bubble,1
Tarquinia (gens),1
Luce,1
New Jersey Meadowlands,1
Persian Empire,1
Bulgarian umbrella,1
Sicilian Mafia,1
Timeline of Chicago history,1
Lists of ancient kings,1
Philip V of Spain,1
Fugitive slave laws,1
Department of Alaska,1
Albrecht von Wallenstein,1
Pope Adrian IV,1
Southern Manifesto,1
Hubert Humphrey,1
Iranian Revolution,1
Regime of the Colonels ,1
Nikon,1
John Peter Altgeld,1
Chagatai Khanate,1
William Walker,1
Hannibal,1
Sher Shah Suri,1
Tbilisi,1
Cultural Revolution,1
Ludlow Massacre,1
Castle Hill convict rebellion,1
Lee Harvey Oswald,1
The Road to the Wall,1
Zhuge Liang,1
Steel,1
J. P. Morgan,1
Orléans,1
Pierre Laval,1
Isabel II of Spain,1
Georgy Malenkov,1
Duchy of Savoy,1
Franklin,1
Adrian,1
Flag of the United States,1
Nuclear weapon,1
Lindisfarne,1
Anti-personnel mine,1
Khosrow I,1
Détente,1
Ferdinand Walsin Esterhazy,1
Google,1
Muawiya,1
Kwame,1
Freeport Doctrine,1
Clement,1
Falkland,1
Battle of Fort Rivière,1
"United States presidential election in Pennsylvania, 1984",1
Back-to-Africa movement,1
Americans with Disabilities Act of 1990,1
Rainbow Warrior (1955),1
Transvaal Rangers,1
Electoral district of Cook,1
List of secretaries of the Italian Communist Party,1
Upton Sinclair,1
The Significance of the Frontier in American History,1
Patras,1
Sand Creek massacre,1
Braganza,1
The Economist,1
Dynasty,1
1890,1
Golden,1
Map,1
Alex Fellows,1
Meditations on First Philosophy,1
Andres,1
May,1
Pope Sylvester I,1
Moche,1
Wudi,1
Vampire lifestyle,1
Edict of Nantes,1
Edmund Ironside,1
A-Ba-Ni-Bi,1
John M. Clayton,1
P. T. Barnum,1
Challenger expedition,1
Kingdom of Kongo,1
Assizes,1
La Rochelle,1
Tupamaros,1
Marcus Aemilius Lepidus,1
Hunting and gathering,1
Gout,1
Eureka Stockade (disambiguation),1
Hausa Kingdoms,1
Hawley-Smoot Tarriff Act ,1
Leipzig,1
Webster's Second Reply to Hayne ,1
Epidemiology of HIV/AIDS,1
Darfur,1
Khalsa,1
Germaine Greer,1
Bedchamber crisis,1
Marshall Plan,1
Medb,1
House of Bernadotte,1
Aristide Briand,1
Robert Schuman,1
Bologna,1
Hymn to Intellectual Beauty,1
Order of the Eagle of Georgia,1
Police officer,1
Dilma Rousseff,1
Karvalakki,1
Assassination of William McKinley,1
Age of Empires II,1
Eugenics,1
Milton Friedman,1
Bartolomé Mitre,1
Terrorism in India,1
Milton S. Hershey,1
Jean Jaurès,1
Charles VIII,1
Fred M. Vinson,1
Keradere tengstroemiella,1
Port Huron Statement,1
Anthony Comstock,1
Suryavarman II,1
The Decline of the West,1
Josiah Bartlet,1
Young Turks,1
Atheism,1
Louis Riel,1
David Farragut,1
President of the Confederate States of America,1
Zheng He,1
Balti dynasty,1
Prisoner of war,1
Dan White,1
Henri Pirenne,1
Warsaw Ghetto Uprising,1
Benjamin Bonneville,1
Battle of the Catalaunian Plains,1
Estonia,1
Leisler's Rebellion,1
Osaka,1
Francis Walsingham,1
Otto; or Up with Dead People,1
Zollverein,1
Civil service reform,1
Elagabalus,1
John Locke,1
William II of England,1
Martin,1
Olaudah Equiano,1
The Winter of Our Discontent,1
Kingdom of France,1
Wilhelm,1
Shimabara Revolt,1
Administrative divisions of Laos,1
Castration,1
Pinckney's Treaty,1
Oswald Spengler,1
Quintus Fabius Maximus,1
Zulu,1
Awards and decorations of the United States Air Force,1
King Philip,1
List of Presidents of Rwanda,1
Balkans,1
Reed,1
Massalia,1
Crown of Aragon,1
Battle of the Allia,1
Peasants' Revolt,1
Constitutional Union Party,1
Sempronia,1
Coronation of Napoleon I,1
Plumber,1
Franco-Spanish War,1
Auguso Pinochet Ugarte,1
Querétaro,1
Calgary,1
Ramesses XI,1
Green,1
Intifada,1
The Bell Curve,1
Emperor Yang of Sui,1
Meiji,1
The Sociological Imagination,1
San José,1
Cao Dai,1
List of French monarchs,1
Anna of Russia,1
Croatian,1
Bear-baiting,1
Nevada,1
Vladimir Lenin,1
William of Orange,1
Irreconcilable differences,1
Cristero War,1
David Wilmot,1
Louis-Napolean Bonaparte ,1
Vendidad,1
Battle of Stones River,1
Stokely Carmichael,1
Mata Hari,1
List of diplomatic missions of the United States,1
Siem Reap Province,1
François Quesnay,1
Canossa,1
Franklin High School,1
Doctor,1
Munster,1
Catholic League (French),1
Battle of Dan-no-ura,1
Sabines,1
Pat Robertson,1
Taj Mahal,1
Institutional Revolutionary Party,1
Jakob Böhme,1
Goguryeo,1
"Nara, Nara",1
Great Flood of 1993,1
Third,1
Hui,1
Thousand Days' War,1
William N. Pendleton,1
Zeppelin,1
Nazca,1
Battle of Varna,1
New South Wales,1
Henry Clay Frick,1
Abd al-Rahman,1
Bo'orchu,1
Boston Massacre,1
Tutankhamun,1
Forests of Sweden,1
Cesar Chavez,1
Hooverville,1
Ecclesiastical History of the English People,1
Treaty of Ghent,1
Guy,1
List of kings of Greece,1
Clarence Thomas,1
Albert B. Fall,1
Don Pacifico affair and case,1
Library,1
Winter of Discontent,1
Tuskegee Airmen,1
Singeing the King of Spain's Beard,1
Edmund,1
Battle of the Metaurus,1
Red River,1
AGIL paradigm,1
"Raven Rocks, West Virginia",1
Force Publique,1
Indira,1
Noah Webster,1
Cato,1
Reign of Terror,1
United States Secretary of Labor,1
Party,1
Plan of San Luis Potosí,1
Jena Six,1
Domesday Book,1
George F. Kennan,1
Kanem-Bornu Empire ,1
Political prisoner,1
Venetian navy,1
Cassius Marcellus Clay,1
Silk Road,1
Vile Bodies,1
Carnegie Steel Company,1
Gore,1
Janos,1
Abel Tasman,1
Comptroller General of Chile,1
Burned-over district,1
Ghost,1
Rashidun Caliphate,1
Tahiti,1
Dublin,1
Battle of Thymbra,1
Reconstructionism,1
Thomas Sankara,1
Cosimo,1
Sarajevo,1
Jehovah's Witnesses,1
Georges Danton,1
Doolittle Raid,1
Luiz Inácio Lula da Silva,1
The Great Exhibition,1
1997 Asian financial crisis,1
Jacob Leisler,1
"Edmund Allenby, 1st Viscount Allenby",1
Ralph Waldo Emerson,1
House of Farnese,1
Long Island,1
Second Opium War,1
Construction of Mount Rushmore,1
William Rosecrans,1
Dwight,1
Kabul,1
Greenback Party,1
Canute I,1
the Kansas-Nebraska Act,1
Smith,1
Salammbô,1
Tuscarora,1
Nonintercourse Act,1
Lords Appellant,1
List of elections in 1968,1
Lord's Resistance Army,1
Beirut,1
Francisco Ignacio Alcina,1
Jack London,1
Abu Bakr,1
Counter-Reformation,1
Alba Longa,1
Kidnapping,1
: Ustashe,1
Livia,1
Progressive Party,1
Guadalcanal Campaign,1
"Addington, Buckinghamshire",1
First Great Awakening,1
Matilda,1
Battle of Leyte Gulf,1
Battle of Megiddo,1
Antonin Scalia,1
Romulus Augustulus,1
Richard III of England,1
Car,1
Atlanta compromise,1
Battle of Vimy Ridge,1
Gabon,1
New Kingdom of Egypt,1
Sindh,1
Lycée Français International Georges Pompidou,1
Constitutional convention,1
Paul Martin,1
Bodo Otto,1
United States-Canada Border ,1
Greenland,1
Jamestown Settlement,1
William Randolph Hearst,1
Nebuchadnezzar II,1
Edward Steichen,1
Thirteenth Air Force,1
Komnenos,1
1936,1
Twenty-first Amendment to the United States Constitution,1
Jean-Bédel Bokassa,1
Nyewood,1
Ottoman invasion of Otranto,1
Sykes-Picot Agreement ,1
Battle of Singapore,1
List of wars between Russia and Sweden,1
Third wave,1
Whaling,1
Shtetl,1
Catherine of Aragon,1
Akkadian Empire,1
Pullman Strike,1
Commission for Social Development,1
Francisco de Miranda,1
Toltec,1
Empress Matilda,1
Tank,1
Justification (theology),1
Evo Morales,1
Anne of Austria,1
Warren Hastings,1
Horace,1
Tigranes the Great,1
Charlotte Stokely,1
Battle of Arausio,1
Robert Clive,1
Tlatelolco massacre,1
Sharpeville massacre,1
Vicente Guerrero,1
Metacomet,1
Carloman,1
Richard Cobden,1
Servius Tullius,1
Sacco and Vanzetti (disambiguation),1
Union Theological Seminary,1
Battle of Eutaw Springs,1
Prose of the Ottoman Empire,1
John Keegan,1
Iranian monarchy,1
Gotha Program,1
Bishops' Wars,1
Emanuel Swedenborg,1
John III Sobieski,1
Carmelites,1
Roman historiography,1
Sandford Fleming,1
William II of Provence,1
William Hays,1
Roman currency,1
George Washington Goethals,1
Simon bar Kokhba,1
Democracy in America,1
Foreign Minister of Austria,1
Hayreddin Barbarossa,1
Lilith,1
Mexico City,1
Colorado Party,1
Russian constitution,1
Macedonian dynasty,1
Cushing,1
Siege of Tyre,1
Raccoon,1
Harriet Van Horne,1
Abraham Lincoln's Lyceum address,1
Valois,1
Battle of Cowpens,1
"University of California, Berkeley",1
Messenian Wars,1
Leading chief of the Seminoles,1
Volstead Act,1
"Duluth, Minnesota",1
Ralph Nader,1
Farm,1
Fireworks,1
1793 Philadelphia yellow fever epidemic,1
Metropolitan Police Service,1
House of Lords,1
Hospital,1
War bond,1
Battle of Seattle,1
Death by burning,1
Mitford,1
Gibbons v. Ogden,1
Civil service entrance examination,1
Robert Bork,1
Battle of Mantinea,1
July Crisis,1
Incan hocicudo,1
Helsinki Accords,1
Mexican Revolution,1
Hausa,1
William Stanley Jevons,1
Russian Civil War,1
Al-Mansur,1
Pro-independence movements in Russian Civil War,1
Revolutions of 1848,1
Dominion of New England,1
Charles IV of Spain,1
Anderson,1
Amnesty International,1
Byzantine navy,1
Clarence Darrow,1
Arsaces,1
Marcus Furius Camillus,1
Manuel Godoy,1
Gold rush,1
Governor of Massachusetts,1
William James,1
Westminster,1
"Johann Tserclaes, Count of Tilly",1
The Brethren (non-fiction),1
"Sierra Leonean general election, 1967",1
Anglo-Maratha Wars,1
Shinawatra,1
Pan,1
Mongol invasion of Europe,1
Mongolian People's Republic,1
Edward Archer,1
Poor law union,1
Black Hawk War,1
Painted Desert,1
Malawi,1
Marian apparition,1
Alaric I,1
Electoral calendar 2004,1
Summa Theologica,1
National Science Foundation,1
Khwarazmian dynasty,1
Battle of Stamford Bridge,1
Bassem Youssef (FBI agent),1
Commercial fishing,1
Siberia,1
Big Sur,1
Hoover Institution Library and Archives,1
Menno Simons,1
Liberal internationalism,1
Thurlow Weed,1
Military saint,1
Lumberjack,1
Northern Ireland,1
Marco Polo Bridge,1
Dividend,1
History of the Peloponnesian War,1
Samuel Jones,1
Shia Islam,1
SMS Wörth,1
Spanish Empire,1
Milton Obote,1
Susan B. Anthony,1
Lord George Gordon,1
Democratic Party,1
Bahá'u'lláh,1
Franck-Hertz Experiment ,1
Yuan dynasty,1
Daniel O'Connell,1
Guillotine,1
William Henry Harrison,1
Snorri Sturluson,1
Bhikkhu,1
Three Kingdoms,1
Green party,1
Miklós Horthy,1
Azerbaijan,1
Nestorianism,1
Mississippi,1
Steven Gey,1
"Don't ask, don't tell",1
Taiwan independence movement,1
Harald Jäger,1
War in Darfur,1
Peoples Temple,1
The Eve of St. Agnes,1
"United States presidential election, 1888",1
Battle of South Mountain,1
José de San Martín,1
Yongle Emperor,1
Death Star,1
Pyotr Stolypin,1
Jacobin,1
Rosetta Stone,1
List of Governors of Georgia,1
Ridolfi plot,1
2011 Tucson shooting,1
1956 Commonwealth Prime Ministers' Conference,1
William Gibbs McAdoo,1
McCarthy,1
Chris Dodd,1
Michelle Bachelet,1
Coal,1
Politics as a Vocation,1
Alcuin,1
Erich Ludendorff,1
Diodorus Siculus,1
Fermilab,1
John Quincy Adams and abolitionism,1
Christ the Redeemer,1
Richard Posner,1
Lollardy,1
United States Ambassador to Mexico,1
Treaty of Brétigny,1
National Geographic Society,1
Antiochus,1
Ito Hirobumi ,1
Thomas Paine National Historical Association,1
Lech Walesa ,1
Klaus Fuchs,1
Jerome,1
Charles X of France,1
Trepanning,1
King Lear,1
Treaty of Peace and Friendship between Japan and China,1
French Navy,1
Central Park,1
Gilles de Rais,1
Ratko Mladic,1
Whitewater controversy,1
"Fernando Alvarez de Toledo, 3rd Duke of Alba ",1
Battle of Magnesia,1
1887 Constitution of the Kingdom of Hawaii,1
Chariot racing,1
Harpocration,1
Tenochtitlan,1
Wilmot Proviso,1
Kitchen,1
"Godwin, Earl of Wessex",1
Pope John Paul I,1
"""That is Treason, Johnny!"" ",1
Zoot suit,1
Morarji Desai,1
Kraków,1
Minamoto no Yoritomo,1
USS Vanderbilt (1862),1
Kevin Rudd,1
Thessaloniki,1
Rollo,1
Zhou,1
House of Loreius Tiburtinus,1
Circus,1
Feces,1
Ruler,1
Attorney general,1
Louisiana Purchase,1
Pfalsgraf v. Long Island Railroad Co.,1
Little Round Top,1
Marcus Vipsanius Agrippa,1
Province of Maryland,1
Gross Indecency: The Three Trials of Oscar Wilde,1
Lucius Tarquinius Superbus,1
Seven Samurai,1
Battle of Sluys,1
Greenpeace,1
Columbine High School massacre,1
Coal strike of 1902,1
Habsburg Monarchy,1
Eight Banners,1
Booth family,1
Symphony No. 7 (Shostakovich),1
Carl Gustaf Emil Mannerheim,1
John Snow,1
United Mine Workers,1
Harriet Beecher Stowe,1
List of popes from the Borgia family,1
Talorgan II,1
Zuni,1
Brooklyn,1
Jay Treaty,1
McCormick family,1
Empire of Nicaea,1
Sherman Silver Purchase Act,1
Eve Bunting,1
Wojciech Jaruzelski,1
Hojo clan,1
Askia Muhammad,1
Henry IV of England,1
Egyptian pyramids,1
List of people declared venerable by Pope John Paul II,1
Turkish invasion of Cyprus,1
Philo Farnsworth,1
Sadducees,1
New Brunswick,1
High King of Ireland,1
United States v. The Amistad,1
Brandon Teena,1
Tehran Conference,1
Monarchy of Belgium,1
Sture,1
J'accuse Letter ,1
Uzbekistan,1
Charles Curtis,1
Fresh water,1
Zahir ud-din-Mahommed Babur,1
Committee of Public Safety,1
Titus,1
Government Accountability Office,1
Battle of Heraclea,1
The Sorrows of Young Werther,1
Miner,1
Todor Zhivkov,1
Paris Peace Conference,1
Hudson River,1
Instrument of Government,1
Treaty,1
Predator (disambiguation),1
Woodstock,1
Long March,1
Anterograde amnesia,1
Prime Minister of Italy,1
Gunpowder Plot,1
Miami,1
Jürgen Habermas,1
Anti-Catholicism,1
Dust storm,1
New Economic Policy,1
Crown Heights riot,1
Jolof Empire,1
Italian invasion of Albania,1
Guatemalan Civil War,1
Eusebius,1
Étienne Eustache Bruix,1
Kosovo Albanians,1
Bosnian War,1
Bland-Allison Act,1
Oliver Hazard Perry,1
Social Darwinism,1
Aztec emperors family tree,1
Airport,1
Lombards,1
Working Men's Party,1
Illyrians,1
The Quiet American,1
Victorian era,1
President of Nigeria,1
House of Valois,1
Mount Everest,1
Francis I Valois ,1
Wendell Willkie,1
Ahmose,1
Piraeus,1
Mysteries at the Museum,1
Robert Falcon Scott,1
Roussel de Bailleul,1
Seleucus I Nicator,1
Flute,1
Washington (state),1
Diamond Sutra,1
Confederate States Navy,1
Utah,1
I've Been to the Mountaintop,1
Macdonald,1
Weltpolitik,1
1981 Irish hunger strike,1
Battle of Dien Bien Phu,1
First Vatican Council,1
Days of Rage,1
History of the United States Constitution,1
Justin Smith Morrill,1
Inquisition,1
Meyer Lansky,1
René Descartes,1
List of cosmonauts,1
Untouchable,1
Roger Casement,1
Holy League (1538),1
Mann Act,1
Henry III of France,1
Georgia O'Keeffe,1
Poland-Lithuania Commonwealth ,1
Samuel Chase,1
Mark Hanna,1
Voltaire,1
Salah,1
British Jamaican,1
Lawrence v. Texas,1
Sardis,1
Gaozu,1
Bathtub,1
Khmer language,1
Social bandit,1
Irish Republican Army,1
Nuclear weapons testing,1
Creek,1
Fourth Council of the Lateran,1
"United States presidential election, 1876",1
A. Mitchell Palmer,1
Estado Novo (Portugal),1
1992 Los Angeles riots,1
James Ussher,1
1960 U-2 incident,1
Mishmar HaYarden (moshava),1
Carnival of Venice,1
Sengoku period,1
Unification of Germany,1
Roanoke Island,1
Albrecht,1
Silvio Berlusconi prostitute trial,1
Nicolae Ceaucescu,1
Palatine,1
Pope Stephen I,1
Aimé Césaire,1
Le Loi ,1
Karl Rove,1
Eugene,1
Bohemia,1
Confederate States of America,1
Crown of Castile,1
Chancellor of Germany,1
Vladimir,1
Boris Yeltsin,1
Fabius Maximus,1
French and Indian War,1
Biddle,1
"United States presidential election, 1980",1
A Fable,1
St. Catherine,1
Loyalism,1
Gross National Happiness,1
Convention,1
Republic of Florence,1
Palaiologos,1
Hosokawa clan,1
Hispaniola,1
Xhosa people,1
From Mao to Mozart: Isaac Stern in China,1
Guggenheim Museum Bilbao,1
Herodotus,1
Agustín de Iturbide,1
Algiers,1
Augusta Löwenhielm,1
Soliciting to murder,1
Castile,1
Waving the bloody shirt,1
Shirley Chisholm,1
Weather Underground,1
Irish War of Independence,1
Neo-Assyrian Empire,1
Lighthouse of Alexandria,1
List of kings of Sparta,1
the independence of Bangladesh ,1
Samuel Slater,1
Third Servile War,1
Kaifeng,1
Byzantium,1
Orlando Furioso,1
Linear B,1
Vladimir Romashkov,1
"Meaford Hall, Staffordshire",1
Business Plot,1
Byzantine Iconoclasm,1
Callistus,1
Jurist,1
Gurram Jashuva,1
On Translating Homer,1
Wyatt Earp,1
Thomas Reid,1
Manchu people,1
Bali,1
Francis I of France,1
Báthory family,1
Michael I Cerularius,1
Bessus,1
Thomas Pinckney,1
"Atlantic City, New Jersey",1
Child,1
Roger Sherman,1
Pope Urban VIII,1
January Uprising,1
Genpei War,1
House of Savoy-Carignano,1
Cuneiform script,1
Carl,1
Inauguration of John F. Kennedy,1
1860s,1
Order of Saint Stanislaus (Imperial House of Romanov),1
Panipat,1
Eunuch,1
Clan MacFarlane,1
Crusades,1
D.C. United,1
U Thant,1
Khmelnytsky Uprising,1
Fugitive Slave Act of 1850,1
Pericles' Funeral Oration,1
Tea,1
Plowshares Movement,1
Igor Svyatoslavich,1
Cádiz,1
Lysander,1
Iraq,1
Sephardi Jews,1
Walter Raleigh,1
"Pies Descalzos, Sueños Blancos",1
Lysimachus,1
List of Russian rulers,1
French Wars of Religion,1
Iran-Contra affair,1
Hussites,1
Balfour Declaration,1
Rotten and pocket boroughs,1
Great Society,1
Don Carlos Buell,1
Abbas I of Persia,1
Riga,1
Lotteries in the United States,1
Kent State shootings,1
John Wayles Eppes,1
Sixteenth Amendment to the United States Constitution,1
Robert the Bruce,1
Robert Menzies,1
Sâhib Ata,1
Red Brigades,1
Death of Cook,1
New York Mets,1
Converso,1
Spanish Inquisition,1
Homosexuality,1
Bulgarian Empire,1
Battle of the Hydaspes,1
Mungo Park,1
The Salvation Army,1
Édouard Manet,1
Day of the Dupes,1
Appian Way,1
Home Secretary,1
Battle of Adwa,1
Villanelle,1
North Korea,1
Pat McCarran,1
List of libraries,1
Space Shuttle Challenger,1
Doge of Venice,1
Social War,1
Ostrogoths,1
Raúl Grijalva,1
Pemex,1
: Gioralamo Savonarola,1
Meat packing industry,1
Dingane kaSenzangakhona,1
