Zoroastrianism,39
Sikhism,36
Jainism,34
Bahá'í Faith,30
Voodoo,24
Moses,22
Taoism,22
Rastafari,21
Quran,21
Book of Mormon,18
Zen,18
Gautama Buddha,17
Passover,15
Fasting,13
John the Baptist,13
Ramadan,13
Shinto,13
Yom Kippur,12
Acts of the Apostles,12
Purim,12
Daniel,12
Hanukkah,11
Abraham,11
Joshua,10
Buddhism,10
Mormonism,10
Book of Revelation,10
Diwali,10
Hajj,10
Solomon,10
Paul the Apostle,10
Druze,10
John Calvin,10
,9
Quakers,9
Muhammad,9
Jesus,9
Eucharist,9
Manichaeism,9
Book of Esther,9
Sukkot,8
Islam,8
Holi,8
Rosh Hashanah,8
Job,8
Guru Nanak,8
Francis of Assisi,8
Epistle to the Romans,8
Samuel,7
Marriage,7
Book of Daniel,7
Joseph,7
Sikh gurus,7
Psalms,7
Book of Judges,7
Pentecost,7
Saint Peter,7
Sufism,7
Methodism,7
David,7
Book of Isaiah,6
Hinduism,6
Hasidic Judaism,6
Mormons,6
Theravada,6
Seventh-day Adventist Church,6
Judas Iscariot,6
Jacob,6
Mahavira,6
Jerusalem,6
Karma,6
Sermon on the Mount,6
Baptism,6
Circumcision,6
Shakers,5
Society of Jesus,5
Nirvana,5
Noah,5
Samson,5
Wedding,5
Book of Exodus,5
Zoroaster,5
Elijah,5
Jeremiah,5
Nestorianism,5
Jonah,5
Cain and Abel,5
Book of Joshua,5
First Epistle to the Corinthians,5
Jehovah's Witnesses,5
Shia Islam,5
Gabriel,5
Shabbat,5
Salah,5
Gospel of John,5
Japan,5
Augustine of Hippo,5
Nation of Islam,5
Tibet,5
Samaritans,5
Fire,5
Book of Ruth,4
Epistle to the Hebrews,4
Church of Scientology,4
Saul,4
Immaculate Conception,4
Joseph Smith,4
Meditation,4
Santería,4
Ecclesiastes,4
Horse,4
Adam,4
Kaaba,4
Gospel of Luke,4
"Mary, mother of Jesus",4
Tibetan Buddhism,4
Hadith,4
Sutra,4
Lutheranism,4
Book of Leviticus,4
Isaiah,4
Mahayana,4
Tree,4
Book of Genesis,4
Parables of Jesus,4
Lot,4
Epistle to the Philippians,4
Easter,4
Cornelius Jansen,4
Elisha,4
Alms,4
Mithraism,4
Christian Science,4
Book of Job,4
Gospel of Mark,4
Bodhisattva,4
Pauline epistles,4
Mark the Evangelist,4
Aaron,4
Guru Gobind Singh,4
Bhagavad Gita,4
Pentecostalism,4
Saint Christopher,3
Rigveda,3
Paul,3
Gideon,3
Book of Jonah,3
Tertullian,3
The Church of Jesus Christ of Latter-day Saints,3
Second Vatican Council,3
Imam,3
Animal sacrifice,3
Problem of evil,3
Book of Numbers,3
Pure Land Buddhism,3
Brazil,3
Moroni,3
China,3
Papal infallibility,3
Miriam,3
Unification Church,3
Vedas,3
Tirthankara,3
Bhikkhu,3
Ethiopia,3
Pope Benedict XVI,3
Predestination,3
P'tcha,3
Upanishads,3
Good Friday,3
Number,3
Andrew the Apostle,3
Thomas the Apostle,3
Book of Deuteronomy,3
The Imitation of Christ,3
Kohen,3
Sharia,3
Ignatius of Loyola,3
Lent,3
Torah reading,3
Kaddish,3
Ezekiel,3
Honey,3
Mosque,3
Jonathan,3
Mary,3
Wicca,3
Buddhahood,3
Garden of Eden,3
Epistles to the Corinthians,3
The,3
Ark of the Covenant,3
Bogomilism,3
Tisha B'Av,3
Falun Gong,3
Eid al-Adha,2
Moon,2
Angra Mainyu,2
Council of Trent,2
John the Evangelist,2
Guru Granth Sahib,2
Jinn,2
Avesta,2
Pope John Paul II,2
Hindu temple,2
Passover Seder,2
Rock (geology),2
Yoga,2
Mysticism,2
Jewish wedding,2
Dharma,2
South Korea,2
Book of Ezra,2
Sanskrit,2
Raëlism,2
Tiresias,2
Advent,2
Hanuman,2
Day of the Dead,2
Pharaohs in the Bible,2
Cattle,2
Cybele,2
Reincarnation,2
Luke the Evangelist,2
New Year's Day,2
Trinity,2
Judaism,2
Saint Nicholas,2
Canonization,2
Joseph of Arimathea,2
The Book of Certitude ,2
Bar and Bat Mitzvah,2
Rainbow,2
Crucifixion of Jesus,2
Cao Dai,2
Vishnu,2
Lotus Sutra,2
Deborah,2
Báb,2
Harmandir Sahib,2
Ashes,2
Charles Terrot,2
Mecca,2
Yad,2
Genesis,2
Iran,2
Episcopal Church,2
Milk,2
Kwanzaa,2
Donatism,2
Peter,2
Book of Ezekiel,2
Shavuot,2
Funeral,2
Exodus,2
Testament of Adam,2
Meat,2
Sacrament,2
Otto; or Up with Dead People,2
Celts,2
Simon the Zealot,2
Ravens,2
Angel,2
The Gateless Gate,2
Arhat,2
Hindu wedding,2
James,2
Surah,2
Bible,2
Tajwid,2
Epistle to the Galatians,2
Calvinism,2
Exorcism,2
Fish,2
Bardo Thodol,2
Candle,2
Divorce,2
Foot washing,2
Hillel the Elder,2
Talmud,2
Advanced Audio Coding,2
Esther,2
Gnosticism,2
Juche,2
Prophet,2
Water,2
Soul,2
Anabaptists,2
Yazidis,2
Methods of praying the rosary,2
Flower,2
End of the world,2
Pilgrimage,2
Ancient Egypt,2
Eid,2
Last Judgment,2
The Guide for the Perplexed,2
Demography of the Roman Empire,2
Pig,2
Coptic Orthodox Church of Alexandria,2
Pius,2
Shamanism,2
Russia,2
Burial,2
Second Temple,2
Lapford,2
Lion,2
Paul Tillich,2
Shinto shrine,2
Ruth,2
Ali,2
Bread,2
Kashrut,2
Book of Tobit,2
Western Wall,2
Transubstantiation,2
Vegetarianism,2
Zakat,2
Nehemiah,2
Tao Te Ching,2
International Society for Krishna Consciousness,2
Maria Monk,1
Our Lady of Guadalupe,1
Gospel of Judas,1
Fire Sermon,1
Amesha Spenta,1
Aborigine,1
Kol Nidre,1
Brown,1
Muhammad Ali,1
Temple (Latter Day Saints),1
Docetism,1
Monotheism,1
Haitian Vodou,1
Takfir,1
Guru,1
Garuda,1
5 (number),1
Mourning,1
Simeon bar Yochai,1
Daisy Buchanan,1
Amaterasu,1
Matthew the Apostle,1
chicken sacrifice ,1
Gideons International,1
Sacred prostitution,1
Ablution,1
Density wave theory,1
Karaite,1
Tower of Silence,1
Sanhedrin,1
Guru Tegh Bahadur,1
Drinking,1
Throne of God,1
Mencius,1
Avalokiteshvara ,1
Jansenism,1
Sabbath,1
Saint Dominic,1
Rashi,1
Prayer for the dead,1
Transfiguration of Jesus,1
Turkey,1
Svetambaras ,1
Demon,1
Red Jews,1
Book of Lamentations,1
Sombrero de catite,1
Sodom,1
Bokononism,1
History of the Jews in France,1
The Adulteress,1
Pancharama Kshetras,1
Olmec,1
Temple in Jerusalem,1
Garden design,1
Goat,1
12 (number),1
Sherman's Lagoon,1
Human sacrifice,1
Duel,1
Ten Commandments in Catholic theology,1
Johanan (High Priest),1
The Gospel According to Mark (short story),1
Filial piety,1
Nativity of Mary,1
Jews,1
Nahmanides,1
Beta Israel,1
Population bottleneck,1
Jordan River,1
Self-harm,1
Islamic marriage contract,1
Arabic,1
Nagas,1
Goliath,1
Miracles of Jesus,1
Mount Hermon,1
Archangel,1
Devil,1
Holy water,1
Simon Magus,1
Sergius Paulus,1
Dean Acheson,1
Denkard,1
Queen of Sheba,1
Seven Sages,1
Ba'ha'i Faith,1
Isaac,1
Pangu,1
Breathing,1
Star,1
Prayer beads,1
Analects,1
Augustine of Canterbury,1
Easter Vigil,1
Lights (musician),1
Messiah,1
Relic of the tooth of the Buddha,1
Old Believers,1
Charity,1
Concubinage,1
Hildegard of Bingen,1
Ritual,1
Professional wrestling battle royal,1
Alexandria,1
Hittites,1
V,1
Adem,1
Apocalypse,1
Rama,1
Widow,1
Cheese,1
Pope,1
Eastern Orthodox Church,1
Born again,1
Crown,1
Stoicism,1
Cyropaedia,1
Baptists,1
Fabergé egg,1
Whittaker-Nyquist-Shannon-Kotel'nikov Theorem ,1
Digambar Jain Mahasabha,1
Mount of Olives,1
Nagarjuna,1
Pali Canon,1
"In one story about this holiday, Rabbi Levi Yitzchak of Berditchev cried after a shoe mender asked him if he needed anything mended before this holiday came. This holiday occurs shortly before the Fast of Gedalia. One ritual done during",1
Monkey,1
Poetry,1
Papal conclave,1
John 2,1
Zeruiah,1
Twelver,1
Wheel,1
Phoenix,1
Saint Patrick,1
Orisha (disambiguation),1
Stigmata,1
Messianic Judaism,1
Gomer,1
Buddhist mummies,1
Jain monasticism,1
Whale,1
Ishmael,1
Self-denial,1
Ghost,1
Prophets of Christianity,1
Gospel of Matthew,1
Joktan,1
Humayun,1
Swami Vivekananda,1
Eating,1
Eid al-Fitr,1
Last Supper,1
Calendar,1
History of the Jews in Europe,1
Mexico,1
Bhima,1
Anglicanism,1
Yin and yang,1
Metropolis of Pergamon,1
Song of Songs,1
Bilaval,1
Hermética,1
Excommunication,1
Nuqtavi,1
Epistle to the Colossians,1
Punjab (region),1
Popish Plot,1
Ra,1
The Kachina Doll Mystery,1
White,1
Bird,1
Jonathan Edwards,1
Four Noble Truths,1
Venus de Milo,1
Nile crocodile,1
Elagabalus (deity),1
List of papal elections,1
Bildad,1
Ferdinand Kittel,1
Blood of Christ,1
Levite,1
Michael,1
Ignatius,1
Knights Templar,1
Diamond Sutra,1
Saint Simeon,1
Jacobus Arminius,1
Rafael,1
Article Four of the United States Constitution,1
Dalai Lama,1
Yamata no Orochi,1
Doxology,1
Cairo,1
Demiurge,1
Mabon ap Modron,1
The Raft of the Medusa,1
Zohar,1
Huldrych Zwingli,1
Parsi,1
Pythagoreanism,1
Mohammed Abdullah Hassan,1
Divorce in Islam,1
Sceva,1
Jahiliyyah,1
Defenestrations of Prague,1
Tiangong-1,1
Gurdwara,1
Shahada,1
Aaronic priesthood (Latter Day Saints),1
Ise Grand Shrine,1
Hezekiah,1
Ba Phnum District,1
The Six Wives of Henry VIII,1
Kirkwood gap,1
Nativity of Jesus,1
Five Pillars of Islam,1
Ephesus,1
Halal,1
"The origin of one part of this action is found in the fourth section of the an-Nissa surah. This action is considered the ""muftah al Jennah"" and is performed after the rise from the sujood of the last rak'ah. In one sect, performing this action is preceded by stating ""At-Tahiyyatu lillahi,"" while acknowledging the ""Wali"" of Allah is essential to the Shi'a version. One must meet the seven conditions of earnestness before meaningfully doing this. All humans are born with fitra associated with this action, so conservatives call people who perform it for the first time in front of another Muslim reverts rather than converts. For 10 points, name this pillar of Islam which is the declaration that there is no god but Allah.",1
Jannah,1
Institutes of the Christian Religion,1
Turban,1
Fatimah,1
Indonesia,1
Sefer Torah,1
Din-i Ilahi,1
United States,1
Names of God,1
Raising of Lazarus,1
Shango,1
Ritual slaughter,1
Night Journey,1
Lazarus,1
Belshazzar's feast,1
Salamander,1
Resurrection (novel),1
Maya mythology,1
Mountain,1
Horn,1
Chametz,1
Tenrikyo,1
Brahman,1
Mandala,1
Snake handling,1
Depictions of Gautama Buddha in film,1
Archibald Robertson (bishop),1
Suicide,1
Gettysburg Address,1
The New Year (band),1
Neylan McBaine,1
Purser,1
Bathsheba,1
George Lazenby,1
An-Nur,1
Jezebel,1
Medina,1
Bible code,1
"James, brother of Jesus",1
Iraq,1
Geneva Bible,1
Kama Sutra,1
Spain,1
Q source,1
Ghost Dance,1
Nowruz,1
Bride,1
Lingam,1
And death shall have no dominion,1
Vand Chhako,1
Hindu pilgrimage sites,1
Hare Krishna,1
Animal slaughter,1
Ijtihad,1
Committee for the Prevention of Destruction of Antiquities on the Temple Mount,1
Christianity in Japan,1
Arjuna,1
Japanese cruiser Unebi,1
Confession,1
Frederick Denison Maurice,1
Gregory,1
Kagura,1
Sea,1
People of the Book,1
John Smith,1
The Art of War,1
Córdoba,1
"Five Pauline Epistles, A New Translation",1
Alcohol,1
God,1
European Anti-fraud Office,1
Isma'ilism,1
King James Version,1
Baal,1
Kwakwaka'wakw,1
Peafowl,1
List of water deities,1
Sleipnir,1
Gathas,1
Pasukan Bola Sepak Maktab Mahmud Pokok Sena,1
Dead Sea Scrolls,1
Allah,1
"One chapter of a book specific to this sect recounts a story about a man who gets stung by the evil eye after seeing a shooting star blaze through the sky. This sect forbade the construction of tombs in burial sites and consider many doctrines developed during the ""state of ignorance"" to be nothing more than ""reprehensible innovations."" Some members of this school deem as ""bid'a"" the usage of prayer beads, probably because of the garish ebony prayer beads used by sultans. Soldiers of this sect formed a national guard called the Ikhwan, united against such idolatries celebrating the birthday of the Prophet. They emphasize the absolute oneness of God,",1
The Four Gospels,1
Ann Lee,1
Kiss,1
Catharism,1
Germans,1
Cat's Cradle,1
Menno Simons,1
Mitzvah,1
Aum Shinrikyo,1
Jebus,1
Lamas,1
Maryam,1
Ganges,1
Isa,1
The Essence of Christianity,1
Bone,1
Cynic,1
Jude the Apostle,1
glyph1197estorianism ,1
Theotokos,1
Christmas Eve,1
Melchizedek,1
Authorship of the Petrine epistles,1
Antarctica,1
Cao Dai ,1
Andamanese people,1
Jeremy Bentham,1
When Lilacs Last in the Dooryard Bloom'd,1
Herod,1
Romani people,1
Pharisees,1
Capital punishment,1
Centurion,1
Minaret,1
Koreans,1
Santiago,1
Moksha,1
Habakkuk,1
Baal Shem Tov,1
Chronicles of Barsetshire,1
Rotunda (architecture),1
Sunday Morning,1
Fourth Council of the Lateran,1
Amidah,1
Netherlands,1
Magic,1
Anglican Communion,1
Golden Legend,1
Biblical Magi,1
"Epworth, Lincolnshire",1
"Aus tiefer Not schrei ich zu dir, BWV 38",1
Prajnaparamita,1
Dome of the Rock,1
River,1
Inside the Third Reich,1
Expulsion of Asians from Uganda,1
Koschei,1
Chamorro,1
Hungarians,1
Iconodule,1
Candomblé,1
Second Epistle to the Corinthians,1
Psalm 92,1
Psalm 96,1
Synagogue,1
Ganga Mahal Ghat (I),1
Uppsala,1
Brit milah,1
Sign of the cross,1
France,1
Mihrab,1
Zurvanism,1
The Birth of Tragedy,1
Confirmation (Catholic Church),1
John,1
Letters from an American Farmer,1
Angkor,1
Women in Judaism,1
Geisslerlieder,1
Tracts for the Times,1
Cult of Reason,1
St Bonaventure's High School,1
Sunni Islam,1
Pagans,1
Pope Francis,1
Hestia,1
"List of clergy educated at Jesus College, Oxford",1
Ritual purification,1
Charles Demuth,1
Atheism,1
LGBT,1
Holy Spirit,1
Morning Star (British newspaper),1
Haredi Judaism,1
Belshazzar,1
the Falun Gong ,1
I Ching,1
CATH database,1
Ash Wednesday,1
Dance,1
Theodore von Kármán,1
Jihad,1
Torii,1
Loa,1
Christ,1
Rakshasa,1
Urizen,1
Bethany (biblical village),1
Sayings of Jesus on the cross,1
Classical Chinese,1
Cornwood,1
Guinness World Records,1
Mukherjudaism ,1
Cyril of Alexandria,1
Handbook of a Christian Knight,1
California,1
10 (number),1
Christmas,1
Monophysitism,1
"St Paul's Cathedral, Dundee",1
Gods of Thunder: A Norwegian Tribute to Kiss,1
DE,1
Center,1
Confirmation,1
New Testament,1
Zisurrû,1
Epiphany,1
The Mahdi,1
Walpurgis Night,1
Night,1
Ashadha,1
Sun Myung Moon,1
Abu al-Qasim Muhammad ibn Abbad,1
Black Mormons,1
Bethlehem,1
Bodhidharma,1
Lord Chancellor,1
Aboriginal Australians,1
Haggadah,1
Victor Hugo's Preface to Cromwell ,1
Italy,1
Krishna,1
Mummy,1
Bahaâi Houses of Worship ,1
Buddhist relics ,1
Kshamavani,1
Sword,1
Epistle to the Ephesians,1
Internment,1
The Protocols of the Elders of Zion,1
Curtis Peebles,1
Israel,1
Epistle to the Son of the Wolf,1
Voting Rights Act of 1965,1
Sabbatai Zevi,1
Potato,1
Apocrypha,1
Basques,1
Bhakti,1
Buhe,1
Leçons de ténèbres (Couperin),1
Rajput,1
Blood,1
Coral reef,1
Ningaui,1
Jewish apple cake,1
Kabbalah,1
Song of Ascents,1
Balm of Gilead,1
Shaivism,1
Philippic,1
Ramayana,1
Eight Immortals,1
Seville,1
Cannabis (drug),1
Spring,1
Banca Monte dei Paschi di Siena,1
Decapitation,1
Sarah,1
Ashem Vohu,1
Guru glyph1197anak Dev Ji,1
Heart Sutra,1
James Cook,1
Gemstone,1
Saint John,1
Coyote,1
Laozi,1
Assumption of Mary,1
Anointing of the Sick (Catholic Church),1
Oxford Movement,1
Magi,1
Philip,1
Wine,1
Theosophy,1
Icon,1
Emperor Jimmu,1
Maitreya,1
Niddah,1
Genesis flood narrative,1
Akiva ben Joseph,1
Going to Hell,1
The Destruction of Sodom And Gomorrah,1
Islamic schools,1
Tree of life,1
"Celebrants of this holiday often sing ""Yedid Nefesh"" during the Seudah Shilshit. This holiday's time is increased by declaring ""Bo'i Kala"" right after the Amida, thus fulfilling the tosafot halakhah. This celebration grants believers a preview of Olam Haba, the time of the Messiah. A braided candle and spices are used to mark the end of this celebration during the havdalah, which begins when three ",1
Ahmadiyya,1
Fire temple,1
Challah,1
War in Heaven,1
Holy oil,1
Literacy,1
Names of God in Islam,1
Lakshmi,1
Buddhist texts,1
Kingship and kingdom of God,1
GLIS2,1
Mark,1
Shofar,1
Origen,1
Summa Theologiae,1
List of messiah claimants,1
Get (divorce document),1
Sacrifice,1
Matzo,1
East India Company,1
Miranda v. Arizona,1
Mount Sinai,1
Hermit,1
St. Catherine,1
Shoe,1
Firstborn (Judaism),1
Four Beauties,1
Jericho,1
"Mar Sleeva Syro-Malabar Church, Mapranam",1
Menorah,1
Killing Is My Business... and Business Is Good!,1
Loving v. Virginia,1
Jerome,1
Swedenborgian Church of North America,1
Santa Claus,1
Mennonite,1
Christianity,1
First man or woman,1
Divination,1
Prayer,1
Michael (archangel),1
Simon,1
Caiaphas,1
Ainu,1
Bahá'í House of Worship,1
K-T Boundary ,1
Nüwa,1
Writing,1
Gautama Buddha in Hinduism,1
Black Stone,1
Saint Anthony,1
History of timekeeping devices,1
Mary Magdalene,1
Hillel: The Foundation for Jewish Campus Life,1
Vulture,1
Palm Sunday,1
Bereavement in Judaism,1
Genshin,1
Tithe,1
Barnabas,1
Day of Ashura,1
2005 Quran desecration controversy,1
Ambrose,1
Council of Nicaea,1
A Season in Hell,1
Imamah (Shia doctrine),1
Satire,1
Confucius,1
Psalm 119,1
Chinese New Year,1
Leviathan,1
Hagia Sophia,1
Switzerland,1
Icon corner,1
Virginity,1
Self-immolation,1
Standard Design for Buddhist Temple Construction,1
Gemara,1
Diana,1
Djelal Kadir,1
Sephardi Jews,1
Baptism for the dead,1
Sita,1
sermons of Buddha ,1
Tezcatlipoca,1
Solar eclipse,1
Judah,1
Naskh (script),1
Church of England,1
Sin,1
Conservative Judaism,1
High Holy Days,1
Trikaya,1
Stephen Gottschalk,1
Eight Days,1
Spanish Inquisition,1
Martin Luther,1
Utah,1
Homosexuality,1
Panj Pyare,1
Mezuzah,1
Usury,1
Ezra,1
Sunnah,1
Long March,1
7 (number),1
Isaac Luria,1
Papyrus,1
Hisbah,1
50th Birthday Celebration Volume 12,1
Umayr ibn Sad al-Ansari,1
Typhon,1
Syrinx,1
Puja (Hinduism),1
New Year,1
Devadatta,1
Confessor,1
Rabbi,1
The Burning Bush,1
Episcopal Church (United States),1
Sri Lanka,1
Sacrifice of Isaac (Caravaggio),1
Chicken,1
Ghee,1
