Entropy,17
Momentum,17
Iron,15
,14
CONFIG.SYS,14
Polymer,14
Mass spectrometry,14
Polynomial,13
Friction,13
Diffraction,13
Aldehyde,13
Superconductivity,12
Ester,12
Electron,12
Boron,12
Actin,11
Amine,11
Radical (chemistry),11
Colloid,11
Diffusion,11
Angular momentum,11
Chromatography,11
Hydrogen bond,11
Peroxisome,11
Hall effect,10
Infrared spectroscopy,10
Tree,10
Precession,10
Neutrino,10
Acetylcholine,10
Endoplasmic reticulum,10
Quantum tunnelling,10
Microtubule,10
Sulfur,10
Alkyne,10
Mitochondrion,10
Temperature,10
Convection,10
Sulfuric acid,10
Hamiltonian,9
Equilibrium constant,9
Water,9
Golgi apparatus,9
Huntington's disease,9
Wave function,9
Cystic fibrosis,9
Doppler effect,9
Gibberellin,9
Viscosity,9
Van der Waals equation,9
Luminosity,9
Torque,9
Density,9
Alcohol,9
Alzheimer's disease,9
Richard Feynman,9
Collagen,9
Phosphorus,9
Cholesterol,9
Calcium,9
Red blood cell,9
Redox,8
Polymerization,8
Transition state,8
Arrhenius equation,8
Paul Dirac,8
Diode,8
Polarization,8
Special relativity,8
Enthalpy,8
Bacteriophage,8
Lysosome,8
Piezoelectricity,8
Henry's law,8
Ammonia,8
Copper,8
Superfluidity,8
Liver,8
Mass,8
Amide,8
Resistance,8
Carbon monoxide,8
Power,8
Protein folding,8
Phase transition,8
Mercury,8
Electronegativity,8
Reflection,8
HIV,8
Epoxide,8
Hydrazine,8
Photon,8
Apoptosis,8
Polymerase chain reaction,8
Weak interaction,7
Titanium,7
Dipole,7
Velocity,7
Leonhard Euler,7
Cell membrane,7
Wolfgang Pauli,7
Harmonic oscillator,7
Kidney,7
Refractive index,7
Electric field,7
T cell,7
Malaria,7
Feldspar,7
Cosmic ray,7
Eigenvalues and eigenvectors,7
Compton scattering,7
Augustin-Louis Cauchy,7
Rotation,7
Helmholtz free energy,7
Alkene,7
Moment of inertia,7
Carbon dioxide,7
Quasar,7
Cnidaria,7
Nitrile,7
Carl Friedrich Gauss,7
Gibbs free energy,7
Transfer RNA,7
Photoelectric effect,7
Gamma-Aminobutyric acid,7
Vapor pressure,7
Stomach,7
Nernst equation,7
Ribosome,7
Glycolysis,7
Insulin,7
Partition function,7
Heat capacity,7
Titration,7
Chemical potential,7
Laser,7
RNA interference,7
Pressure,7
Antibody,7
Surface tension,7
Neutron star,7
Zinc,7
PH,7
Silicon,7
Benzene,7
2 (number),7
Resonance,7
Nuclear magnetic resonance spectroscopy,7
Bernoulli's principle,7
Distillation,7
Pointer,7
Liquid crystal,7
Lev Landau,6
Phonon,6
Scattering,6
Distance,6
Small intestine,6
DNA,6
Carbon,6
Carboxylic acid,6
Hydrogen peroxide,6
Gravity,6
Zeeman effect,6
Spin,6
Titan,6
Field,6
Spiral galaxy,6
Aromaticity,6
Pion,6
Dopamine,6
White dwarf,6
Wittig reaction,6
Ethanol,6
Cerebellum,6
Oxygen,6
Vitamin B12,6
Flagellum,6
Neutron,6
Caenorhabditis elegans,6
Nitrogen,6
Chinese remainder theorem,6
Adsorption,6
Flatworm,6
Histone,6
Hemoglobin,6
Peptidoglycan,6
Hydrogenation,6
Nitric acid,6
Plasma,6
Fugacity,6
Semiconductor,6
Euler's totient function,6
Hydrogen atom,6
Stress,6
Second law of thermodynamics,6
Meristem,6
Lagrangian,6
Gel electrophoresis,6
T-symmetry,6
Compiler,6
B cell,6
Drag,6
Strong interaction,6
Ether,6
Turing machine,6
Solubility,6
Drosophila melanogaster,6
Accretion disk,5
Group,5
Grignard reaction,5
Vortex,5
Blue,5
Spleen,5
Surfactant,5
Helium,5
Carbonic anhydrase,5
Recursion,5
DNA sequencing,5
Stern-Gerlach experiment,5
Azide,5
Gas chromatography,5
Brown dwarf,5
Supernova,5
Convex,5
Completeness,5
General relativity,5
Lewis acids and bases,5
Abscisic acid,5
Aquifer,5
Curvature,5
Niels Bohr,5
Peroxide,5
Ampère's circuital law,5
Nickel,5
Heap,5
Keratin,5
Four color theorem,5
Iodine,5
Atomic orbital,5
Transposable element,5
Raoult's law,5
ATP,5
Quartz,5
Hysteresis,5
Brownian motion,5
Real number,5
Array,5
Determinant,5
Translation,5
Crystallization,5
Green fluorescent protein,5
Open,5
Michelson-Morley experiment,5
Reduction,5
Population inversion,5
Indian reductions,5
Magnetic field,5
RuBisCO,5
Dirac delta function,5
Integer,5
Magnetic monopole,5
Torus,5
Black body,5
Quantum chromodynamics,5
Young's interference experiment,5
Ludwig Boltzmann,5
Quark,5
Acetic acid,5
Ferromagnetism,5
4 (number),5
Pulsar,5
Diol,5
CP violation,5
Olivine,5
Crab Nebula,5
Glycogen,5
Paramagnetism,5
Tuberculosis,5
Hyperconjugation,5
Vitamin A,5
Ocean current,5
Oort cloud,5
Differentiable function,5
Pendulum,5
Quantum entanglement,5
Michael Faraday,5
Cytokinin,5
Dark energy,5
Echinoderm,5
Telomere,5
Serotonin,5
Continuity,5
Corpus callosum,5
Aluminium,5
Symmetry,5
Searching,5
Electrical resistivity and conductivity,5
Activation energy,5
Joseph-Louis Lagrange,5
Josephson effect,5
Optical aberration,5
Virial theorem,5
Chlorine,5
River,5
Proton,5
Mollusca,5
Gluconeogenesis,5
Peter Debye,5
Thyroid,5
Fibonacci number,5
Wnt signaling pathway,5
Speed of sound,5
Carbocation,5
Lithium,5
Quantum Hall effect,4
Conjugation,4
Carmichael number,4
Magnetic potential,4
Xylem,4
Vorticity,4
5 (number),4
Vesicle,4
Refraction,4
Carboniferous,4
Fluorine,4
Linked list,4
Electric charge,4
Myelin,4
Hooke's law,4
Derivative,4
Retina,4
Nephron,4
Gas constant,4
Centrifugation,4
Cerebrospinal fluid,4
Elias James Corey,4
Placenta,4
Uncertainty principle,4
Hendrik Lorentz,4
Gluon,4
Acid,4
Thiol,4
Mössbauer effect,4
Stellar wind,4
J/psi meson,4
Critical point,4
Star formation,4
Auxin,4
Fault,4
Magnesium,4
Fluorescence,4
Corona,4
Urea cycle,4
Hippocampus,4
DNA polymerase,4
Fermat's little theorem,4
Diamagnetism,4
Thin-layer chromatography,4
Fischer-Tropsch,4
Meissner effect,4
Capacitor,4
Graphene,4
Myosin,4
Micelle,4
James Clerk Maxwell,4
Ribozyme,4
Phagocytosis,4
P53,4
Electron transport chain,4
Kinetic energy,4
Orogeny,4
Kuiper belt,4
Beta decay,4
Black hole,4
Hubble's law,4
Glycine,4
Nuclear fission,4
Particle in a box,4
Atomic nucleus,4
Enrico Fermi,4
Magnetic flux,4
Arsenic,4
Fermat's Last Theorem,4
Cherenkov radiation,4
Amylase,4
Gamma,4
Prime number,4
Camp,4
Siméon Denis Poisson,4
Williamson ether synthesis,4
Olefin metathesis,4
Compact space,4
Mars,4
Kaon,4
Ovary,4
Electromagnetic induction,4
Escherichia coli,4
Oil drop experiment,4
Formaldehyde,4
Aorta,4
Exponential function,4
Albert Einstein,4
Circle,4
Mica,4
Ideal gas,4
Simple harmonic motion,4
Ascomycota,4
DNA repair,4
Sodium,4
Molecular orbital,4
Current,4
Aldol condensation,4
Aquaporin,4
Inflation (cosmology),4
Gravitational wave,4
Glacier,4
Prion,4
Ylide,4
Imine,4
Turbulence,4
Roger Penrose,4
Ligand,4
Poynting vector,4
Transistor,4
Permutation,4
Cosmological constant,4
Gamma-ray burst,4
Orbital,4
Chaos theory,4
Photosystem II,4
Flux,4
Hypha,4
BCS theory,4
Catalysis,4
Fourier transform,4
Meselson-Stahl experiment,4
Trigonometric functions,4
Potential energy,4
X-ray crystallography,4
DNA replication,4
Dark matter,4
Hess's law,4
Histidine,4
Ozone,4
Thiamine,4
Arabidopsis thaliana,4
Nucleus,4
Diels-Alder reaction,4
Elimination,4
Pi,4
Subduction,4
Telomerase,4
Halogen,4
Leukemia,4
Young's modulus,4
Rainer Ludwig Claisen,4
Coagulation,4
Auger effect,4
Electrolysis,4
Orthogonality,4
Muon,4
Gradient,4
Pentose phosphate pathway,4
Spin (physics),3
Snell's law,3
Deep inelastic scattering,3
Herpesviridae,3
Lattice energy,3
Particle number,3
Electrical resistance and conductance,3
Voltage,3
Georg Cantor,3
Hydrogen,3
Selection rule,3
Memristor,3
Bose-Einstein condensate ,3
Testosterone,3
Birefringence,3
Mantle plume,3
Bioluminescence,3
Fluid dynamics,3
Jurassic,3
Fine-structure constant,3
Cytokinesis,3
iron-sulfur proteins,3
Density matrix,3
David Bohm,3
Desert,3
Frequency,3
Milky Way,3
Silurian,3
Elimination reaction,3
Seafloor spreading,3
Bone,3
Reynolds number,3
Red giant,3
Capacitance,3
Convergence,3
Cambrian,3
Jacobus Henricus van 't Hoff,3
Michaelis-Menten equation,3
Fermion,3
Boyle's law,3
Chelation,3
Pulmonary alveolus,3
Crystallographic defect,3
Flowering plant,3
Ketone,3
Root,3
Cosmic microwave background,3
Insulator,3
Corundum,3
Amino acid,3
Markov chain,3
Permian,3
Travelling salesman problem,3
Nuclear membrane,3
Isomer,3
Total internal reflection,3
ADH,3
Coriolis force,3
Sonic hedgehog,3
Protostars,3
Spontaneous symmetry breaking,3
Estrogen,3
El Niño,3
Chicken,3
Osmotic pressure,3
Measurement,3
Cyclic adenosine monophosphate,3
Genetic drift,3
Functional programming,3
Ultraviolet,3
Beta,3
Ohm's law,3
Crown ether,3
Peter Gustav Lejeune Dirichlet,3
Taylor series,3
Isaac Newton,3
Helicase,3
Murray Gell-Mann,3
Reaction rate constant,3
Raman scattering,3
Knapsack problem,3
Transcription,3
0 (number),3
Rearrangement reaction,3
Monoclonal antibody,3
Antiferromagnetism,3
Thermoelectric effect,3
Linear programming,3
Glucose,3
SN2 reaction,3
Gravitational lens,3
Sphere,3
Matrix-assisted laser desorption/ionization,3
Numerical integration,3
Triangle inequality,3
DNA ligase,3
Anaphase,3
Earthquake,3
Integrable system,3
Triton,3
Genomic imprinting,3
Cyclohexane,3
Edwin Hubble,3
Interstellar medium,3
Dimethyl sulfoxide,3
Crystal field theory,3
Michael J. S. Dewar,3
Systemic lupus erythematosus,3
Silver,3
Fullerene,3
Chlorophyll,3
Platelet,3
Higgs boson,3
Magnetic susceptibility,3
Ethylene,3
Equilibrium,3
Buckminsterfullerene,3
Splice,3
Magnetic moment,3
Sorting algorithm,3
Enteric nervous system,3
Circular dichroism,3
Matrix multiplication,3
Andromeda Galaxy,3
Cycloaddition,3
Electric dipole moment,3
Bragg's law,3
Synchrotron radiation,3
Sponge,3
DNA methylation,3
Sickle-cell disease,3
Crohn's disease,3
Waste collection,3
Euler characteristic,3
Huffman coding,3
Internal energy,3
Triassic,3
Haber process,3
Helicobacter pylori,3
Urea,3
Carbene,3
Arthropod,3
Macrophage,3
Nucleophile,3
Drag (physics),3
Cyclopropane,3
Camille Jordan,3
Enol,3
Three-body problem,3
Graves' disease,3
Pituitary gland,3
Lincoln Near-Earth Asteroid Research,3
3 (number),3
John von Neumann,3
Boundary layer,3
Planck constant,3
Crystal,3
Laplace transform,3
Chaos,3
Relational database,3
Tyrosine,3
Electron microscope,3
Galaxy,3
Mutation,3
Andrey Kolmogorov,3
Vector field,3
Cobalt,3
Lagrangian point,3
Hilbert space,3
Bell's theorem,3
Mössbauer spectroscopy,3
Nuclear magnetic resonance,3
Phase diagram,3
Cyanobacteria,3
String,3
Raman spectroscopy,3
Influenza,3
Circadian rhythm,3
Normal,3
Steel,3
Pneumonia,3
Karyotype,3
Ice,3
Memory,3
Bone marrow,3
Cooling,3
Growth hormone,3
Na+/K+-ATPase,3
Kernel,3
Myoglobin,3
Indole,3
Henderson-Hasselbalch equation,3
Hypothalamus,3
L'Hôpital's rule,3
Restriction enzyme,3
Michael reaction,3
Phase rule,3
Macular degeneration,3
Exoplanet,3
Alkane,3
Adipose tissue,3
Nitrogen fixation,3
Lava,3
Platinum,3
Hox gene,3
Central limit theorem,3
Cysteine,3
Vasopressin,3
CURL,3
Clausius-Clapeyron equation,3
Max Planck,3
"William Thomson, 1st Baron Kelvin",3
Azeotrope,3
Cepheid variable,3
GFP,3
Alpha helix,3
Human papillomavirus,3
Adrenal gland,3
Fitness,3
Lac operon,3
Carbonyl,3
Centromere,3
Impedance,3
Halting problem,3
Manganese,3
Adiabatic process,3
Standard deviation,3
RNA,3
Strain,3
Syphilis,3
Positron,3
August Wilhelm von Hofmann,3
Gypsum,3
Data type,3
Sediment,3
Undecidable,3
Tide,3
Mitogen-activated protein kinase,3
Volcano,3
Niacin,3
Population size,3
Claisen condensation,3
Nuclear pore,3
Schrödinger equation,3
Histamine,3
Tropical cyclone,3
Fundamental theorem of algebra,3
Jet stream,3
Sandmeyer reaction,3
Gold,3
Topoisomerase,3
Dienes,3
Chromium,3
Programming language,3
Phase,3
Gibbs-Duhem equation ,3
Types of volcanic eruptions,3
Leaf,2
Peterson olefination,2
Sugar,2
Moon,2
Phylogenetic tree,2
Isospin,2
Duchenne muscular dystrophy,2
Electroplating,2
Waveguide,2
Aldosterone,2
Louis de Broglie,2
Neuroglia,2
Epinephrine,2
Gauss's law,2
Basis,2
Friedmann equations,2
Star,2
Rheumatoid arthritis,2
Cholera,2
Dispersion relation,2
Degradation,2
Work function,2
S-wave,2
Woodward-Hoffman rules,2
Polyploid,2
Electric current,2
Orion,2
Lung,2
Calculus of variations,2
Intercalation (chemistry),2
Inductance,2
Alpha particle,2
Diabetes mellitus,2
Fick's laws of diffusion,2
Galois theory,2
Reversibility,2
Johannes Kepler,2
Parkinson's disease,2
Neutrophil,2
Clemmensen reduction,2
Scheduling (computing),2
Knot,2
Mouse,2
Ergosphere,2
Type,2
Perfect number,2
Pierre de Fermat,2
Boyle temperature,2
Reaction rate,2
Work,2
Alcohol dehydrogenase,2
Nucleation,2
Klein-Nishina formula,2
Uterus,2
Chloroplast,2
Andrey Markov,2
Gamma ray,2
Chirality (chemistry),2
Intron,2
Asteroid belt,2
Huygens' Principle ,2
Bipolar junction transistor,2
Inequality,2
Mean free path,2
ATP synthase,2
Steric effects,2
Down syndrome,2
Electron paramagnetic resonance,2
Integration by parts,2
Geometric phase,2
G protein,2
Gravitational redshift,2
Acid rain,2
Debye-Huckel equation,2
Pancreas,2
Imidazole,2
Electron configuration,2
X-inactivation,2
Avogadro constant,2
Calorimetry,2
Speciation,2
Senescence,2
Mesosphere,2
Lichen,2
Esophagus,2
Egg cell,2
Shield volcano,2
Catecholamine,2
Inductor,2
Hash function,2
Stefan Banach,2
Spiral,2
Cytochrome P450,2
Ising model,2
Cephalopod,2
Goldstone boson,2
Inverse,2
Chitin,2
Heck reaction,2
Quantum dot,2
Hydride,2
Chromatin,2
Genetic linkage,2
Tumor necrosis factor alpha,2
Light-emitting diode,2
Wind,2
Redshift,2
Fighting Network Rings,2
Poisson bracket,2
Hypergeometric function,2
Genetic algorithm,2
Lift,2
Hardness,2
Mersenne prime,2
Corey,2
Amphibian,2
Pseudorandom number generator,2
Phloem,2
Holographic principle,2
Ferroelectricity,2
Countable set,2
Osteoclast,2
Huxley,2
Spline,2
Interferon,2
Tumor suppressor gene,2
Lanthanide,2
Integrin,2
Particle size,2
Baryon,2
Paclitaxel,2
Chordate,2
Degeneracy,2
Hydrochloric acid,2
Color,2
Claude Shannon,2
Solar wind,2
Plasticity (physics),2
Max Born,2
Stoma,2
Caspase,2
Tsunami,2
Tau,2
Olfaction,2
Felix Klein,2
Residue,2
Phenolphthalein,2
Proteasome,2
Dynamic programming,2
Deuterium,2
Homotopy,2
Modified Newtonian dynamics,2
Non-Newtonian fluid,2
Niels Henrik Abel,2
Stamen,2
Melting point,2
Streptococcus,2
Time,2
Fern,2
Bremsstrahlung,2
Igneous rock,2
Staphylococcus aureus,2
Zebrafish,2
Hearing,2
Ceres (dwarf planet),2
Cope reaction,2
Pockels effect,2
Neuron,2
Nicotinamide adenine dinucleotide phosphate,2
Citric acid cycle,2
Camillo Golgi,2
Axon,2
Vaccine,2
Skin,2
Euglenid,2
Adder,2
Pinacol,2
Nazarov cyclization reaction,2
Plasmon,2
Davisson-Germer experiment,2
Quantum inverse scattering method,2
Parsing,2
Tensor,2
Vulcanization,2
Pi bond,2
Kinesin,2
Galaxy rotation curve,2
Fast Fourier transform,2
Ettore Majorana,2
Diatom,2
Floating point,2
Monotreme,2
Regular expression,2
Le Chatelier's principle,2
Tau (particle),2
Flip-flop,2
Quadrilateral,2
Spermatogenesis,2
Hermann von Helmholtz,2
Hydroboration,2
Poisson's equation,2
Nocturnality,2
Planetary nebula,2
Cosmid,2
Spinal cord,2
Lysozyme,2
Chromosome,2
Charm quark,2
Frederick Sanger,2
Galaxy merger,2
Effective nuclear charge,2
Two-dimensional space,2
Muscle,2
Dark nebula,2
Metaphase,2
Wilhelm Ostwald,2
Isostasy,2
Fourier series,2
Acetyl-CoA,2
Cellulose,2
Graphics processing unit,2
Elliptic curve,2
Fractional quantum Hall effect,2
Stability,2
Uniform distribution,2
Franck-Condon principle,2
Lorentz covariance,2
Baeyer-Villiger oxidation,2
Dolomite,2
Erich Hückel,2
Fertilisation,2
Potential,2
Asthma,2
Charge,2
C4 carbon fixation,2
Chimpanzee,2
Poisson distribution,2
Visual impairment,2
Ionization energy,2
Irreducibility,2
Acceleration,2
Continental drift,2
Saltation,2
Obesity,2
Taurus,2
N-sphere,2
Boltzmann equation,2
Cyclotron,2
Flow cytometry,2
Maximum flow problem,2
Vector potential,2
B vitamins,2
David Hilbert,2
"John William Strutt, 3rd Baron Rayleigh",2
Aspartic acid,2
Holography,2
liquid-liquid extraction ,2
Urine,2
Radius,2
Wildfire,2
Binomial coefficient,2
Coherence,2
Pyridine,2
Infinite,2
Bayes' theorem,2
Phosphate,2
Electric potential,2
Glenn T. Seaborg,2
Galaxy formation and evolution,2
Transcription factor,2
Mycorrhiza,2
Click chemistry,2
Light-independent reactions,2
Acentric factor,2
Lebesgue integration,2
Logarithm,2
Partition function (statistical mechanics),2
Jan Oort,2
Western blot,2
Mach number,2
Square planar molecular geometry,2
Riboswitch,2
Dimension,2
Punctuated equilibrium,2
Beer-Lambert-Bouguer Law ,2
Chloroform,2
Thermal conduction,2
Zeolite,2
Fixed point,2
Debye length,2
Uranium,2
Malic acid,2
RNA splicing,2
CRISPR,2
Cirque,2
Stratosphere,2
Axiom of choice,2
Psoriasis,2
Associative property,2
Skeletal muscle,2
Urinary bladder,2
Neurospora crassa,2
ELISA,2
Surface area,2
Lepidoptera,2
Edman degradation,2
Linearity,2
Opacity,2
Inner core,2
Pyruvic acid,2
Nonsteroidal anti-inflammatory drug,2
Cartilage,2
Operon,2
Perovskite,2
Archaea,2
Factorial,2
Felix Bloch,2
Sex ratio,2
Low-density lipoprotein,2
Barbara McClintock,2
Metamorphism,2
Mantle,2
Ghrelin,2
Tebbe's reagent,2
Beta oxidation,2
Solvation,2
Riemann zeta function,2
Hans Bethe,2
Meiosis,2
Alpha,2
Time derivative,2
Bubble chamber,2
Operational amplifier,2
Reverse transcriptase,2
Chirality,2
Porosity,2
Fracture,2
Sigma,2
Dune,2
Compressibility,2
Superstring theory,2
Dimer,2
Paradox,2
Gamma function,2
Karl Weierstrass,2
Vitamin D,2
Vitamin K,2
Zeta,2
mass-energy equivalence ,2
Mitosis,2
Hadley cell,2
Barr body,2
Metamorphic rock,2
Acetone,2
Phenols,2
Universe,2
Solifluction,2
High-performance liquid chromatography,2
Promoter,2
Paul Langerhans,2
Triangle,2
Tokamak,2
Quantum electrodynamics,2
8 (number),2
Bessel function,2
Messenger RNA,2
Myasthenia gravis,2
Column chromatography,2
Vacuum,2
Antoine Lavoisier,2
Bile,2
Cygnus,2
Pauli exclusion principle,2
Curie temperature,2
Microscope,2
Rutherford scattering,2
Bryophyte,2
Theodosius Dobzhansky,2
Edward Teller,2
Bilirubin,2
Tetrahedron,2
Hotspot,2
Africa,2
Moons of Saturn,2
Porphyrin,2
Minkowski space,2
Donald Knuth,2
Johannes Rydberg,2
Adiabatic theorem,2
Anemia,2
Thermal efficiency,2
Limestone,2
Sequence,2
London dispersion force,2
Disproportionation,2
Osborne Reynolds,2
Minimum spanning tree,2
Schwarzschild radius,2
Dynein,2
Methane,2
Uranus,2
Wilhelm,2
Phenylketonuria,2
Triple point,2
Energy,2
Strangeness,2
Nitric oxide,2
Quaternion,2
Base,2
Progeria,2
DFT,2
Integration,2
Cochlea,2
Polarity,2
Random walk,2
Pyrrole,2
Turbidity,2
Commutative property,2
Meteorite,2
Variance,2
Jahn-Teller effect ,2
Irrational number,2
Schedule,2
Orthomyxoviridae,2
RAS,2
Cracking,2
Cosmic dust,2
Register,2
Venus,2
Phenylalanine,2
Svante Arrhenius,2
Saccharomyces cerevisiae,2
Bubble,2
Noise,2
Ocean gyre,2
Neural crest,2
Neptune,2
Coeliac disease,2
Carbanion,2
Pafnuty Chebyshev,2
Statistical power,2
Phenol,2
Ionization,2
Rational number,2
Angle,2
Quicksort,2
Interpolation,2
Open cluster,2
Loess,2
Racemic mixture,2
6 (number),2
Anticline,2
Molar volume,2
Stokes' theorem,2
WKB approximation,2
Aphasia,2
Suzuki reaction,2
Buoyancy,2
Major depressive disorder,2
Interferometry,2
Magnetoresistance,2
Vector,2
Linear map,2
Gravity wave,2
Plasmodium,2
Cryptography,2
Fungus,2
Uracil,2
Thomas Bayes,2
Robinson annulation,2
Palladium,2
Ant,2
Vision,2
Liquid helium,2
Granite,2
Beach,2
Solvent,2
Alan Turing,2
Werner Heisenberg,2
Stark effect,2
Elliptical galaxy,2
Cave,2
Richard Dedekind,2
Axion,2
Dijkstra's algorithm,2
Integer factorization,2
Limit,2
Characteristic polynomial,2
Glycosylation,2
Quantum foam,2
Globular cluster,2
3-sphere,2
Density functional theory,2
Sunspot,2
Bromine,2
Edsger W. Dijkstra,2
Eccentricity,2
Cyclin,2
Angular momentum coupling,2
Soliton,2
Optical fiber,2
Thymus,2
Triple-alpha process,2
Oxygen evolution,2
Liouville's theorem,2
Ionosphere,2
Graph,2
Reaction inhibitor,2
Hydroxylammonium chloride,2
Quantum algorithm,2
Compass-and-straightedge construction,2
RNA polymerase II,2
Spherical harmonics,2
Diophantine equation,2
Cell wall,2
HOMO/LUMO,2
Lake,2
Thomson scattering,2
Darwin's finches,2
Sunyaev-Zeldovich effect,2
Volume,2
Hausdorff space,2
Oxytocin,2
Drumlin,2
Sard's theorem,2
Trans effect,2
Oncogene,1
Sonogashira coupling,1
Clebsch-Gordan coefficients,1
Thylakoid,1
Liquid bubble,1
Quantum computing,1
Waggle dance,1
Jaundice,1
James Hopwood Jeans,1
Core Sound,1
hydroboration-oxidation,1
Magnetic reconnection,1
Residual,1
Polar bear,1
Chemical shift,1
China,1
Signal recognition particle,1
Möbius strip,1
Glutathione,1
Debugging,1
Occipital lobe,1
Toll-like receptor,1
Henry Maxwell Lyte,1
Fletcher-Milliken oil-drop experiment ,1
Synthetic seismogram,1
Botulinum toxin,1
Obsidian,1
Steam,1
Saturn,1
Amphibole,1
Functional magnetic resonance imaging,1
Charge-coupled device,1
Topological manifold,1
Long-term potentiation,1
Steric factor,1
Particle identification,1
Bolzano-Weierstrass Theorem,1
Rash,1
George Gamow,1
Homologous recombination,1
Georges Cuvier,1
Fragile X syndrome,1
Antiaromaticity,1
Adaptive optics,1
Band-gap engineering,1
Learned helplessness,1
PKCS,1
Trp operon,1
Friedel-Crafts reactions,1
Raney nickel,1
Cytokine,1
Douglas McAlpine,1
"Victoria Rooms, Bristol",1
Habitability of natural satellites,1
X-ray,1
CNO cycle,1
Parthenogenesis,1
the Maxwell-Boltzmann distribution ,1
Degenerate matter,1
Penicillin,1
J. Robert Oppenheimer,1
Fock matrix,1
Fermi gas,1
Methanol,1
Hydrothermal vent,1
Latent heat,1
Sagittarius,1
Vowel,1
Llewellen Hilleth Thomas,1
Space-filling curve,1
Entanglement,1
Epstein-Barr virus ,1
muscular dystrophy,1
Poxviridae,1
Charles Wheatstone,1
Fission (biology),1
Union,1
Albert Eschenmoser,1
Cisplatin,1
Beer-Lambert law,1
The Action,1
Latin square,1
Electrospray ionization,1
P-wave,1
Protoplanetary disk,1
Agnatha,1
Polytene chromosome,1
Social network,1
Particle accelerator,1
Linus Pauling,1
Electrode,1
Gravitational two-body problem,1
Positive,1
El Niño Southern Oscillation ,1
JavaScript,1
Leon Cooper,1
Landauer formula,1
Semi-empirical mass formula,1
Seismic tomography,1
Continuum hypothesis,1
Hartree-Fock Method ,1
Gravity Probe B,1
Hexagonal crystal system,1
Attention,1
Coral reef,1
Variable star,1
Jordan,1
Inner product space,1
Magma,1
Water-gas shift reaction,1
X-ray astronomy,1
Ocean,1
Intrinsic factor,1
Big Crunch,1
Python,1
Kondo effect,1
Perspiration,1
Newton's method,1
Ethylenediaminetetraacetic acid,1
Normal distribution,1
pahoehoe lava flows,1
Cofactor (biochemistry),1
Gran plot,1
Fresnel diffraction,1
Blum,1
Heart valve,1
Skew binomial heap,1
Nociception,1
Gastrin,1
Regev's theorem,1
Wolff-Kishner reduction,1
Logistic function,1
Random variable,1
Ligand (biochemistry),1
Resistor,1
Serine,1
Richard Nixon,1
Born approximation,1
Molecule,1
Vomiting,1
Beta-Carotene,1
Burns,1
Red dwarf,1
Probability density function,1
Emission nebula,1
Mass (liturgy),1
Rhyolite,1
Leprosy,1
Permian-Triassic extinction ,1
Amniote,1
Transketolase,1
India,1
Functional,1
Sanforization,1
Coupling reaction,1
Helix,1
Honey bee,1
Simmons-Smith reaction,1
Fuel cell,1
Posterior nucleus of hypothalamus,1
Ideal gas law,1
Joule-Thomson,1
Core,1
Orbital angular momentum,1
Latitude,1
Geomagnetic reversal,1
Georg Wittig,1
Bicarbonate,1
finding the shortest path ,1
Kirkwood gap,1
G-type main-sequence star,1
Fault scarp,1
Furan,1
Chen-Ning Yang,1
Carrying capacity,1
Action,1
Wolf-Rayet stars,1
GCD,1
Black-Scholes theory/formula/model/method,1
Software testing,1
Bowen's disease,1
Diamond,1
Makemake,1
Hideki Yukawa,1
Laschamp event,1
Electronic band structure,1
Glycoprotein,1
Mast cell,1
Ostwald process,1
sigmatropicreactions ,1
Cerebral palsy,1
Lysine,1
Atherosclerosis,1
Vibration,1
Hamiltonian mechanics,1
Cooper pair,1
Nitro compound,1
Maxwell's equations,1
Robert Brown (Scottish botanist from Montrose),1
Haworth,1
Harmonic function,1
Multinucleate,1
List of Iranian musicians,1
Upsilon1 Cassiopeiae,1
Ketogenesis,1
Homeopathy,1
Carl-Gustaf Rossby,1
Conservation of energy,1
Nervous tissue,1
Capillary,1
Felix Hausdorff,1
Chemical substance,1
Mott insulator,1
Annelid,1
Necrosis,1
Stellar mass,1
Machine learning,1
Molecular orbital theory,1
Triphenylphosphine,1
Rotating black hole,1
Moons of Mars,1
Set,1
P (complexity),1
Phytophthora,1
Molecular electronic transition,1
Purine,1
André-Marie Ampère,1
Exception,1
Tautomer,1
Bisection,1
Diels-Alder reaction ,1
The Skin,1
Flight,1
Kruskal's algorithm,1
Thomas precession,1
Antoine equation,1
Omega,1
Gravitational constant,1
Banach-Tarski theorem,1
Epithelial-Mesenchymal Transition ,1
Heterosis,1
Elementary charge,1
Glyoxylic acid,1
Comet,1
Hexadecimal,1
Scoliosis,1
Mean,1
odd order ,1
Segmental arteries of kidney,1
Ulcer,1
Wavelength,1
Ward-Takahashi Identities ,1
Radiocarbon dating,1
Origin of replication,1
Xenopus,1
Clebsch-Gordan coefficients ,1
Transit-timing variation,1
Karatsuba algorithm,1
Arthur Cayley,1
Brane,1
Salt metathesis reaction,1
Free,1
Deposition,1
Cell cycle,1
Archery at the 2007 Pan American Games,1
Bit,1
Fuzzy logic,1
Active galactic nucleus,1
Baire category theorem,1
Leon Trotsky,1
Metric tensor,1
Frank-Tamm,1
Atlantic Ocean,1
Blood vessel,1
Periodicity,1
Flocculation,1
Adenosine,1
Equipartition theorem,1
Thermal expansion,1
Jupiter,1
Amygdala,1
Charles-Augustin de Coulomb,1
ITC,1
Lophophore,1
Vlasov equation,1
E²,1
Hamilton-Jacobi equation,1
John,1
Reflex,1
Alkylation,1
Tension,1
Dynamo,1
Outlier,1
Stem cell,1
Basalt,1
Gibbs-Duhem Equation,1
Insulator (electricity),1
Turtle shell,1
Sieve,1
Bravais lattice,1
Santiago Ramón y Cajal,1
C,1
Stop codon,1
Characteristic,1
Queue,1
Blood sugar,1
Tetragonal crystal system,1
Somite,1
Student's t-test,1
Atwood machine,1
Hypertension,1
Octocrylene,1
Luminiferous aether,1
Infinitesimal strain theory,1
Sorted array,1
ntegrins ,1
Steady state (chemistry),1
Weak,1
proton-proton chain ,1
Petroleum,1
Snow,1
Schoenberg-Chandrasekhar limit ,1
Lepton,1
Closed,1
Myocardial infarction,1
Dating,1
Andreyev,1
Complement,1
Jet (particle physics),1
"This chemical promotes the production of the surfactant necessary for extrauterine lung function. This hormone damages the hippocampus, which is one of the areas most responsible for telling the hypothalamus to stop its production, leading to a positive feedback loop. One diagnostic tool for the cause of an excess of this hormone is the dexamethasone suppression test. Most of this hormone found in the blood is bound to ",1
Green's function,1
Infection,1
Potassium channel,1
Antibiotics,1
Glucose-6-phosphate dehydrogenase,1
Profile-guided optimization,1
Edman,1
Vibrio,1
Niels,1
Fundamental theorem of arithmetic,1
Walther Nernst,1
Plankton,1
Deadweight loss,1
Trans,1
Cook-Levin theorem,1
Magnesium battery,1
Klinefelter syndrome,1
Calcite,1
Transmethylation,1
Debye-Huckel equation ,1
Elasticity,1
Spectrophotometry,1
Bose-Einstein Condensate,1
Simmons-Smith reaction ,1
Fibonacci,1
Arousal,1
Hofmann rearrangement,1
Kinetic isotope effect,1
Planetary core,1
Frederick Soddy,1
Elliot-Yafet mechanism ,1
Coprime integers,1
Ideal,1
Neurofibromatosis,1
Herbig-Haro objects,1
Julia olefination,1
Mesocyclone,1
Vulcanoid,1
Tornado,1
Cope rearrangement,1
Boiling,1
Sarcomere,1
Downstream (petroleum industry),1
Echolocation,1
Brain,1
Series (mathematics),1
Generalized inverse,1
Polyp,1
Retrovirus,1
Centriole,1
Laplace's equation,1
Density (disambiguation),1
Degree of unsaturation,1
Organ of Corti,1
Legionnaires' disease,1
ubstitution ,1
Gilbert N. Lewis,1
Peptide synthesis,1
Vilsmeier-Haack Reaction,1
Diprotic acid,1
John Lennard-Jones,1
Diphtheria,1
Tektite,1
Supersymmetry,1
Electronic filter,1
Isotope,1
Scattering amplitude,1
Immune tolerance,1
Richard F. Heck,1
Biodiversity,1
Survivorship curve,1
Crystal growth,1
Atomic number,1
Mass diffusivity,1
Pollen,1
Heart,1
Pollination,1
Pulmonary edema,1
Golden ratio,1
Active transport,1
Osteoporosis,1
Molar mass distribution,1
Vector space,1
Extraction,1
Magnesium stearate,1
Catfish,1
Coenzyme Q10,1
Bullet Cluster,1
Luigi Galvani,1
Ubiquitin ligase,1
Spherical aberration,1
Muscle contraction,1
Pierre-Simon Laplace,1
Salmonella,1
Perturbation theory,1
Natural number,1
Susceptibility,1
Tay-Sachs Disease,1
Cardiac muscle cell,1
FSA Utilities,1
Chromosomal translocation,1
Heterogeneous ribonucleoprotein particle,1
Gene knockout,1
Cubic crystal system,1
Paul Erdos ,1
Monsato process,1
Exosphere,1
Carl Sagan,1
Friedel-Crafts reaction ,1
Scale factor,1
Sackur-Tetrode equation,1
Statin,1
Creatinine,1
Bifurcation,1
Pierre Curie,1
Moons of Uranus,1
Hybrid,1
Rhizobia,1
The Third Power,1
Effective medium approximations,1
Radial velocity,1
Vault,1
Clustering,1
Large Hadron Collider,1
Van der Waals force,1
Tetrahydrofuran,1
Gabbro,1
Exciton,1
Hyperbolic geometry,1
Index notation,1
Aziridine,1
Impulse,1
Childbirth,1
Root-Finding accept stuff like finding the zeros of an equation,1
Orbital hybridisation,1
Computer virus,1
18-electron rule,1
Finite-state machine,1
Chandrasekhar limit,1
Threshold voltage,1
Amplitude modulation,1
Beer-Lambert-Bouguer law,1
aza,1
Universality (dynamical systems),1
Darcy's law,1
Goldbach's weak conjecture,1
Odd,1
Vacuum polarization,1
Petrified wood,1
Epistasis,1
Sorting,1
Laplace operator,1
Church-Turing thesis ,1
Proline,1
Dirk Polder,1
Holomorphic function,1
1 (number),1
Starch,1
Pterosaur,1
Constant of motion,1
Lactam,1
Lymphoma,1
Two-state quantum system,1
Natural rubber,1
Grashof number,1
Water vapor,1
Respiration,1
Calcitonin,1
CfA2 Great Wall,1
William Rowan Hamilton,1
Winged Victory of Samothrace,1
Permittivity,1
Magnetization,1
Robert Bruce Merrifield,1
Question mark,1
Evaporation,1
2008 Sichuan earthquake,1
Ellipse,1
RNA polymerase,1
Inductively coupled plasma,1
Oliver Heaviside,1
Exchange interaction,1
Mode-locking,1
Nebula,1
Sulfate,1
Sympatric speciation,1
Magnetosphere of Jupiter,1
Divergence theorem,1
N-Formylpiperidine,1
Geomagnetic storm,1
Bird vocalization,1
Time complexity,1
Heat shock protein,1
Nuclear fusion,1
Silicate,1
Tetrahymena,1
Chaperone,1
Antidepressant,1
Louis Plack Hammett,1
Tower of Silence,1
Vocal folds,1
Smallpox vaccine,1
Reflection symmetry,1
World egg,1
Squaring the circle,1
Regenerative medicine,1
Bottom quark,1
Schwann cell,1
stress/strain curve,1
Mark and recapture,1
Terpenoid,1
Monocotyledon,1
Thymidine kinase,1
Finding,1
Order of reaction,1
Red,1
Voltammetry,1
Sublimation,1
Collision theory,1
Molecular diffusion,1
Detonation,1
ediment transportation ,1
Maxwell-Boltzmann Molecular Speed Distribution,1
Arginine,1
Octahedral molecular geometry,1
Newmark-beta method,1
Lorentz factor,1
Lorentz-Mie scattering theory ,1
Double layer (surface science),1
Annihilation,1
Statistic,1
Lactation,1
red-black tree ,1
Richard Dawkins,1
Void (astronomy),1
Search algorithm,1
Apollo 11,1
Reionization,1
Tay-Sachs disease ,1
CD16,1
Gallbladder,1
One group of compounds whose concentrations rise in response to this process includes serum amyloid A and C-reactive protein--those are APRs. This process is stimulated when C3a and C5a cause one type of cell to degranulate. One class of drugs used to inhibit this process work by inhibiting a cyclo-oxygenase which seeks to convert arachidonic acid into a type of eicosanoid known as the prostaglandins. This process is initiated when ,1
Category theory,1
Matrix,1
Stefan-Boltzmann law ,1
Nicotine,1
Iceberg,1
Lab rat (disambiguation),1
August,1
Coil spring,1
Infant,1
Lowe sequence,1
Refrigerator,1
Marsupial,1
Ehrenberg-Siday-Aharonov-Bohm Effect,1
Beer-Lambert-Bouger Law,1
Constraint,1
Molecular beam epitaxy,1
Permafrost,1
Sparse matrix,1
Juventus F.C.,1
Karl Pearson,1
Reissner-Nordström Solution ,1
Epilepsy,1
Descartes-Snellius law of refraction ,1
Photosystem I,1
Testicle,1
X-shaped radio galaxy,1
Rod,1
Legendre-Frenchel transformation,1
Mix,1
Pons,1
Object-oriented programming,1
Induction,1
Norbert Wiener,1
Ulna,1
RNA world,1
Square number,1
Kelvin-Helmholtz instability ,1
Wind wave,1
Nikola Tesla,1
Korteweg-de Vries equation ,1
Decarboxylation,1
Superacid,1
Radiation pressure,1
MOSFET,1
Scale factor (cosmology),1
Prostate cancer,1
CERN,1
Euler method,1
Metastasis,1
Stern-Gerlach experiment ,1
Bryophyta,1
Reverse transcription polymerase chain reaction,1
Generator,1
Fujita scale,1
Max-flow min-cut theorem,1
Pleistocene,1
Iterative method,1
Genetic,1
Antimony,1
Markovnikov's rule,1
Matrix decomposition,1
Van 't Hoff equation,1
Grover's algorithm,1
Nuclear shell model,1
Ordovician,1
Turner syndrome,1
Citric acid,1
Rain,1
Geoid,1
Clausius-Mossotti relation ,1
Ferdinando Gliozzi,1
Acid dissociation constant,1
Thévenin's theorem,1
Dwarf planet,1
Lambda calculus,1
Rho,1
Precipitation,1
Fluid,1
Salinity,1
Dwarf galaxy,1
Dengue fever,1
Glasses,1
Baeyer-Villiger oxidation ,1
Renormalization,1
Purkinje cell,1
Stratigraphy,1
Shortest path problem,1
Critical mass (disambiguation),1
Anthrax,1
ISO 22000,1
Blue-footed booby,1
Integral,1
Electric flux,1
triphenylphosphene ,1
Buffer overflow,1
Villi,1
Routing,1
Substance,1
Cell adhesion,1
Clinical urine tests,1
Gustav Kirchhoff,1
Satellite,1
Wheat,1
Joseph Liouville,1
Prandtl number,1
Hydrogen fluoride,1
Parathyroid hormone,1
Habitability of binary star systems,1
Plague,1
Applications of the calculus of variations,1
Covariance,1
Voltaic pile,1
Swern oxidation,1
Hydrolysis,1
Desmosome,1
Oxbow lake,1
Opioid,1
Parity,1
Nematode,1
Gauss-Markov Theorem,1
Octonion,1
Battery,1
Pre-exponential factor,1
Band gap,1
Even,1
Beer's law ,1
Kerr effect,1
Lake Vostok,1
List of acronyms: R,1
Utility,1
Geometrical frustration,1
Hyperglycemia,1
4 Vesta,1
Bernoulli,1
Phenol-chloroform extraction,1
And,1
Fight-or-flight response,1
Eris (dwarf planet),1
Peano axioms,1
Hill sphere,1
Bayesian statistics,1
Theodore Lyman,1
Angiogenesis,1
Ophiuchus,1
Maxwell's demon,1
The superoxide of this element is used in submarines to scrub carbon dioxide from the air and create oxygen gas. This element's bromide was once used to counter overactive libido. Although it is not magnesium,1
Eusociality,1
Moons of Jupiter,1
Escherichia coli O157:H7,1
Heavy water,1
Thermometer,1
Bose Einstein Condensate,1
Eocene,1
C-Jun N-terminal kinases,1
Toll,1
Heliospheric current sheet,1
Thermodynamic temperature,1
Organometallic chemistry,1
Gregor Mendel,1
Retinoic acid,1
Contrail,1
Shock,1
Sympathetic nervous system,1
Quadtree,1
Multiplicative inverse,1
Coronary artery disease,1
Human Genome Project,1
Elsässer,1
Einstein field equations,1
D-,1
Truss,1
Abelian group,1
George,1
Macula of retina,1
Indicator,1
Mountain range,1
Pseudorandomness,1
Feit-Thompson theorem,1
Lempel-Ziv algorithm ,1
Compton wavelength,1
Diameter tape,1
Eye,1
Halogenation,1
Rayleigh-Taylor instability,1
Primary production,1
Medulla oblongata,1
Water ice,1
Vertex,1
HSV,1
the Euler-Lagrange equations ,1
Acceptance sampling,1
Bing (bread),1
Pascal's law,1
Colluvium,1
law of conservation of electric charge,1
Borane,1
Natural selection,1
Nuclear factor kappa B ,1
Academic genealogy of computer scientists,1
Derechos,1
Cornea,1
EMF,1
Rigid body,1
Third law of thermodynamics,1
Guard cell,1
Shear (geology),1
Pyroxene,1
Relational,1
Mars rover,1
Constructed language,1
Root-finding algorithm,1
Compilation,1
Permian-Triassic extinction event ,1
Prefix,1
Thalamus,1
Corey-Fuchs Reaction ,1
Chalconoid,1
Burgers vector,1
Recombination,1
Kim Jong-il,1
The Lonely Crowd,1
Plant hormone,1
Ultraviolet catastrophe,1
Photomultiplier,1
Friedel-Crafts ,1
Compressed hydrogen,1
Planar graph,1
Contact process,1
Organic acid anhydride,1
Charles-Adolphe Wurtz,1
Two-body problem,1
Moraine,1
Miller-Urey experiment ,1
PES,1
Thoracic diaphragm,1
Hardy-Weinberg Equilibrium/Principle/whatever,1
Migratory insertion,1
Trypsin,1
Chlamydia infection,1
Pain,1
Metapopulation,1
North Atlantic oscillation,1
Glycerol,1
Melanin,1
Hyperreal number,1
Cooperativity,1
Greatest common divisor,1
International trade,1
Fault (geology),1
Klein-Fock-Gordon equation ,1
Autophagy,1
Fatty acid,1
Metamorphosis,1
Windows XP Professional x64 Edition,1
Quantum,1
John Tukey,1
Chemical kinetics,1
Adolf von Baeyer,1
Node of Ranvier,1
First law of thermodynamics,1
Selenium,1
Bat,1
Angle trisection,1
Degrees of freedom,1
Bose-Einstein Condensation ,1
Conservative vector field,1
Salt bridge (protein and supramolecular),1
Voyager program,1
p-n junction,1
Main sequence,1
Program optimization,1
Normal form,1
Group III intron,1
Schiff base,1
Bone tissue,1
Twinning,1
Elasticity (economics),1
Dielectric,1
Priority queue,1
Molecular clock,1
Gilman reagent,1
Metastability,1
Serum albumin,1
Physics,1
Wind turbine,1
Teruaki,1
Singular value decomposition,1
Sequence alignment,1
Metallocene,1
List of things named after Charles Hermite,1
Dendritic cell,1
Pulmonary surfactant,1
Cytoskeleton,1
Chromosome abnormality,1
Poisson's ratio,1
C. V. Raman,1
PATH (variable),1
Plasma oscillation,1
Femtochemistry,1
Phantom limb,1
complex electrical impedance ,1
Cannibalism,1
Stephen Cole Kleene,1
Hamilton-Jacobi equation ,1
Fractional distillation,1
Commutator,1
Lenski's longterm E. coli evolution experiment ,1
Multiplication,1
Prussian blue,1
Glass transition,1
Subrahmanyan Chandrasekhar,1
Ames test,1
Nuclear reactor,1
Wave velocity,1
Galvanization,1
Crassulacean acid metabolism,1
Nuclear Overhauser effect,1
irrotational ‚ow ,1
Hall-Heroult process,1
Lucasian Professor of Mathematics,1
Frame-dragging,1
Starflight,1
Lymphatic system,1
Insertion,1
Myc,1
Quantitative trait locus,1
Great Attractor,1
Transitive closure,1
Absorption,1
Botulism,1
Hydroformylation,1
Zeta potential,1
Young stellar object,1
boundary layer flows,1
Sulfonate,1
Billon (alloy),1
Ion,1
Specific,1
George Boole,1
Atomic clock,1
Serine protease,1
Bond length,1
Piltdown Man,1
Formic acid,1
Proton-pump inhibitor,1
Electrochemistry,1
X-ray photoelectron spectroscopy,1
Gaia hypothesis,1
Final Fantasy VIII,1
Spectroscopy,1
Ossification,1
Homo floresiensis,1
Competitive inhibition,1
Michelson-Morley experiment ,1
Oklo,1
Bacillus,1
Terminator,1
Jane Goodall,1
Ethylene glycol,1
Lobotomy,1
Apolipoprotein E,1
Pulsating white dwarf,1
Olbers' paradox,1
Cahn-Ingold-Prelog rules,1
Pacific Ocean,1
Debye-Huckel equation/theory,1
Broca's area,1
Parabolic,1
Red Queen,1
Infinity,1
Cortisol,1
Combination,1
Bowen,1
Molecular cloud,1
Attention deficit hyperactivity disorder,1
Johannes Diderik van der Waals,1
Cephalochordate,1
Retrotransposon,1
Alpine,1
Formate,1
Radio atmospheric,1
Taq polymerase,1
AVL tree,1
Beta-lactam,1
Monsoon,1
Svante,1
Bernhard Riemann,1
Alternating current,1
Molecular geometry,1
Hadron,1
Greedy algorithm,1
Boolean satisfiability problem,1
Cleavage (geology),1
Bellman-Ford algorithm,1
Cyclone,1
Induced subgraph,1
Geostrophic current,1
Genetic recombination,1
Riemann mapping theorem,1
Algebra,1
Chloride,1
John Forbes Nash Jr.,1
Weinberg angle,1
Artery,1
Prophase,1
Chain rule,1
Randomness,1
Radio-frequency identification,1
Cosmic censorship hypothesis,1
Soil liquefaction,1
Protein sequencing,1
Simplex algorithm,1
Addiction,1
Drosophila embryogenesis,1
Wu experiment,1
Cahn-Ingold-Prelog,1
Carbon nanotube,1
Plasma parameters,1
Schwarzschild metric,1
Nuclease,1
Van,1
Compression,1
Ozone layer,1
Waveplate,1
Muson Centre,1
Twistor theory,1
stress-energy tensor,1
Cytotoxic T cell,1
David R. Smith,1
Pigeonhole principle,1
Compact,1
Polymerase,1
Larynx,1
Mitochondrial DNA,1
Colligative properties,1
Madden-Julian oscillation ,1
Shading,1
Null hypothesis,1
Triple bond,1
Jones oxidation,1
Peroxy acid,1
Bivalvia,1
Prospect theory,1
Oscillation,1
Cascadia subduction zone,1
Chromosome 15 (human),1
Algae,1
Bases,1
Ring,1
Feature detection,1
Error function,1
Number,1
Expected value,1
Surjective function,1
Bone morphogenetic protein,1
Emil Lang,1
Casimir-Onsager reciprocal relations ,1
cis/trans ,1
Collatz conjecture,1
Titin,1
Poincaré conjecture,1
Hunsdiecker-Borodin reaction ,1
Ordinary differential equation,1
Eicosanoid,1
Microsatellite,1
Contact,1
PlanetPol,1
Lyman-alpha line,1
Huygens's principle ,1
Pyrite,1
Gunn-Peterson,1
Spectral line,1
Barry M. McCoy,1
Biofilm,1
Quinine,1
Conductivity,1
Carbonate minerals,1
"Murray ""T.N.T."" Gell-Mann",1
Chromosomal crossover,1
Lars Onsager,1
Brachistochrone curve,1
Flip-flops,1
Factoring,1
Methionine,1
Clausius Clapeyron equation,1
Fokker-Planck,1
Mimicry,1
Jean-Martin Charcot,1
Devil's Coulee Dinosaur Heritage Museum,1
Spindle apparatus,1
Europa,1
ROMP,1
Creatine,1
Poliovirus,1
Angular momentum operator,1
Complete metric space,1
Myogenesis,1
Relativistic programming,1
Antenna array,1
Diazonium compound,1
Phenyl group,1
Five-prime cap,1
Intel,1
Nucleophilic substitution,1
Erwin Schrödinger,1
Iridium,1
Sonar,1
Variational principle,1
Boltzmann machine,1
Lyme disease,1
Cytochrome,1
Soil,1
Energy level,1
Rhizobium,1
Herpes simplex virus,1
New Worlds Mission,1
Symmetric group,1
Microwave,1
Despeciation,1
File system,1
Q cycle,1
Fermionic condensate,1
Antifungal,1
Interphase,1
Molybdenum,1
"Two members of this family cause an infant disease also known as sixth disease, roseola. Another member of this family causes benign lymph node tumors in Castleman's disease, though it was first identified as the causative agent of blotchy lesions often found on the face of AIDS patients. Besides Kaposi's Sarcoma-associated, another member of its gamma subfamily causes Burkett's Lymphoma, while members of its alpha subfamily lie dormant in nerves between outbreaks. For 10 points, name this virus family including the Epstein-Barr virus and the chicken pox-causing Varicella zoster, whose types 1 and 2,",1
Sackur-Tetrode equation ,1
Light-dependent reactions,1
Online algorithm,1
UV-vis spectroscopy ,1
B-tree,1
Data compression,1
Stromatolite,1
Friction loss,1
Linear regression,1
Bracket,1
Chebyshev's inequality,1
Quadrupole,1
Absorbed dose,1
Symmetric polynomial,1
Noether's theorem,1
Richard M. Karp,1
Hofmann elimination,1
Dissolution,1
Econometrics,1
Exchange spring magnet,1
Linus,1
Eutectic system,1
Hair cell,1
Horse,1
String theory,1
Field-programmable gate array,1
List of types of interferometers,1
Three Tales (opera),1
Exception handling,1
Boolean algebra,1
Cellular differentiation,1
Panniculitis,1
Finite,1
Bowen's reaction series,1
Dieckmann condensation,1
Cold dark matter,1
Australopithecus africanus,1
Hall,1
Hydroxyl,1
Rotifer,1
V,1
Miller-Urey Experiment,1
Science fiction,1
Peptide bond,1
spin relaxation,1
New Madrid,1
Mating,1
Drought,1
Brachiopod,1
Rocket propellant,1
Armand-Augustin-Louis de Caulaincourt,1
Spore,1
Proteoglycan,1
Voronoi diagram,1
Hyperbola,1
River delta,1
Adenylyl cyclase,1
N-Formylmethionine,1
Kinase,1
Center of mass,1
Hardy-Weinberg equilibrium,1
Sodium hydroxide,1
Lorentz transformation,1
Sigma bond,1
Photographic film,1
Erosion,1
Neutrino oscillation,1
Markov process,1
Trilobite,1
The Cut,1
Web server,1
Hamiltonian (quantum mechanics),1
Arthur C. Cope,1
Separability,1
EM,1
Method of moments (statistics),1
Clausius-Clapeyron equation ,1
Cambium,1
Mutagenesis,1
Stroop effect,1
Duplication,1
DebyeHückel equation,1
Gap junction,1
Gibbs-Duhem equation,1
Riemann surface,1
Isoprene,1
Cellular automaton,1
creep strain,1
Millimeter Anisotropy eXperiment IMaging Array,1
Hurricane Bob (1979),1
IC 1613,1
VEGF receptor,1
Young's,1
Cache,1
Solid-state nuclear magnetic resonance,1
TCP,1
Hydrogen ion,1
Hamiltonian path,1
Transition metal,1
Henri Poincaré,1
Sirius,1
Normal (geometry),1
Sewage treatment,1
Antenna,1
Acetyl,1
Robert Bunsen,1
London equations,1
BITS,1
Skull,1
Acetylation,1
Identity element,1
Delta,1
Locust,1
Biaxial nematic,1
Peter Higgs,1
Y chromosome,1
Leptin,1
Cancer,1
Jean-Baptiste,1
Diabetes mellitus type 2,1
Ganymede,1
Basel problem,1
Lie algebra,1
Seismometer,1
Extinction,1
Chinese room,1
Electrophilic aromatic substitution,1
Pierre,1
Ziegler-Natta catalyst,1
Powder diffraction,1
Richard E. Bellman,1
Saturation,1
Material derivative,1
Clostridium,1
Paramecium,1
Avalanche,1
Net neutrality,1
Ramsauer-Townsend effect ,1
Beta cell,1
Muller's ratchet,1
Baryon number,1
Stephen Hawking,1
Orbit,1
Exponential distribution,1
The,1
Microscopy,1
Hydrotherapy,1
Blood transfusion,1
Mechanistic target of rapamycin,1
Symmetry in quantum mechanics,1
Cantor set,1
Cloud,1
Analog-to-digital converter,1
Davisson Germer,1
Dwarf Stars Award,1
Terminal velocity,1
Laser cooling,1
Casimir effect,1
Caesium fluoride,1
Method of images,1
Disulfide,1
Ring system (astronomy),1
Ehrenfest theorem,1
Electron degeneracy pressure,1
CPU cache,1
Anaphase-promoting complex,1
Lens (anatomy),1
Lymph,1
Cosmic Background Explorer,1
Mathematical optimization,1
Sea ice,1
Target peptide,1
Embryonic stem cell,1
Dynamo theory,1
3/2,1
Boson,1
Electric power,1
Control system,1
Pump,1
"James Lindsay, 3rd Baron Lindsay of Birker",1
Pruning,1
Southern blot,1
Dispersion,1
Ludwig Gattermann,1
Satisfiability,1
Equality,1
Snowflake,1
Flory-Huggins theory,1
Cubic,1
Centaur,1
Centrosome,1
Thunderstorm,1
Coulomb collision,1
Interactive proof,1
Sea,1
Greenhouse effect,1
Anisotropy,1
Satyendra Nath Bose,1
Vitamin C,1
TP53INP1,1
Little string theory,1
Focal length,1
René Descartes,1
Prior,1
Theodore von Kármán,1
Fish,1
Hard,1
August Ferdinand Möbius,1
Poisson point process,1
Newton's law of cooling,1
Diarrhea,1
Cross section (physics),1
Drainage system (geomorphology),1
Fossil,1
Feather,1
Seven Bridges of Königsberg,1
Ziegler-Natta catalysts,1
Boolean expression,1
Greenhouse gas,1
Born-Oppenheimer approximation,1
Monte Carlo method,1
Empirical distribution function,1
Parity (mathematics),1
Green-Tao,1
Glaucoma,1
Free energy,1
Earth's magnetic field,1
N,1
Type Ia supernova,1
Law of large numbers,1
Membrane transport protein,1
Gravitational potential,1
Meselson-Stahl experiment ,1
Salt (chemistry),1
Virtual memory,1
Capsaicin,1
perixosome,1
Pelagic sediment,1
Feynman diagram,1
Measure,1
Retrograde and prograde motion,1
Proxima Centauri,1
Atmospheric pressure,1
Salivary gland,1
Redlich-Kwong,1
Hulse-Taylor,1
Translocation,1
Electric potential energy,1
Adolf Eugen Fick,1
DLVO theory,1
Madelung constant,1
Second-order,1
phosphorylation factor-ATP synthase ,1
Precursor mRNA,1
cryorefrigerator ,1
Lotka-Volterra Equations,1
Nucleolus,1
MHC class I,1
Ageing,1
Asymptotic freedom,1
Saliva,1
Zircon,1
Vaporization,1
Ackermann function,1
Path integral formulation,1
Cirrus cloud,1
Cassini-Huygens Mission ,1
Lustre,1
Jürgen Ehlers,1
Magnetic quantum number,1
Gastropoda,1
Meson,1
Atoll,1
Muscle tissue,1
Pedigree,1
Boule (crystal),1
Aspirin,1
Cell nucleus,1
Cushing's syndrome,1
Wigner effect,1
Metallicity,1
Monsanto process,1
Bairstow's method,1
Big O notation,1
Compressibility factor,1
Kepler (spacecraft),1
Phototropism,1
DIIS,1
Archaeopteryx,1
Nikolai,1
Jahn-Teller Effect/Distortion,1
Chi-squared distribution,1
Legendre polynomials,1
Bose-Einstein condensate,1
Tryptophan,1
Position,1
Hypersphere,1
Sertoli cell,1
Time dilation,1
Alanine,1
Symmetric matrix,1
Amyotrophic lateral sclerosis,1
Biomass,1
Metaphysics,1
Ubiquitin,1
limbic-hypothalamic-pituitary-adrenal-gonadotropic axis,1
Java,1
Virgo Cluster,1
Sandstone,1
Pigeonhole,1
R/K selection theory,1
Magnetar,1
Wavelet,1
Nitrous oxide,1
Joseph Fourier,1
Romulus and Remus,1
Email,1
Butterfly,1
Fire,1
Photorespiration,1
Charles David Keeling,1
Virus,1
Hidden variable theory,1
Permeability (electromagnetism),1
Abraham de Moivre,1
Navier-Stokes equations,1
Radiative transfer,1
Loop,1
Oxidative phosphorylation,1
Domain,1
Hiram Maxim,1
Osmium tetroxide,1
Error detection and correction,1
Angelman syndrome,1
Scar,1
Karl Barry Sharpless,1
Fusor,1
Marfan syndrome,1
Walter H. Schottky,1
Ventricle,1
Action (physics),1
Work (thermodynamics),1
Qubit,1
meltingpoint,1
KCDSA,1
Composite,1
Habitat fragmentation,1
Fructose,1
Octahedron,1
Runge-Kutta method,1
Immunoglobulin E,1
Bond,1
Cold Atom Laboratory,1
Morphine,1
Fermi surface,1
Friedel-Crafts acylation,1
Filter,1
Water content,1
Nuclear weapon,1
Pioneer program,1
Stellar population,1
Emmy Noether,1
Firewall,1
Dolphin,1
Bijection,1
Wilson's disease,1
Frost diagram,1
Blastula,1
Pair production,1
Computer graphics,1
Solar eclipse,1
Linear independence,1
Thermosphere,1
Hydrogen cyanide,1
A Brief History of Time,1
Tully-Fisher relation/law,1
Asteroid,1
Curtius,1
Subclavian artery,1
Hexokinase,1
Dwarfism,1
Organic semiconductor,1
Max,1
the Navier-Stokes equations,1
Conformal map,1
Dirac equation,1
Linear least squares,1
SN1 reaction,1
Tyrannosaurus,1
Cycloid,1
Median,1
T3,1
Halite,1
Acidity function,1
William Herschel,1
Allergy,1
Anton Zeilinger,1
Hexosaminidase,1
Fermi-Pasta-Ulam experiment/problem ,1
Geometric transformation,1
BLAST,1
Dispersion (optics),1
Ergodicity,1
Hartree-Fock ,1
Hydra,1
Flask,1
Spider mite,1
Object,1
X chromosome,1
Cipher,1
Activity coefficient,1
Membrane potential,1
Quantization,1
Epstein-Barr,1
P,1
Group selection,1
Clique problem,1
Metrization theorem,1
Salicylic acid,1
Carl Gustav Jacob Jacobi,1
Gastrulation,1
Abstract data type,1
Lactose intolerance,1
RR Lyrae variable,1
Capacitive deionization,1
Render,1
Thymine,1
Acetate,1
Mean value theorem,1
Mandelbrot set,1
Shock wave,1
Lysis,1
Primer,1
Thin-film solar cell,1
Muscular dystrophy,1
Integral transform,1
Neanderthal,1
Addition reaction,1
Theta,1
Transformation,1
Pyrophosphate,1
the self-force ,1
African trypanosomiasis,1
Friedel-Crafts Acylation,1
Protein targeting,1
John Henry Poynting,1
Quantum harmonic oscillator,1
Cryovolcano,1
Robert H. Dicke,1
Cosmology,1
Epstein-Barr virus,1
Strange quark,1
Positive feedback,1
Josephson,1
Intelligence,1
Oda Nobunaga,1
Republic of Macedonia,1
Coronary circulation,1
Antihydrogen,1
Miller-Modigliani theorem ,1
High-temperature superconductivity,1
NP,1
Aryne,1
Heliosphere,1
Password cracking,1
James Prescott Joule,1
Coulomb's law,1
Hyperbolic,1
Jordan curve theorem,1
Lens,1
Cryptographically secure pseudorandom number generator,1
Von Neumann architecture,1
Sphingolipid,1
JAKs ,1
Mangrove,1
Spherical coordinate system,1
Hawking radiation,1
Inverse-square law,1
Magnetohydrodynamics,1
Air-free technique,1
Crustacean,1
Eugene,1
Ernest Rutherford,1
Folic acid,1
Lambda,1
Mechanical energy,1
Period,1
Lehmann discontinuity,1
Ziegler-Natta Catalyst ,1
Mauna Kea,1
Carnot cycle,1
Planet Nine,1
Nine-point circle,1
Penguin,1
Divide and conquer algorithms,1
Phospholipid,1
Leukorrhea,1
Close-packing of equal spheres,1
Maxwell-Boltzmann speed distribution ,1
Moulting,1
Pioneer,1
Enzyme,1
Ion channel,1
Spermatozoon,1
Henry Louis Le Châtelier,1
Carbon fixation,1
Density of states,1
Branch predictor,1
Mannich reaction,1
Molecular dynamics,1
Gravitational singularity,1
Human mitochondrial genetics,1
ABC,1
Double-slit experiment,1
Opiate,1
Fischer Esterification,1
Q,1
Astrocyte,1
Grassland,1
In situ hybridization,1
Planar,1
Quantum state,1
Convolution,1
William Shockley,1
Molar mass,1
Ring of integers,1
Catenary,1
Hans Adolf Krebs,1
Reducing agent,1
Zeeman e€ect,1
Software bug,1
Planck's law,1
Lindlar catalyst,1
Ecological succession,1
Ice age,1
Homogeneity and heterogeneity,1
Simple rational approximation,1
Microlensing Observations in Astrophysics,1
Isothiocyanate,1
Conservation law,1
Birch reduction,1
Sine,1
Queens,1
Rossby wave,1
Sense and reference,1
Robert D. Maurer,1
Interstellar cloud,1
Hepatitis C virus,1
Ionic liquid,1
Petasis reaction,1
Manifold,1
Aniline,1
Oxaloacetic acid,1
Hydrazone,1
Partial differential equation,1
Clebsch-Gordan Coefficients,1
Horizon problem,1
Seismic anisotropy,1
Listeria monocytogenes,1
Phobos,1
Sid Meier's Alpha Centauri,1
Frog,1
Vagina,1
Ocean acidification,1
Ergativity ,1
Transversion,1
Surface plasmon,1
Cantilever,1
Racemization,1
Self-assembled monolayer,1
Echidna,1
Fisher-Yates Shuffle,1
Precipitation (chemistry),1
Scientific control,1
Big Gemini,1
Gaussian elimination,1
Iguanodon,1
Newton's theorem of revolving orbits,1
Gauge theory,1
Conductor,1
Histone deacetylase,1
IPv6,1
Continuous symmetry,1
Color vision,1
Lamb,1
Maize,1
Lead scandium tantalate,1
Haldane,1
Guido Tonelli,1
Planarian,1
Alloy,1
Big Bang nucleosynthesis,1
Tobacco mosaic virus,1
Pathfinding,1
Neutral theory,1
Shield (disambiguation),1
Distributed computing,1
WORL,1
Singularity,1
Climate,1
Heritability,1
Instruction pipelining,1
Demyelinating disease,1
Binary search tree,1
Hydrogen line,1
Niobium,1
R,1
George Biddell Airy,1
Oligodendrocyte,1
Ferrocene,1
Glucagon,1
Notochord,1
Cluster,1
KT,1
Franck-Hertz experiment,1
Toxic shock syndrome,1
Information,1
Munchausen syndrome by proxy,1
Bubble sort,1
Rings of Jupiter,1
Iodide,1
Abelian,1
Quasicrystal,1
Breast cancer,1
Independent,1
Mesoscopic physics,1
Anti-pattern,1
Optical comparator,1
Diffraction topography,1
PH indicator,1
Charon,1
Transpiration,1
Karst,1
African clawed frog,1
Weathering,1
Rate equation,1
Basal body temperature,1
C++,1
Potts model,1
Horizon,1
Lagrange multiplier,1
Mammal,1
Point group,1
Boundedness,1
Estuary,1
Speed of light,1
B meson,1
Édouard Roche,1
Quadratic reciprocity,1
Bose-Einstein distribution ,1
Mantle (geology),1
White blood cell,1
Euclidean space,1
Dirichlet distribution,1
Craton,1
Methyl group,1
A15 phases,1
Sachs-Wolfe,1
Peroxidase,1
Ligase chain reaction,1
Independence,1
Boltzmann constant,1
Ehrenberg-Siday-Aharonov-Bohm effect,1
Substance P,1
Self-balancing binary search tree,1
Toxicity,1
Ludwig Prandtl,1
Mania,1
Leo Szilard,1
Oogenesis,1
Chua's circuit,1
Cold fusion,1
Vasodilation,1
Bose-Einstein condensates ,1
Sea level,1
Coal,1
Sackur-Tetrode Equation,1
Josiah Willard Gibbs,1
Galois group,1
Parenchyma,1
Deterministic finite automaton,1
Classical Kuiper belt object,1
Werner,1
Travelling salesman,1
Purkinje fibers,1
Damping,1
Hartree-Fock method ,1
Multiple integral,1
Hermann Joseph Muller,1
Conformational isomerism,1
Endocytosis,1
Scientific method,1
Magnetic impurity,1
White,1
Slater's rules,1
Tay-Sachs disease,1
Léon Brillouin,1
Protein kinase,1
Pluto,1
Crossing Over,1
Condensation reaction,1
Cycle,1
Dulong-Petit Law,1
Malpighian tubule system,1
Nazca Plate,1
Continuous function,1
Luria-Delbruck experiment ,1
Voting,1
Scrotum,1
Cryptographic hash function,1
Saddle point,1
Thermal equilibrium,1
Axiom of countability,1
Isidor Isaac Rabi,1
Stokes parameters,1
Stress tensor,1
Segmentation fault,1
General equilibrium theory,1
Mohorovicic Discontinuity ,1
Velociraptor,1
Transformer,1
Dendrochronology,1
Cross section,1
Ehrenberg-Siday-Aharonov-Bohm effect ,1
Gödel's incompleteness theorems,1
Molecular mass,1
Glutamic acid,1
Osmium,1
W and Z bosons,1
Boundary,1
Giant panda,1
Mitsunobu reaction,1
Dyson sphere,1
Emil Leon Post,1
Spin glass,1
Spin-orbit coupling,1
Antenna (radio),1
Sudoku,1
Interacting galaxy,1
Julian Schwinger,1
Reaction coordinate,1
Closure,1
Molecular motor,1
Irving Langmuir,1
Bessemer process,1
Fluid catalytic cracking,1
Ozonolysis,1
Kolmogorov-Arnold-Moser theorem ,1
Bubonic plague,1
Instability,1
Third trochanter,1
Princeton University,1
Ethylene oxide,1
Irrigation,1
Force,1
Probability,1
Isobaric process,1
Fresh water,1
Debye model,1
Graph coloring,1
Intermediate filament,1
Arthur Eddington,1
List of novae in the Milky Way galaxy,1
geographic range size ,1
House mouse,1
History of loop quantum gravity,1
Sodium hypochlorite,1
Eutrophication,1
Product,1
Distribution function,1
Buffer solution,1
Regular,1
P-adic number,1
Nondisjunction,1
Möbius aromaticity,1
Exclusive or,1
Op amp integrator,1
Graphite,1
Reinforcement,1
Stack (geology),1
Medial globus pallidus,1
Charge conservation,1
Generalized forces,1
De Vries,1
Complement system,1
Vera Rubin,1
H-theorem,1
Carbonate,1
Antimatter,1
Melvin Calvin,1
Magnetic isotope effect,1
Net (polyhedron),1
Guanine,1
Electroweak interaction,1
Major histocompatibility complex,1
Calorimeter,1
Fad,1
Rare earth element,1
Nicotiana,1
Proof,1
Lorand,1
Mucus,1
Actinide,1
SQL,1
Von Willebrand factor,1
Scale,1
Sun,1
Saponification,1
Aldol Condensation Reaction,1
Fruit fly,1
Steroid,1
Abyssal zone,1
Pnictogen,1
Oxygenase,1
Noncentral chi-squared distribution,1
Nucleosynthesis,1
Klein-Nishina,1
Irreducible polynomial,1
M-theory,1
Algorithm,1
Matter wave,1
DNA barcoding,1
Tyrosine-protein kinase CSK,1
Discrete,1
Annealing,1
Van Deemter equation,1
Alpha decay,1
Lectin,1
Cauchy-Riemann equations,1
Autodesk,1
Groom (disambiguation),1
Thin film,1
Atmosphere of Venus,1
Japan,1
Arctic,1
Nash equilibrium,1
Orion Nebula,1
S phase,1
Joule-Thomson effect ,1
Water vascular system,1
Neuromuscular junction,1
Inflammation,1
Obsessive-compulsive disorder,1
Urination,1
Notch,1
Octet rule,1
Didier Astruc,1
Femininity,1
Exact,1
Grace Hopper,1
Viridiplantae,1
Paul Ehrenfest,1
Size-exclusion chromatography,1
Cilium,1
Regression analysis,1
Pound-Rebka experiment,1
Leucine,1
Barrier island,1
Topology,1
Hydrocarbon,1
Thermocline,1
Barbiturate,1
Lungfish,1
HSAB theory,1
KARL,1
Homo erectus,1
Chaotian (geology),1
Cyclic nucleotide-gated ion channel,1
Cardiac arrhythmia,1
El Nino-Southern Oscillation ,1
Shale,1
Mid-ocean ridge,1
Fatigue,1
Fibonacci heap,1
Xerocomellus zelleri,1
Magellanic Clouds,1
Progesterone,1
Frontal lobe,1
Salt (cryptography),1
Magnetosphere,1
Fermentation,1
Polyurethane,1
CD160,1
Path integral,1
Sleep,1
Caffeine,0
Lead,0
N+1,0
Mohoroviei,0
Diels-Alder Reaction,0
Equilateral triangle,0
RSA (cryptosystem),0
Electrical network,0
Neonatal meningitis,0
Crop rotation,0
Permian mass extinction ,0
Platonic solid,0
Geyser,0
IP address,0
Allele,0
Hubble Space Telescope,0
Parallel postulate,0
Meningitis,0
Vitamin,0
12 (number),0
Protist,0
Mesozoic,0
Hypertext Transfer Protocol,0
Homo,0
Hershey-Chase experiment,0
Cyclic compound,0
Color charge,0
Potassium,0
Beta-Hydride elimination,0
Normal force,0
Autism spectrum,0
Mohorovicic discontinuity,0
Bose-Einstein condensates,0
Gould,0
Energy operator,0
Melting,0
WAVES,0
Noble gas,0
Virtual,0
Henderson-Hasselbalch Equation,0
Atom,0
N! conjecture,0
A,0
Amphoterism,0
Bird,0
Platypus,0
Binary star,0
Ernst,0
Square root,0
Srinivasa Ramanujan,0
Trapezoid,0
Wind chill,0
Covalent bond,0
William Faulkner,0
Van Allen radiation belt,0
Andromeda,0
Cereal,0
Negative number,0
The Mantle,0
Potentiometric titration,0
Cambridge,0
Zero of a function,0
Diameter,0
Metric,0
Antiparticle,0
Mirror,0
Rh blood group system,0
Thought experiment,0
Frobenius pseudoprime,0
Osteoarthritis,0
Cerebrum,0
Condensation,0
Epidermis,0
Factorization,0
Pheromone,0
Harmonic,0
Plasmodesma,0
Relativity,0
Carl Sagan Institute,0
Chlorofluorocarbon,0
Seawater,0
System of linear equations,0
Elastic collision,0
Hardy-Weinberg Equation/Law/Principle/Equilibrium,0
Lineweaver-Burk,0
Derivative (disambiguation),0
Magnetite,0
Diastole,0
Lennard-Jones potential,0
Adrien-Marie Legendre,0
Diels-Alder,0
Fret,0
Hair (musical),0
Pre-integration complex,0
Precambrian,0
Humphry Davy,0
Damodar River,0
Gabriel's Horn,0
Hydrophobe,0
Equation of state (cosmology),0
Meteor shower,0
Parallelogram,0
Pea,0
Dwarf,0
Cumulonimbus cloud,0
360,0
Reproduction,0
Menstrual cycle,0
Sexual reproduction,0
Millikan-Fletcher oil-drop experiment ,0
Cylinder,0
Electricity,0
Method,0
Rho Lupi,0
Congestion,0
Lanthanum,0
Construction of an irreducible Markov chain in the Ising model,0
Outer core,0
Hail,0
Charles Darwin,0
Hybridisation,0
Cretaceous-Tertiary extinction event ,0
Prefrontal cortex,0
"Tropical and subtropical grasslands, savannas, and shrublands",0
Vapour pressure of water,0
Fingerprint (disambiguation),0
Dmitri Mendeleev,0
Temperature record,0
Seabed,0
Gas,0
Law of holes,0
D,0
Mac OS X 10.2,0
Plasmid,0
Modular arithmetic,0
Migration,0
Species,0
Radiometric dating,0
Zero-product property,0
Asiatic,0
Cube,0
Pangaea,0
Flare,0
Stellar age estimation,0
Neoprene,0
Amber,0
inverse-square forces ,0
El Nino-Southern Oscillation,0
Agriculture,0
Rifts (role-playing game),0
Acceleration due to gravity,0
Pythagorean theorem,0
Nicolaus Copernicus,0
Cross product,0
Cytosine,0
Archimedes,0
Tone,0
Phenotype,0
Ultrasoft radiation,0
Kepler's laws of planetary motion,0
Andrey,0
UV/Visible spectroscopy ,0
Central processing unit,0
Arthritis,0
Tooth,0
Mathematical proof,0
Charles,0
Colon,0
Periodic table,0
Isocline,0
Presiding Officer of the Scottish Parliament,0
Cassiopeia,0
Square root of 2,0
Thermophoresis,0
Spell checker,0
Norman R. Augustine,0
Frame of reference,0
Hydrofluoric acid,0
Radio wave,0
Galvanic cell,0
Simple machine,0
Exponentiation,0
John Dalton,0
Limit (mathematics),0
Algebraic equation,0
Chemical bond,0
Hummingbird,0
Parabola,0
Heat,0
Higgs,0
Electron affinity,0
Slope,0
Hot cathode,0
Hibernation,0
Marginal revenue,0
Electron capture,0
Assertoric,0
Kidney stone,0
Color blindness,0
Oxypnictide,0
List of integrals of hyperbolic functions,0
Quantum number,0
Diagonal,0
Cytochrome c,0
Valve,0
Bee,0
Abiogenesis,0
Groundwater,0
Metric expansion of space,0
Supersaturation,0
Special right triangle,0
Root system,0
Tungsten,0
Static,0
Trojan,0
Pregnancy,0
Plum pudding model,0
extinction of the dinosaurs ,0
Series,0
Pascal's triangle,0
Euclid,0
Combustion,0
SuperPose,0
Maxima and minima,0
Ellipses,0
Polytetrafluoroethylene,0
Sonication,0
Vein,0
Enthalpy of vaporization,0
Absolute value,0
Oxidation state,0
Electrocardiography,0
Square,0
Excretory system,0
Clock,0
Schizophrenia,0
Radical,0
Lisp (programming language),0
Amine N-methyltransferase,0
Article,0
G,0
Gallium,0
VSOP (planets),0
Wisdom tooth,0
Alkaline earth metal,0
Smallpox,0
Freezing,0
Cube (algebra),0
Silent Spring,0
Rutherford gold foil experiment ,0
Fraktur,0
Seyfert galaxy,0
Magnitude,0
Adhesion G protein-coupled receptor,0
Bose-Einstein Condensate ,0
Mars 2,0
Tropical rainforest,0
Ergodic hypothesis,0
Komodo dragon,0
1/4,0
Coelom,0
Zeeman,0
Louis Agassiz,0
Femur,0
Solar flare,0
Rounding,0
Vibrio cholerae,0
Computer monitor,0
Z,0
Robert Hooke,0
Binomial,0
Chemical equilibrium,0
Lemniscate of Bernoulli,0
Thermal radiation,0
Harvey Jerome Brudner,0
Water on Mars,0
Absolute zero,0
Dominance,0
IO,0
Zygote,0
Hash,0
"DOTS (Directly Observed Treatment, Short-Course)",0
Okazaki fragments,0
Ectotherm,0
Thomas Graham,0
COA,0
Refrigeration,0
Allotropy,0
Least squares,0
Degree,0
9 (number),0
10 (number),0
Coloration,0
Galileo Galilei,0
Crater,0
Euler force,0
Partial derivative,0
Formal charge,0
Hall-Heroult process ,0
Edwin,0
Red-Black Trees ,0
Division,0
Plant,0
Plane,0
Blood,0
I,0
IP,0
JPEG,0
Dalton's law,0
Lorenz,0
Jon Hess,0
Immune system,0
Homeostasis,0
Louis Pasteur,0
Arithmetic,0
Candela,0
Island,0
Eclipse,0
Talc,0
Intermolecular force,0
Shark,0
Phobos And Deimos & Mars Environment,0
Highly composite number,0
Andrew Wiles,0
Brook Taylor,0
Artificial intelligence,0
Asymptote,0
List of meteorologists,0
Right angle,0
Ruby,0
Medes,0
Metre,0
Lactate,0
Paper,0
Hard disk drive,0
Layered intrusion,0
Krill,0
Google,0
Insect,0
Phase (matter),0
Troposphere,0
Antoine,0
Audio,0
Heron's formula,0
Beer-Lambert Law ,0
Lever,0
Caesium,0
Big Dipper (disambiguation),0
Electrical impedance,0
Epigenetics,0
Coulomb,0
Gustav,0
Externality,0
Protostar,0
Unsaturated hydrocarbon,0
Monte Carlo algorithm,0
Universal Studios,0
Plagioclase,0
Blaise Pascal,0
Quadratic,0
Centroid,0
De Morgan's laws,0
Yeast,0
Ear,0
Parallel,0
Erwin,0
Golgi,0
Salt,0
Neon,0
Enantiomer,0
Clostridium botulinum,0
Complex number,0
Vacuole,0
Endospore,0
Double bond,0
Cochlear implant,0
Halley's Comet,0
Circumference,0
Half-life,0
K,0
Rhodopsin,0
Benedict's reagent,0
Ciliate,0
Crystallography,0
Antiderivative,0
Cone,0
Differentiation,0
Calorie,0
Electrolyte,0
Darkness,0
Michelson-Morley Experiment,0
Septum,0
Principal quantum number,0
Amoeba,0
Identity function,0
Miller-Urey experiment,0
DNA synthesis,0
Polaris,0
Staining,0
List,0
Matter,0
Independence (probability theory),0
Distributive property,0
Linux,0
Continental crust,0
Friedrich Wöhler,0
Lightning,0
Game theory,0
Ferrofluid,0
Big Bang,0
Appendix (anatomy),0
Principia Mathematica,0
EX,0
Photosynthesis,0
Amedeo Avogadro,0
Hückel's rule,0
Atomic radius,0
Achromatic lens,0
Mariana Trench,0
Edward Wright (mathematician),0
EpsteinBarr virus ,0
Australopithecus,0
Phyletic gradualism,0
Concentration,0
Neutron cross section,0
Polychaete,0
Beryl,0
Carboxyglutamic acid,0
Pythagorean triple,0
Tangent,0
Bacteria,0
Asexual reproduction,0
Tarzan at the Earth's Core,0
Magnet,0
Transcendence,0
Stalagmite,0
Hill,0
Thomas Young,0
Graviton,0
Urey-Miller experiment,0
Angles,0
Reptile,0
Fast inverse square root,0
Triceratops,0
Parallelity,0
Optical illusion,0
Reversible reaction,0
France,0
Fog,0
Barium,0
Tundra,0
the Michelson-Morley experiment,0
Light,0
Luis Walter Alvarez,0
Dmitry,0
Work (physics),0
Diels-Alder Reaction ,0
Aerosol,0
Parasitism,0
Rectangle,0
Gulf Stream,0
Calculus,0
Hormone,0
Goto,0
Moss,0
Alkali metal,0
Liquid,0
Richter magnitude scale,0
Bowman's capsule,0
Anaerobic,0
Osmosis,0
Italy,0
Wolff-Kishner reduction ,0
Osteichthyes,0
ABO blood group system,0
Conic section,0
One half,0
Wrist,0
Marie Curie,0
Gottfried Wilhelm Leibniz,0
Marginal utility,0
Hexagon,0
Seismic wave,0
Daniel Quare,0
wave-particle duality ,0
Vestigiality,0
Academy,0
Bitmap,0
Kinetic,0
Internet,0
Snake,0
Genetic code,0
Tetrahedral molecular geometry,0
Thomas Edison,0
Tricyclic,0
Mohorovicic Discontinuity,0
Or,0
Skeleton,0
Infrared,0
Selective breeding,0
Anode,0
Ibiúna,0
Encryption,0
Discriminant,0
Miscibility,0
Apollo,0
Node,0
O,0
Square matrix,0
glyph1197AD ,0
Humidity,0
Bog,0
Skyscraper,0
Lymph node,0
Fritz Haber,0
Syllogism,0
Limaçon,0
Concorde TSP Solver,0
Szent-Gyorgi-Krebs cycle ,0
Pascal,0
Metalloid,0
Prism,0
Map,0
Transcendental number,0
Spontaneous generation,0
Composite number,0
Conway's Game of Life,0
7 (number),0
Orders of magnitude (entropy),0
acid-base titration,0
Shell,0
Galápagos Islands,0
Tetrapyrrole,0
Square kilometre,0
Ursa Major,0
Glass,0
Not,0
False positives and false negatives,0
Pulley,0
Enchinodermata ,0
Coastlines,0
Ampere,0
Anesthesia,0
Collision,0
New York University,0
Epileptic seizure,0
Radiation,0
Lakota,0
Joseph Priestley,0
Interquartile range,0
Newton's laws of motion,0
HTML,0
Intelligence quotient,0
Line,0
Ore,0
Arithmetic mean,0
Inertia,0
Green,0
Clay,0
Memory leak,0
Null,0
John Herschel,0
Parallax,0
Hermann Emil Fischer,0
Carnivorous plant,0
Kelvin,0
Quinone,0
Consonant,0
Weight,0
Giant squid,0
The Core,0
International Space Station,0
Natural logarithm,0
Eratosthenes,0
Cadmium,0
Gilbert Lewis,0
Binary number,0
Oxidase,0
Coefficient,0
Laws of thermodynamics,0
Eightfold Way,0
Gall,0
Conservatism,0
"Hardy-Weinberg principle, equilibrium,",0
Filtration,0
Omar Khayyam,0
Interference,0
Vertical bar,0
Buffer,0
Lactic acid,0
Dye,0
Fractal,0
Poliomyelitis,0
Solid,0
Fletcher-Millikan oil-drop experiment ,0
Complex conjugate,0
Rayleigh scattering,0
One-to-one,0
HIV/AIDS,0
Decibel,0
Neutralization (chemistry),0
Relative humidity,0
Henderson-Hasselbalch equation ,0
Hepatyrix,0
VSEPR theory,0
Random-access memory,0
Fundamental,0
Apothem,0
Bipedalism,0
Gymnosperm,0
Flatness,0
Call stack,0
Schrödinger's cat,0
Approximations of π,0
Argon,0
Relative permittivity,0
Blood type,0
Chemical force microscopy,0
Kinetics,0
Rosalind Franklin,0
Classical,0
Non-Euclidean geometry,0
Null allele,0
Thomas Hunt Morgan,0
Analytic,0
PITURARY,0
Methylation,0
Binomial theorem,0
Solution,0
Ductility,0
Radian,0
Founder effect,0
Daniel Bernoulli,0
Leonhard,0
Robert Boyle,0
Dwarf star,0
Eukaryote,0
Gram staining,0
Alexander Hamilton,0
Turing test,0
Predation,0
Taste bud,0
Tornado (disambiguation),0
Beta particle,0
Area,0
Cretaceous,0
Aufbau principle,0
Neoplasm,0
the Fletcher-Millikan oil-drop experiment ,0
Aurora,0
Magnetism,0
Boiling point,0
Anglerfish,0
Le Chatelier,0
Gas exchange,0
the square root of 674 units,0
Transitive relation,0
Rationality,0
Timeline of scientific experiments,0
Plate tectonics,0
Statistical hypothesis testing,0
Polymorphism,0
Quadratic function,0
Thermite,0
DebyeHuckel equation,0
Quintic function,0
Neurotransmitter,0
Predator (disambiguation),0
Lipid,0
Optical rotation,0
Kinetic theory of gases,0
Sedimentary rock,0
Hardy-Weinberg equilibrium ,0
Strategic Offensive Reductions Treaty,0
Curie,0
Cell (biology),0
Spring,0
Dominance (genetics),0
Arachnid,0
Flower,0
Correlation coefficient,0
Gill,0
Fats,0
Rabies,0
Fat,0
Single displacement reaction,0
Cleverdicks,0
Electrode potential,0
Tetraquark,0
Punnett square,0
Kite,0
Galaxy High,0
Icosahedron,0
Prisoner's dilemma,0
Growth factor,0
Addition,0
Asano contraction,0
Hardy-Weinberg principle ,0
Hertzsprung-Russell diagram,0
Electromagnetism,0
Carl Woese,0
Virgo,0
phenol-chloroform extraction ,0
Mandarin Chinese,0
Neutralization,0
Telescope,0
Parallel (geometry),0
Taiga,0
Photoelasticity,0
Lake Superior,0
Four Color,0
Dereference operator,0
Function,0
Windows 8.1,0
Mohs scale of mineral hardness,0
Closed set,0
Flame test,0
Xenon,0
Cyanide,0
"Sir George Stokes, 1st Baronet",0
Allotropes of oxygen,0
B3,0
