,46
Entropy,43
Friction,36
Diffusion,33
Mitochondrion,33
Momentum,33
Electronegativity,33
Angular momentum,32
Superconductivity,30
Doppler effect,30
Prime number,30
Electron,30
Viscosity,29
Chromatography,28
Gravity,27
Benzene,27
Boron,27
Water,26
Leonhard Euler,26
Hydrogen bond,26
Temperature,26
Distillation,26
Golgi apparatus,25
Refractive index,25
Black hole,24
Determinant,24
Ferromagnetism,24
Gibbs free energy,24
Polymer,24
Diffraction,24
Tree,23
Endoplasmic reticulum,23
Liver,23
Mass,23
Polynomial,23
Mercury,23
Sulfuric acid,23
Ammonia,22
Hemoglobin,22
Glacier,22
Titration,22
Mollusca,22
Fibonacci number,22
CONFIG.SYS,21
Carbon,21
Colloid,21
Neutrino,21
Ester,21
Alcohol,21
Laser,21
Reflection,21
Surface tension,21
Bernoulli's principle,21
Redox,20
Capacitor,20
ATP,20
Quartz,20
Lysosome,20
Iron,20
Neutron,20
Cnidaria,20
Stomach,20
Nernst equation,20
Heat capacity,20
Trigonometric functions,20
HIV,20
Antibody,20
Photon,20
Hall effect,19
Velocity,19
Cell membrane,19
Electric field,19
Enthalpy,19
Torque,19
Density,19
Albert Einstein,19
Sulfur,19
Power,19
Ribosome,19
Richard Feynman,19
Collagen,19
Echinoderm,19
Pressure,19
Calcium,19
Red blood cell,19
Ether,19
Halogen,19
Precession,18
Kinetic energy,18
Magnetic field,18
Nitrogen,18
Potential energy,18
Supernova,17
Avogadro constant,17
Kidney,17
Isaac Newton,17
Moment of inertia,17
Carbon dioxide,17
Alkyne,17
Carl Friedrich Gauss,17
Alzheimer's disease,17
Meiosis,17
Insulin,17
Michael Faraday,17
Proton,17
Pi,17
Thyroid,17
Aldehyde,17
Recursion,16
Cystic fibrosis,16
Feldspar,16
Enrico Fermi,16
Copper,16
Factorial,16
Plasma,16
Glycolysis,16
Phosphorus,16
Ozone,16
Cholesterol,16
PH,16
Infrared spectroscopy,15
Hydrogen,15
Titanium,15
Actin,15
Equilibrium constant,15
Radical (chemistry),15
Special relativity,15
Malaria,15
Oxygen,15
Alkene,15
Resistance,15
Mass spectrometry,15
Peroxisome,15
Second law of thermodynamics,15
Activation energy,15
Apoptosis,15
Polymerase chain reaction,15
RNA,15
Resonance,15
Xylem,14
Hooke's law,14
Ideal gas law,14
Helium,14
Uncertainty principle,14
Huntington's disease,14
DNA,14
Nuclear fusion,14
Acetylcholine,14
Henry's law,14
Circle,14
Sodium,14
Photoelectric effect,14
Pendulum,14
Nucleus,14
2 (number),14
Orion,13
Weak interaction,13
Acid,13
Capacitance,13
Amine,13
Amino acid,13
Niels Bohr,13
Diode,13
Matrix,13
Spin,13
Neuron,13
Kuiper belt,13
Microtubule,13
4 (number),13
Quasar,13
Mantle,13
Triangle,13
Zinc,13
Fungus,13
Coagulation,13
Electrical resistance and conductance,12
Refraction,12
Electric current,12
Fluorine,12
Noble gas,12
Scattering,12
Auxin,12
Flowering plant,12
Ketone,12
Small intestine,12
Arrhenius equation,12
Polarization,12
Brownian motion,12
Titan,12
Bacteriophage,12
Piezoelectricity,12
Michelson-Morley experiment,12
Quantum tunnelling,12
Van der Waals equation,12
Flagellum,12
Ideal gas,12
Simple harmonic motion,12
Pulsar,12
Crystal,12
Semiconductor,12
Convection,12
Serotonin,12
Enzyme,12
Venus,12
Neutron star,12
Max Planck,12
Silicon,12
Alan Turing,12
Volcano,12
Solubility,12
Hamiltonian,11
Chloroplast,11
Pancreas,11
Stem cell,11
Fault,11
Wave function,11
Coriolis force,11
1 (number),11
Hydrogen peroxide,11
Citric acid cycle,11
Transcription,11
Gibberellin,11
Ethanol,11
Cerebellum,11
Mars,11
Higgs boson,11
Light-independent reactions,11
Superfluidity,11
Sponge,11
Quark,11
Stratosphere,11
Pituitary gland,11
Tuberculosis,11
Prion,11
Galaxy,11
Oort cloud,11
X chromosome,11
Catalysis,11
Dark matter,11
Sine,11
Neptune,11
Speed of light,11
B cell,11
Subduction,11
Speed of sound,11
Volume,11
Drosophila melanogaster,11
Epinephrine,10
Voltage,10
Johannes Kepler,10
Jurassic,10
Derivative,10
Retina,10
Pierre de Fermat,10
Seafloor spreading,10
Comet,10
Jupiter,10
Heart,10
Aquifer,10
Paul Dirac,10
T cell,10
Atomic orbital,10
Sphere,10
Dopamine,10
White dwarf,10
Augustin-Louis Cauchy,10
Integer,10
Andromeda Galaxy,10
Luminosity,10
Acetic acid,10
Cloud,10
Vapor pressure,10
Phase transition,10
Integration,10
Chlorine,10
Strong interaction,10
Nuclear magnetic resonance spectroscopy,10
Electrolysis,10
Pointer,10
Lung,9
Electric charge,9
Spleen,9
Cambrian,9
General relativity,9
Magnesium,9
Harmonic oscillator,9
Isomer,9
Ampère's circuital law,9
Four color theorem,9
Iodine,9
Euclid,9
Axon,9
Nematode,9
Glucose,9
Array,9
Translation,9
Edwin Hubble,9
Wittig reaction,9
Fermat's Last Theorem,9
Eigenvalues and eigenvectors,9
Reduction,9
Escherichia coli,9
Sorting algorithm,9
Magnetic monopole,9
Black body,9
Ludwig Boltzmann,9
Soil,9
Urea,9
Histone,9
Carbon monoxide,9
3 (number),9
Transfer RNA,9
Nitric acid,9
Vitamin C,9
Hess's law,9
Epoxide,9
Joseph-Louis Lagrange,9
Compiler,9
Boiling point,9
Vector,9
Tropical cyclone,9
Conjugation,8
X-ray,8
Group,8
Polymerization,8
Transition state,8
Work,8
Dipole,8
Frequency,8
Brown dwarf,8
Wolfgang Pauli,8
Phloem,8
Carboxylic acid,8
Hydrochloric acid,8
Keratin,8
Time,8
0 (number),8
Gustav Kirchhoff,8
Raoult's law,8
Le Chatelier's principle,8
Real number,8
Earthquake,8
Greatest common divisor,8
Cosmic ray,8
Chlorophyll,8
Oil drop experiment,8
Prophase,8
Rotation,8
Flatworm,8
Amide,8
Peptidoglycan,8
Photosynthesis,8
Crab Nebula,8
Paramagnetism,8
Mutation,8
Protein folding,8
Transistor,8
Pauli exclusion principle,8
Partition function,8
Limestone,8
Stress,8
Newton's laws of motion,8
Lagrangian,8
Telomere,8
RNA interference,8
Orthomyxoviridae,8
Fractal,8
Aluminium,8
Hydrazine,8
Standard deviation,8
Tide,8
Turing machine,8
Ionosphere,8
Liquid crystal,8
Lithium,8
Leaf,7
Lev Landau,7
5 (number),7
Potassium,7
Linked list,7
Normal distribution,7
Surfactant,7
Phonon,7
DNA sequencing,7
Azide,7
Bone,7
Mean,7
Convex,7
Tornado,7
Distance,7
Cosmic microwave background,7
Wind,7
Lanthanide,7
Solar wind,7
Nickel,7
Heap,7
Genetic drift,7
Gallbladder,7
Ultraviolet,7
Zeeman effect,7
Combustion,7
Field,7
Spiral galaxy,7
Nuclear fission,7
Aromaticity,7
Atomic nucleus,7
Pion,7
Open,7
Gamma,7
Acceleration,7
Compton scattering,7
RuBisCO,7
Aorta,7
Caenorhabditis elegans,7
Helmholtz free energy,7
Sickle-cell disease,7
Haber process,7
Hyperbola,7
Nitrile,7
Delta,7
Cancer,7
Current,7
Hydrogenation,7
Gamma-Aminobutyric acid,7
Vitamin A,7
Fugacity,7
Java,7
String,7
Influenza,7
Quantum entanglement,7
Gamma-ray burst,7
Euler's totient function,7
Hydrogen atom,7
Chemical potential,7
Cochlea,7
Gel electrophoresis,7
Continuity,7
Commutative property,7
Searching,7
Drag,7
Pluto,7
Telomerase,7
Sun,7
Orthogonality,7
Sunspot,7
Gold,7
Lake,7
Function,7
Moon,6
Lattice energy,6
Georg Cantor,6
Gauss's law,6
Grignard reaction,6
Alpha particle,6
Diabetes mellitus,6
Blue,6
Gas constant,6
Desert,6
Placenta,6
Gluon,6
Thiol,6
Down syndrome,6
Speciation,6
Jacobus Henricus van 't Hoff,6
Pulmonary alveolus,6
Root,6
Lewis acids and bases,6
Abscisic acid,6
Inverse,6
Corundum,6
Hippocampus,6
Hardness,6
Amphibian,6
Pythagorean theorem,6
Van der Waals force,6
Estrogen,6
Nebula,6
Stamen,6
Beta,6
Transposable element,6
P53,6
Hysteresis,6
Beta decay,6
Glycine,6
Chromosome,6
Particle in a box,6
Anaphase,6
Muscle,6
Cyclohexane,6
Arsenic,6
Cherenkov radiation,6
Silver,6
Vitamin B12,6
Platelet,6
Indian reductions,6
Phosphate,6
Bernhard Riemann,6
Torus,6
Exponential function,6
Bases,6
Young's interference experiment,6
Chinese remainder theorem,6
Mica,6
Dimension,6
Adsorption,6
Uranium,6
Drag (physics),6
Cartilage,6
Operon,6
Archaea,6
Molecular orbital,6
Glycogen,6
Planck constant,6
Vitamin D,6
Ocean current,6
Acetone,6
8 (number),6
Antoine Lavoisier,6
Permutation,6
Hypha,6
Dark energy,6
Energy,6
Meristem,6
DNA replication,6
T-symmetry,6
Irrational number,6
Lactic acid,6
Symmetry,6
Svante Arrhenius,6
Thiamine,6
"William Thomson, 1st Baron Kelvin",6
Cepheid variable,6
6 (number),6
Adrenal gland,6
River,6
Buoyancy,6
Plate tectonics,6
Young's modulus,6
Buffer solution,6
Peter Debye,6
Graph,6
Cell wall,6
Spin (physics),5
Quantum computing,5
Snell's law,5
Saturn,5
Vorticity,5
Accretion disk,5
Bose-Einstein condensate ,5
Vesicle,5
Testosterone,5
WAVES,5
Vortex,5
Parkinson's disease,5
Resistor,5
Leprosy,5
Perfect number,5
Carbonic anhydrase,5
Stern-Gerlach experiment,5
Elias James Corey,5
Reynolds number,5
Red giant,5
Convergence,5
Gas chromatography,5
Tension,5
Completeness,5
Egg cell,5
Boyle's law,5
Inductor,5
Chelation,5
Fluorescence,5
Corona,5
Curvature,5
Total internal reflection,5
Thin-layer chromatography,5
Meissner effect,5
Central processing unit,5
Peroxide,5
El Niño,5
Sublimation,5
Igneous rock,5
Square number,5
Dwarf planet,5
Reaction rate constant,5
Ribozyme,5
Raman scattering,5
Phagocytosis,5
Fraktur,5
Maxwell's demon,5
Eye,5
Triton,5
Magnetic flux,5
Crystallization,5
Green fluorescent protein,5
Charge,5
Ionization energy,5
Population inversion,5
Multiplication,5
Fullerene,5
Siméon Denis Poisson,5
Ethylene,5
Dirac delta function,5
Equilibrium,5
Infinity,5
Electromagnetic induction,5
Quantum chromodynamics,5
Logarithm,5
Complex number,5
Mimicry,5
Waste collection,5
Erwin Schrödinger,5
Arthropod,5
Macrophage,5
Lightning,5
Diol,5
Cyclopropane,5
CP violation,5
Olivine,5
Robert Bunsen,5
Lincoln Near-Earth Asteroid Research,5
Gravitational wave,5
Chaos,5
Hyperconjugation,5
Mitosis,5
Earth's magnetic field,5
Cobalt,5
Differentiable function,5
Turbulence,5
Messenger RNA,5
Ligand,5
Virus,5
Circadian rhythm,5
Normal,5
Tetrahedron,5
Orbital,5
Chaos theory,5
Donald Knuth,5
Memory,5
Cytokinin,5
Spermatozoon,5
Restriction enzyme,5
Exoplanet,5
Nitrogen fixation,5
Corpus callosum,5
Electrical resistivity and conductivity,5
Random-access memory,5
Clausius-Clapeyron equation,5
Rational number,5
Diels-Alder reaction,5
Quicksort,5
C++,5
Josephson effect,5
Optical aberration,5
Virial theorem,5
Cretaceous,5
Leukemia,5
Granite,5
Gluconeogenesis,5
Antimatter,5
Wnt signaling pathway,5
Limit,5
Population size,5
Muon,5
Fundamental theorem of algebra,5
Chromium,5
Carbocation,5
Programming language,5
Sleep,5
Quantum Hall effect,4
Lead,4
Carmichael number,4
Magnetic potential,4
Penicillin,4
Star,4
Cholera,4
Linus Pauling,4
Carboniferous,4
Coral reef,4
Myelin,4
Trapezoid,4
Honey bee,4
Nephron,4
Carrying capacity,4
Reaction rate,4
Diamond,4
Centrifugation,4
Molecular orbital theory,4
Asteroid belt,4
Cerebrospinal fluid,4
Elimination reaction,4
Inequality,4
Hendrik Lorentz,4
Mössbauer effect,4
Stellar wind,4
J/psi meson,4
Electron configuration,4
Critical point,4
Lichen,4
Esophagus,4
Star formation,4
Brain,4
Chitin,4
Redshift,4
Urea cycle,4
Golden ratio,4
Species,4
Markov chain,4
Permian,4
Nuclear membrane,4
DNA polymerase,4
Fermat's little theorem,4
Diamagnetism,4
Archimedes,4
Fischer-Tropsch,4
Sorting,4
Kepler's laws of planetary motion,4
Chordate,4
Graphene,4
Chicken,4
Myosin,4
Phenolphthalein,4
Parabola,4
Ohm's law,4
Taylor series,4
Micelle,4
Helicase,4
James Clerk Maxwell,4
Citric acid,4
Skin,4
Linear programming,4
Electron transport chain,4
Orogeny,4
Monotreme,4
Numerical integration,4
Hubble's law,4
Femur,4
Chemical equilibrium,4
Melanin,4
Asthma,4
Poisson distribution,4
Amylase,4
Louis Pasteur,4
Taurus,4
Camp,4
Shark,4
Williamson ether synthesis,4
Olefin metathesis,4
Compact space,4
B vitamins,4
Kaon,4
"John William Strutt, 3rd Baron Rayleigh",4
Ion,4
Ovary,4
Holography,4
Buckminsterfullerene,4
Matrix multiplication,4
Formaldehyde,4
Yeast,4
Algae,4
Punctuated equilibrium,4
Euler characteristic,4
Ascomycota,4
DNA repair,4
Inner core,4
Enol,4
Y chromosome,4
Riemann zeta function,4
Alpha,4
Aldol condensation,4
Aquaporin,4
Thomas Young,4
Inflation (cosmology),4
Tyrosine,4
Electron microscope,4
Universe,4
Italy,4
Lagrangian point,4
Ylide,4
Imine,4
Phase diagram,4
Roger Penrose,4
Poynting vector,4
Encryption,4
Vacuum,4
Bile,4
Microscope,4
Cosmological constant,4
Asteroid,4
Photosystem II,4
Anemia,4
7 (number),4
Flux,4
Methane,4
Growth hormone,4
BCS theory,4
Na+/K+-ATPase,4
Neanderthal,4
Fourier transform,4
Meselson-Stahl experiment,4
Triple point,4
Intelligence,4
Lens,4
Hypothalamus,4
X-ray crystallography,4
Natural logarithm,4
Alkane,4
Histidine,4
Lava,4
Arabidopsis thaliana,4
Platinum,4
Phobos,4
Gymnosperm,4
Maize,4
White blood cell,4
Human papillomavirus,4
Elimination,4
Fitness,4
Lac operon,4
Carbonyl,4
Tay-Sachs disease,4
Adiabatic process,4
Syphilis,4
Force,4
Curie,4
Rainer Ludwig Claisen,4
Auger effect,4
Niacin,4
Claisen condensation,4
Gradient,4
Schrödinger equation,4
Histamine,4
Cilium,4
Topoisomerase,4
Taiga,4
Pentose phosphate pathway,4
Möbius strip,3
Deep inelastic scattering,3
Herpesviridae,3
Louis de Broglie,3
Particle number,3
Basis,3
Selection rule,3
Memristor,3
Sagittarius,3
Birefringence,3
Mantle plume,3
Bioluminescence,3
Fluid dynamics,3
Fine-structure constant,3
Cytokinesis,3
iron-sulfur proteins,3
Clemmensen reduction,3
Platypus,3
Density matrix,3
Square root,3
India,3
Mouse,3
Core,3
Andromeda,3
David Bohm,3
Maxwell's equations,3
Cerebrum,3
Capillary,3
Uterus,3
Gamma ray,3
Milky Way,3
Silurian,3
Relativity,3
Gravitational constant,3
Wavelength,3
ATP synthase,3
G protein,3
Equipartition theorem,3
Acid rain,3
Parallelogram,3
Basalt,3
Queue,3
Michaelis-Menten equation,3
Mesosphere,3
Fermion,3
Lepton,3
Shield volcano,3
Crystallographic defect,3
Calcite,3
Outer core,3
Spiral,3
Hail,3
Charles Darwin,3
Gilbert N. Lewis,3
Insulator,3
Light-emitting diode,3
Pollen,3
Active transport,3
Travelling salesman problem,3
Natural number,3
Large Hadron Collider,3
ADH,3
Odd,3
Sonic hedgehog,3
Protostars,3
Baryon,3
Spontaneous symmetry breaking,3
William Rowan Hamilton,3
Color,3
Ellipse,3
Sulfate,3
Osmotic pressure,3
Stoma,3
Silicate,3
Measurement,3
Tsunami,3
Cyclic adenosine monophosphate,3
Simple machine,3
John Dalton,3
Dynamic programming,3
Functional programming,3
Deuterium,3
Search algorithm,3
Melting point,3
Crown ether,3
Staphylococcus aureus,3
Hearing,3
Peter Gustav Lejeune Dirichlet,3
Series,3
Murray Gell-Mann,3
Ellipses,3
Shortest path problem,3
Knapsack problem,3
Schizophrenia,3
Rearrangement reaction,3
Monoclonal antibody,3
Antiferromagnetism,3
Davisson-Germer experiment,3
Thermoelectric effect,3
Vulcanization,3
Floating point,3
Moons of Jupiter,3
SN2 reaction,3
Gravitational lens,3
Matrix-assisted laser desorption/ionization,3
Spinal cord,3
Lysozyme,3
Triangle inequality,3
DNA ligase,3
Integrable system,3
Metaphase,3
Absolute zero,3
Genomic imprinting,3
Cellulose,3
Plant hormone,3
Interstellar medium,3
Dimethyl sulfoxide,3
Fertilisation,3
Galileo Galilei,3
Crystal field theory,3
Michael J. S. Dewar,3
Systemic lupus erythematosus,3
C4 carbon fixation,3
Bone tissue,3
Visual impairment,3
Continental drift,3
David Hilbert,3
Magnetic susceptibility,3
Hard disk drive,3
Johannes Diderik van der Waals,3
Splice,3
Infinite,3
Electric potential,3
Magnetic moment,3
Enteric nervous system,3
Circular dichroism,3
Cycloaddition,3
Electric dipole moment,3
Blaise Pascal,3
Colligative properties,3
Parallel,3
Bragg's law,3
Square planar molecular geometry,3
Vacuole,3
Double bond,3
Synchrotron radiation,3
DNA methylation,3
Crohn's disease,3
Beer-Lambert-Bouguer Law ,3
Michelson-Morley Experiment,3
Huffman coding,3
Fixed point,3
Internal energy,3
Triassic,3
Helicobacter pylori,3
Carbene,3
Linux,3
Axiom of choice,3
Urinary bladder,3
Nucleophile,3
Center of mass,3
Camille Jordan,3
Three-body problem,3
Sirius,3
Felix Bloch,3
Graves' disease,3
Ganymede,3
John von Neumann,3
Chirality,3
Boundary layer,3
Dune,3
Superstring theory,3
Laplace transform,3
Paradox,3
Relational database,3
Vitamin K,3
Fish,3
Parasitism,3
Metamorphic rock,3
Andrey Kolmogorov,3
Liquid,3
Salt (chemistry),3
Vector field,3
Osmosis,3
One half,3
Saliva,3
Hilbert space,3
Cirrus cloud,3
Tokamak,3
Bell's theorem,3
Mössbauer spectroscopy,3
Cell nucleus,3
Phototropism,3
Nuclear magnetic resonance,3
Cyanobacteria,3
Column chromatography,3
Fire,3
Raman spectroscopy,3
Curie temperature,3
Loop,3
Bryophyte,3
Marfan syndrome,3
Edward Teller,3
Steel,3
Pneumonia,3
Hotspot,3
Karyotype,3
Solar eclipse,3
Thermosphere,3
Ice,3
Cycloid,3
Bone marrow,3
Sequence,3
Cooling,3
Flask,3
Glass,3
Pulley,3
Uranus,3
Inertia,3
Kernel,3
Myoglobin,3
Indole,3
Coulomb's law,3
Base,3
Henderson-Hasselbalch equation,3
L'Hôpital's rule,3
Polarity,3
Phospholipid,3
Michael reaction,3
Phase rule,3
Filtration,3
Macular degeneration,3
Adipose tissue,3
Bubble,3
Noise,3
Hox gene,3
Central limit theorem,3
Cysteine,3
Vasopressin,3
CURL,3
Ionization,3
Azeotrope,3
Angle,3
Breast cancer,3
Independent,3
PH indicator,3
Solution,3
Mammal,3
GFP,3
Alpha helix,3
Bose-Einstein condensates ,3
Coal,3
Josiah Willard Gibbs,3
Centromere,3
Impedance,3
Halting problem,3
Manganese,3
Strain,3
Plasmodium,3
Positron,3
Cryptography,3
Uracil,3
Palladium,3
August Wilhelm von Hofmann,3
Ant,3
Gypsum,3
Solvent,3
Lipid,3
Kinetic theory of gases,3
Sedimentary rock,3
Stark effect,3
Data type,3
Elliptical galaxy,3
Sediment,3
Undecidable,3
Mitogen-activated protein kinase,3
Rabies,3
Calorimeter,3
Addition,3
Fruit fly,3
Nuclear pore,3
Thymus,3
Nash equilibrium,3
Octet rule,3
Jet stream,3
Sandmeyer reaction,3
Dienes,3
Homo erectus,3
Phase,3
Gibbs-Duhem equation ,3
Types of volcanic eruptions,3
Fermentation,3
Oncogene,2
Peterson olefination,2
Caffeine,2
Sugar,2
hydroboration-oxidation,2
Electrical network,2
Phylogenetic tree,2
Isospin,2
Duchenne muscular dystrophy,2
Electroplating,2
Waveguide,2
Homologous recombination,2
Aldosterone,2
Hubble Space Telescope,2
Parallel postulate,2
Meningitis,2
Protist,2
Neuroglia,2
Raney nickel,2
Parthenogenesis,2
Mesozoic,2
Friedmann equations,2
Vowel,2
Rheumatoid arthritis,2
Dispersion relation,2
Degradation,2
Work function,2
Normal force,2
S-wave,2
Woodward-Hoffman rules,2
Polyploid,2
Electrode,2
Calculus of variations,2
Intercalation (chemistry),2
Attention,2
Variable star,2
Inductance,2
Magma,2
Ocean,2
Fick's laws of diffusion,2
Python,2
Galois theory,2
Reversibility,2
Neutrophil,2
Logistic function,2
Bird,2
Scheduling (computing),2
Knot,2
Ergosphere,2
Covalent bond,2
Type,2
Geomagnetic reversal,2
Van Allen radiation belt,2
Boyle temperature,2
Negative number,2
Alcohol dehydrogenase,2
Nucleation,2
Klein-Nishina formula,2
Conservation of energy,2
Annelid,2
Condensation,2
Factorization,2
Pheromone,2
Set,2
Andrey Markov,2
Chirality (chemistry),2
Intron,2
Bisection,2
The Skin,2
Huygens' Principle ,2
Kruskal's algorithm,2
System of linear equations,2
Bipolar junction transistor,2
Mean free path,2
Segmental arteries of kidney,2
Steric effects,2
Electron paramagnetic resonance,2
Salt metathesis reaction,2
Integration by parts,2
Deposition,2
Archery at the 2007 Pan American Games,2
Adrien-Marie Legendre,2
Bit,2
Geometric phase,2
Gravitational redshift,2
Blood vessel,2
Hydrophobe,2
Debye-Huckel equation,2
Charles-Augustin de Coulomb,2
E²,2
Imidazole,2
Insulator (electricity),2
X-inactivation,2
Calorimetry,2
Sexual reproduction,2
Senescence,2
Luminiferous aether,2
Petroleum,2
Closed,2
Myocardial infarction,2
Complement,2
Antibiotics,2
Catecholamine,2
Trans,2
Klinefelter syndrome,2
Bose-Einstein Condensate,2
Fibonacci,2
Hash function,2
Stefan Banach,2
Cytochrome P450,2
Boiling,2
Sarcomere,2
Ising model,2
Generalized inverse,2
Centriole,2
Dmitri Mendeleev,2
Cephalopod,2
Goldstone boson,2
Heck reaction,2
Quantum dot,2
Supersymmetry,2
Hydride,2
Chromatin,2
Isotope,2
Genetic linkage,2
D,2
Plasmid,2
Tumor necrosis factor alpha,2
Modular arithmetic,2
Fighting Network Rings,2
Poisson bracket,2
Hypergeometric function,2
Cube,2
Genetic algorithm,2
Lift,2
Pangaea,2
Mersenne prime,2
Corey,2
Pseudorandom number generator,2
Holographic principle,2
Carl Sagan,2
Pierre Curie,2
Ferroelectricity,2
Countable set,2
Hyperbolic geometry,2
Osteoclast,2
Cross product,2
Huxley,2
Chandrasekhar limit,2
Amplitude modulation,2
Spline,2
Interferon,2
Tumor suppressor gene,2
Integrin,2
Particle size,2
Starch,2
Natural rubber,2
Respiration,2
Paclitaxel,2
Tooth,2
Permittivity,2
Degeneracy,2
Evaporation,2
Claude Shannon,2
Plasticity (physics),2
Max Born,2
Caspase,2
Galvanic cell,2
Tau,2
Exponentiation,2
Olfaction,2
Felix Klein,2
Residue,2
Red,2
Proteasome,2
Heat,2
Lactation,2
Homotopy,2
Tay-Sachs disease ,2
Modified Newtonian dynamics,2
Non-Newtonian fluid,2
Niels Henrik Abel,2
Marsupial,2
Streptococcus,2
Permafrost,2
Fern,2
Special right triangle,2
Bremsstrahlung,2
Object-oriented programming,2
Zebrafish,2
Root system,2
Induction,2
Ceres (dwarf planet),2
Nikola Tesla,2
Tungsten,2
Cope reaction,2
Superacid,2
Pregnancy,2
Pockels effect,2
extinction of the dinosaurs ,2
Maxima and minima,2
Turner syndrome,2
Polytetrafluoroethylene,2
Precipitation,2
Fluid,2
Nicotinamide adenine dinucleotide phosphate,2
Camillo Golgi,2
Renormalization,2
Critical mass (disambiguation),2
Vaccine,2
Anthrax,2
Integral,2
Clock,2
Buffer overflow,2
Euglenid,2
Adder,2
Pinacol,2
Nazarov cyclization reaction,2
Plasmon,2
Alkaline earth metal,2
Quantum inverse scattering method,2
Battery,2
Parsing,2
Even,2
Tensor,2
Pi bond,2
Kinesin,2
Galaxy rotation curve,2
Fast Fourier transform,2
Ettore Majorana,2
Diatom,2
Regular expression,2
Tau (particle),2
Flip-flop,2
Quadrilateral,2
Spermatogenesis,2
Hermann von Helmholtz,2
Hydroboration,2
Poisson's equation,2
Nocturnality,2
Thermodynamic temperature,2
Planetary nebula,2
Organometallic chemistry,2
Cosmid,2
Gregor Mendel,2
Human Genome Project,2
Charm quark,2
Frederick Sanger,2
Galaxy merger,2
Effective nuclear charge,2
Medulla oblongata,2
Robert Hooke,2
Vertex,2
Lemniscate of Bernoulli,2
Two-dimensional space,2
Dark nebula,2
Wilhelm Ostwald,2
Isostasy,2
Fourier series,2
Third law of thermodynamics,2
Acetyl-CoA,2
Graphics processing unit,2
Thalamus,2
Elliptic curve,2
Compressed hydrogen,2
Fractional quantum Hall effect,2
Stability,2
Moraine,2
Uniform distribution,2
Franck-Condon principle,2
Lorentz covariance,2
Miller-Urey experiment ,2
Thoracic diaphragm,2
Pain,2
Baeyer-Villiger oxidation,2
Dolomite,2
Erich Hückel,2
Crater,2
Potential,2
First law of thermodynamics,2
Main sequence,2
Chimpanzee,2
Plane,2
Blood,2
I,2
Irreducibility,2
Immune system,2
Saltation,2
Obesity,2
Fractional distillation,2
Ames test,2
Nuclear reactor,2
N-sphere,2
Crassulacean acid metabolism,2
Phobos And Deimos & Mars Environment,2
Starflight,2
Lymphatic system,2
Boltzmann equation,2
Cyclotron,2
Flow cytometry,2
Maximum flow problem,2
Vector potential,2
Artificial intelligence,2
George Boole,2
Atomic clock,2
Final Fantasy VIII,2
Lactate,2
Aspartic acid,2
Michelson-Morley experiment ,2
liquid-liquid extraction ,2
Urine,2
Radius,2
Wildfire,2
Binomial coefficient,2
Coherence,2
Pyridine,2
Retrotransposon,2
Bayes' theorem,2
Troposphere,2
Alternating current,2
Cyclone,2
Algebra,2
Glenn T. Seaborg,2
Galaxy formation and evolution,2
Transcription factor,2
Mycorrhiza,2
Addiction,2
Click chemistry,2
Carbon nanotube,2
Plagioclase,2
Acentric factor,2
Quadratic,2
Centroid,2
Larynx,2
Lebesgue integration,2
Ear,2
Triple bond,2
Partition function (statistical mechanics),2
Jan Oort,2
Western blot,2
Mach number,2
Number,2
Riboswitch,2
Halley's Comet,2
Half-life,2
Electrolyte,2
Chloroform,2
Thermal conduction,2
Zeolite,2
Amoeba,2
Lyme disease,2
Debye length,2
Antifungal,2
Interphase,2
Light-dependent reactions,2
Polaris,2
Malic acid,2
Data compression,2
RNA splicing,2
Linear regression,2
CRISPR,2
Cirque,2
Linus,2
String theory,2
List of types of interferometers,2
Boolean algebra,2
Psoriasis,2
Associative property,2
Skeletal muscle,2
Neurospora crassa,2
V,2
ELISA,2
Surface area,2
Spore,2
Big Bang,2
Lepidoptera,2
Edman degradation,2
River delta,2
Linearity,2
Hardy-Weinberg equilibrium,2
Sigma bond,2
Erosion,2
Principia Mathematica,2
Opacity,2
Markov process,2
Pyruvic acid,2
Nonsteroidal anti-inflammatory drug,2
Amedeo Avogadro,2
Hückel's rule,2
Atomic radius,2
Perovskite,2
Transition metal,2
Acetyl,2
BITS,2
Skull,2
Australopithecus,2
Sex ratio,2
Low-density lipoprotein,2
Barbara McClintock,2
Metamorphism,2
Ghrelin,2
Tebbe's reagent,2
Beta oxidation,2
Solvation,2
Hans Bethe,2
Saturation,2
Paramecium,2
Bacteria,2
Stephen Hawking,2
Time derivative,2
Orbit,2
Tarzan at the Earth's Core,2
Bubble chamber,2
Operational amplifier,2
Reverse transcriptase,2
Porosity,2
Fracture,2
Sigma,2
Compressibility,2
Dimer,2
Angles,2
Reptile,2
Dispersion,2
Gamma function,2
Snowflake,2
Cubic,2
Karl Weierstrass,2
Tundra,2
Light,2
TP53INP1,2
Zeta,2
mass-energy equivalence ,2
Hard,2
Hadley cell,2
Barr body,2
Rectangle,2
Gulf Stream,2
Born-Oppenheimer approximation,2
Monte Carlo method,2
Alkali metal,2
Parity (mathematics),2
Phenols,2
Solifluction,2
Atmospheric pressure,2
High-performance liquid chromatography,2
Nucleolus,2
Promoter,2
Vaporization,2
Paul Langerhans,2
Hexagon,2
Meson,2
Quantum electrodynamics,2
Aspirin,2
Bessel function,2
Big O notation,2
Myasthenia gravis,2
Time dilation,2
Infrared,2
Cygnus,2
O,2
Navier-Stokes equations,2
Rutherford scattering,2
Theodosius Dobzhansky,2
Work (thermodynamics),2
Octahedron,2
Bilirubin,2
Filter,2
Szent-Gyorgi-Krebs cycle ,2
Africa,2
Moons of Saturn,2
Porphyrin,2
Minkowski space,2
Dwarfism,2
Max,2
Johannes Rydberg,2
Dirac equation,2
Adiabatic theorem,2
Tyrannosaurus,2
Median,2
Thermal efficiency,2
William Herschel,2
London dispersion force,2
Disproportionation,2
Osborne Reynolds,2
Minimum spanning tree,2
Object,2
Schwarzschild radius,2
Dynein,2
Lysis,2
Muscular dystrophy,2
Wilhelm,2
Joseph Priestley,2
Phenylketonuria,2
HTML,2
Line,2
Quantum harmonic oscillator,2
Strangeness,2
Nitric oxide,2
Heliosphere,2
Quaternion,2
Von Neumann architecture,2
Progeria,2
Hawking radiation,2
DFT,2
Lambda,2
Moulting,2
International Space Station,2
Pioneer,2
Random walk,2
Pyrrole,2
Binary number,2
Laws of thermodynamics,2
Q,2
Turbidity,2
Convolution,2
Catenary,2
Planck's law,2
Ecological succession,2
Meteorite,2
Ice age,2
Variance,2
Homogeneity and heterogeneity,2
Jahn-Teller effect ,2
Schedule,2
Buffer,2
RAS,2
Cracking,2
Conservation law,2
Dye,2
Cosmic dust,2
Solid,2
Register,2
Partial differential equation,2
Phenylalanine,2
Saccharomyces cerevisiae,2
HIV/AIDS,2
VSEPR theory,2
Ocean gyre,2
Neural crest,2
Coeliac disease,2
Carbanion,2
Pafnuty Chebyshev,2
Alloy,2
Statistical power,2
Big Bang nucleosynthesis,2
Phenol,2
Climate,2
Blood type,2
Chemical force microscopy,2
Glucagon,2
Notochord,2
Bubble sort,2
Interpolation,2
Open cluster,2
Loess,2
Ductility,2
Founder effect,2
Racemic mixture,2
Anticline,2
Molar volume,2
Stokes' theorem,2
Boltzmann constant,2
WKB approximation,2
Aphasia,2
Suzuki reaction,2
Cold fusion,2
Damping,2
Endocytosis,2
Major depressive disorder,2
Aufbau principle,2
Interferometry,2
Magnetoresistance,2
Magnetism,2
Cycle,2
Linear map,2
Transformer,2
Gravity wave,2
Glutamic acid,2
Closure,2
Bessemer process,2
Thomas Bayes,2
Robinson annulation,2
Vision,2
Liquid helium,2
List of novae in the Milky Way galaxy,2
Neurotransmitter,2
Beach,2
Eutrophication,2
Product,2
Regular,2
Werner Heisenberg,2
Hardy-Weinberg equilibrium ,2
Spring,2
Flower,2
Cave,2
Richard Dedekind,2
Axion,2
Gill,2
Fats,2
Electroweak interaction,2
Dijkstra's algorithm,2
Integer factorization,2
Characteristic polynomial,2
Icosahedron,2
Prisoner's dilemma,2
Mucus,2
Actinide,2
SQL,2
Scale,2
Glycosylation,2
Quantum foam,2
Globular cluster,2
Hertzsprung-Russell diagram,2
3-sphere,2
Density functional theory,2
Bromine,2
Edsger W. Dijkstra,2
Eccentricity,2
Cyclin,2
Angular momentum coupling,2
Soliton,2
Algorithm,2
Optical fiber,2
Discrete,2
Triple-alpha process,2
Oxygen evolution,2
Liouville's theorem,2
Joule-Thomson effect ,2
Reaction inhibitor,2
Hydroxylammonium chloride,2
Quantum algorithm,2
Compass-and-straightedge construction,2
RNA polymerase II,2
Spherical harmonics,2
Diophantine equation,2
HOMO/LUMO,2
Thomson scattering,2
El Nino-Southern Oscillation ,2
Darwin's finches,2
Shale,2
Sunyaev-Zeldovich effect,2
Hausdorff space,2
Oxytocin,2
Flame test,2
Drumlin,2
Sard's theorem,2
Trans effect,2
Sonogashira coupling,1
Clebsch-Gordan coefficients,1
Thylakoid,1
Liquid bubble,1
Waggle dance,1
Jaundice,1
James Hopwood Jeans,1
Core Sound,1
Magnetic reconnection,1
Residual,1
N+1,1
Polar bear,1
Mohoroviei,1
Chemical shift,1
China,1
Signal recognition particle,1
Diels-Alder Reaction,1
Glutathione,1
Equilateral triangle,1
RSA (cryptosystem),1
Debugging,1
Occipital lobe,1
Toll-like receptor,1
Henry Maxwell Lyte,1
Fletcher-Milliken oil-drop experiment ,1
Synthetic seismogram,1
Botulinum toxin,1
Obsidian,1
Steam,1
Neonatal meningitis,1
Crop rotation,1
Amphibole,1
Permian mass extinction ,1
Functional magnetic resonance imaging,1
Charge-coupled device,1
Topological manifold,1
Platonic solid,1
Long-term potentiation,1
Steric factor,1
Geyser,1
Particle identification,1
Bolzano-Weierstrass Theorem,1
Rash,1
IP address,1
George Gamow,1
Allele,1
Georges Cuvier,1
Fragile X syndrome,1
Antiaromaticity,1
Vitamin,1
12 (number),1
Adaptive optics,1
Band-gap engineering,1
Learned helplessness,1
PKCS,1
Trp operon,1
Friedel-Crafts reactions,1
Cytokine,1
Douglas McAlpine,1
"Victoria Rooms, Bristol",1
Habitability of natural satellites,1
CNO cycle,1
Hypertext Transfer Protocol,1
the Maxwell-Boltzmann distribution ,1
Homo,1
Hershey-Chase experiment,1
Degenerate matter,1
J. Robert Oppenheimer,1
Fock matrix,1
Cyclic compound,1
Fermi gas,1
Methanol,1
Color charge,1
Hydrothermal vent,1
Latent heat,1
Llewellen Hilleth Thomas,1
Beta-Hydride elimination,1
Space-filling curve,1
Entanglement,1
Epstein-Barr virus ,1
muscular dystrophy,1
Poxviridae,1
Autism spectrum,1
Mohorovicic discontinuity,1
Bose-Einstein condensates,1
Charles Wheatstone,1
Fission (biology),1
Union,1
Albert Eschenmoser,1
Gould,1
Cisplatin,1
Beer-Lambert law,1
The Action,1
Latin square,1
Energy operator,1
Melting,1
Electrospray ionization,1
P-wave,1
Protoplanetary disk,1
Agnatha,1
Polytene chromosome,1
Social network,1
Particle accelerator,1
Gravitational two-body problem,1
Positive,1
El Niño Southern Oscillation ,1
JavaScript,1
Virtual,1
Leon Cooper,1
Landauer formula,1
Semi-empirical mass formula,1
Seismic tomography,1
Continuum hypothesis,1
Hartree-Fock Method ,1
Gravity Probe B,1
Hexagonal crystal system,1
Henderson-Hasselbalch Equation,1
Jordan,1
Atom,1
N! conjecture,1
Inner product space,1
Water-gas shift reaction,1
A,1
X-ray astronomy,1
Intrinsic factor,1
Big Crunch,1
Amphoterism,1
Kondo effect,1
Perspiration,1
Newton's method,1
Ethylenediaminetetraacetic acid,1
pahoehoe lava flows,1
Cofactor (biochemistry),1
Gran plot,1
Fresnel diffraction,1
Blum,1
Heart valve,1
Skew binomial heap,1
Nociception,1
Gastrin,1
Regev's theorem,1
Wolff-Kishner reduction,1
Random variable,1
Ligand (biochemistry),1
Serine,1
Richard Nixon,1
Born approximation,1
Molecule,1
Vomiting,1
Beta-Carotene,1
Burns,1
Red dwarf,1
Probability density function,1
Emission nebula,1
Mass (liturgy),1
Rhyolite,1
Binary star,1
Ernst,1
Srinivasa Ramanujan,1
Permian-Triassic extinction ,1
Amniote,1
Transketolase,1
Functional,1
Sanforization,1
Wind chill,1
Coupling reaction,1
Helix,1
William Faulkner,1
Simmons-Smith reaction,1
Fuel cell,1
Posterior nucleus of hypothalamus,1
Joule-Thomson,1
Orbital angular momentum,1
Latitude,1
Georg Wittig,1
Bicarbonate,1
finding the shortest path ,1
Kirkwood gap,1
G-type main-sequence star,1
Fault scarp,1
Cereal,1
Furan,1
Chen-Ning Yang,1
Action,1
Wolf-Rayet stars,1
GCD,1
Black-Scholes theory/formula/model/method,1
Software testing,1
Bowen's disease,1
The Mantle,1
Potentiometric titration,1
Makemake,1
Hideki Yukawa,1
Laschamp event,1
Electronic band structure,1
Glycoprotein,1
Cambridge,1
Zero of a function,1
Diameter,1
Mast cell,1
Metric,1
Ostwald process,1
Antiparticle,1
Mirror,1
sigmatropicreactions ,1
Cerebral palsy,1
Rh blood group system,1
Lysine,1
Atherosclerosis,1
Vibration,1
Hamiltonian mechanics,1
Cooper pair,1
Nitro compound,1
Robert Brown (Scottish botanist from Montrose),1
Thought experiment,1
Haworth,1
Harmonic function,1
Multinucleate,1
List of Iranian musicians,1
Upsilon1 Cassiopeiae,1
Ketogenesis,1
Homeopathy,1
Carl-Gustaf Rossby,1
Frobenius pseudoprime,1
Osteoarthritis,1
Nervous tissue,1
Felix Hausdorff,1
Chemical substance,1
Mott insulator,1
Epidermis,1
Necrosis,1
Stellar mass,1
Machine learning,1
Triphenylphosphine,1
Rotating black hole,1
Moons of Mars,1
Harmonic,1
P (complexity),1
Phytophthora,1
Molecular electronic transition,1
Purine,1
André-Marie Ampère,1
Plasmodesma,1
Exception,1
Tautomer,1
Diels-Alder reaction ,1
Carl Sagan Institute,1
Flight,1
Chlorofluorocarbon,1
Seawater,1
Thomas precession,1
Antoine equation,1
Omega,1
Banach-Tarski theorem,1
Epithelial-Mesenchymal Transition ,1
Heterosis,1
Elementary charge,1
Glyoxylic acid,1
Elastic collision,1
Hexadecimal,1
Scoliosis,1
Hardy-Weinberg Equation/Law/Principle/Equilibrium,1
odd order ,1
Lineweaver-Burk,1
Derivative (disambiguation),1
Magnetite,1
Ulcer,1
Ward-Takahashi Identities ,1
Radiocarbon dating,1
Origin of replication,1
Xenopus,1
Clebsch-Gordan coefficients ,1
Transit-timing variation,1
Karatsuba algorithm,1
Arthur Cayley,1
Diastole,1
Lennard-Jones potential,1
Brane,1
Free,1
Cell cycle,1
Diels-Alder,1
Fuzzy logic,1
Fret,1
Hair (musical),1
Active galactic nucleus,1
Baire category theorem,1
Leon Trotsky,1
Pre-integration complex,1
Metric tensor,1
Precambrian,1
Frank-Tamm,1
Humphry Davy,1
Atlantic Ocean,1
Periodicity,1
Flocculation,1
Adenosine,1
Damodar River,1
Thermal expansion,1
Amygdala,1
Gabriel's Horn,1
Equation of state (cosmology),1
Meteor shower,1
ITC,1
Lophophore,1
Vlasov equation,1
Hamilton-Jacobi equation,1
John,1
Reflex,1
Pea,1
Alkylation,1
Dynamo,1
Dwarf,1
Cumulonimbus cloud,1
Outlier,1
Gibbs-Duhem Equation,1
Turtle shell,1
Sieve,1
360,1
Bravais lattice,1
Santiago Ramón y Cajal,1
C,1
Stop codon,1
Characteristic,1
Blood sugar,1
Reproduction,1
Menstrual cycle,1
Millikan-Fletcher oil-drop experiment ,1
Cylinder,1
Tetragonal crystal system,1
Somite,1
Student's t-test,1
Atwood machine,1
Hypertension,1
Octocrylene,1
Infinitesimal strain theory,1
Sorted array,1
ntegrins ,1
Steady state (chemistry),1
Electricity,1
Weak,1
proton-proton chain ,1
Snow,1
Schoenberg-Chandrasekhar limit ,1
Dating,1
Method,1
Andreyev,1
Rho Lupi,1
Jet (particle physics),1
"This chemical promotes the production of the surfactant necessary for extrauterine lung function. This hormone damages the hippocampus, which is one of the areas most responsible for telling the hypothalamus to stop its production, leading to a positive feedback loop. One diagnostic tool for the cause of an excess of this hormone is the dexamethasone suppression test. Most of this hormone found in the blood is bound to ",1
Green's function,1
Infection,1
Potassium channel,1
Congestion,1
Glucose-6-phosphate dehydrogenase,1
Profile-guided optimization,1
Edman,1
Lanthanum,1
Vibrio,1
Niels,1
Fundamental theorem of arithmetic,1
Walther Nernst,1
Plankton,1
Deadweight loss,1
Construction of an irreducible Markov chain in the Ising model,1
Cook-Levin theorem,1
Magnesium battery,1
Transmethylation,1
Debye-Huckel equation ,1
Elasticity,1
Spectrophotometry,1
Simmons-Smith reaction ,1
Arousal,1
Hofmann rearrangement,1
Kinetic isotope effect,1
Planetary core,1
Frederick Soddy,1
Elliot-Yafet mechanism ,1
Coprime integers,1
Ideal,1
Neurofibromatosis,1
Hybridisation,1
Herbig-Haro objects,1
Julia olefination,1
Mesocyclone,1
Vulcanoid,1
Cope rearrangement,1
Downstream (petroleum industry),1
Cretaceous-Tertiary extinction event ,1
Echolocation,1
Series (mathematics),1
Prefrontal cortex,1
Polyp,1
Retrovirus,1
"Tropical and subtropical grasslands, savannas, and shrublands",1
Laplace's equation,1
Vapour pressure of water,1
Density (disambiguation),1
Degree of unsaturation,1
Organ of Corti,1
Legionnaires' disease,1
Fingerprint (disambiguation),1
ubstitution ,1
Peptide synthesis,1
Vilsmeier-Haack Reaction,1
Diprotic acid,1
John Lennard-Jones,1
Temperature record,1
Diphtheria,1
Tektite,1
Seabed,1
Electronic filter,1
Scattering amplitude,1
Immune tolerance,1
Gas,1
Law of holes,1
Richard F. Heck,1
Biodiversity,1
Survivorship curve,1
Crystal growth,1
Mac OS X 10.2,1
Atomic number,1
Mass diffusivity,1
Pollination,1
Pulmonary edema,1
Migration,1
Osteoporosis,1
Molar mass distribution,1
Vector space,1
Extraction,1
Magnesium stearate,1
Radiometric dating,1
Catfish,1
Coenzyme Q10,1
Bullet Cluster,1
Zero-product property,1
Luigi Galvani,1
Asiatic,1
Ubiquitin ligase,1
Spherical aberration,1
Muscle contraction,1
Pierre-Simon Laplace,1
Salmonella,1
Perturbation theory,1
Susceptibility,1
Tay-Sachs Disease,1
Cardiac muscle cell,1
FSA Utilities,1
Flare,1
Chromosomal translocation,1
Stellar age estimation,1
Heterogeneous ribonucleoprotein particle,1
Gene knockout,1
Cubic crystal system,1
Paul Erdos ,1
Neoprene,1
Monsato process,1
Amber,1
inverse-square forces ,1
El Nino-Southern Oscillation,1
Exosphere,1
Friedel-Crafts reaction ,1
Scale factor,1
Sackur-Tetrode equation,1
Statin,1
Creatinine,1
Bifurcation,1
Moons of Uranus,1
Hybrid,1
Agriculture,1
Rhizobia,1
The Third Power,1
Effective medium approximations,1
Radial velocity,1
Vault,1
Clustering,1
Rifts (role-playing game),1
Acceleration due to gravity,1
Tetrahydrofuran,1
Nicolaus Copernicus,1
Gabbro,1
Exciton,1
Index notation,1
Aziridine,1
Impulse,1
Childbirth,1
Root-Finding accept stuff like finding the zeros of an equation,1
Orbital hybridisation,1
Computer virus,1
18-electron rule,1
Finite-state machine,1
Threshold voltage,1
Cytosine,1
Tone,1
Beer-Lambert-Bouguer law,1
aza,1
Universality (dynamical systems),1
Darcy's law,1
Goldbach's weak conjecture,1
Phenotype,1
Vacuum polarization,1
Petrified wood,1
Ultrasoft radiation,1
Epistasis,1
Laplace operator,1
Church-Turing thesis ,1
Proline,1
Dirk Polder,1
Holomorphic function,1
Andrey,1
UV/Visible spectroscopy ,1
Pterosaur,1
Arthritis,1
Constant of motion,1
Lactam,1
Lymphoma,1
Two-state quantum system,1
Grashof number,1
Water vapor,1
Calcitonin,1
CfA2 Great Wall,1
Winged Victory of Samothrace,1
Mathematical proof,1
Magnetization,1
Robert Bruce Merrifield,1
Charles,1
Question mark,1
Colon,1
Periodic table,1
2008 Sichuan earthquake,1
RNA polymerase,1
Inductively coupled plasma,1
Oliver Heaviside,1
Exchange interaction,1
Mode-locking,1
Isocline,1
Sympatric speciation,1
Presiding Officer of the Scottish Parliament,1
Cassiopeia,1
Square root of 2,1
Thermophoresis,1
Magnetosphere of Jupiter,1
Spell checker,1
Divergence theorem,1
N-Formylpiperidine,1
Geomagnetic storm,1
Bird vocalization,1
Time complexity,1
Heat shock protein,1
Norman R. Augustine,1
Frame of reference,1
Tetrahymena,1
Hydrofluoric acid,1
Radio wave,1
Chaperone,1
Antidepressant,1
Louis Plack Hammett,1
Tower of Silence,1
Vocal folds,1
Smallpox vaccine,1
Reflection symmetry,1
World egg,1
Squaring the circle,1
Regenerative medicine,1
Bottom quark,1
Schwann cell,1
stress/strain curve,1
Mark and recapture,1
Terpenoid,1
Limit (mathematics),1
Monocotyledon,1
Algebraic equation,1
Thymidine kinase,1
Chemical bond,1
Finding,1
Order of reaction,1
Voltammetry,1
Hummingbird,1
Collision theory,1
Molecular diffusion,1
Detonation,1
ediment transportation ,1
Maxwell-Boltzmann Molecular Speed Distribution,1
Arginine,1
Octahedral molecular geometry,1
Newmark-beta method,1
Higgs,1
Lorentz factor,1
Lorentz-Mie scattering theory ,1
Double layer (surface science),1
Electron affinity,1
Annihilation,1
Statistic,1
red-black tree ,1
Richard Dawkins,1
Slope,1
Void (astronomy),1
Apollo 11,1
Reionization,1
Hot cathode,1
CD16,1
Hibernation,1
One group of compounds whose concentrations rise in response to this process includes serum amyloid A and C-reactive protein--those are APRs. This process is stimulated when C3a and C5a cause one type of cell to degranulate. One class of drugs used to inhibit this process work by inhibiting a cyclo-oxygenase which seeks to convert arachidonic acid into a type of eicosanoid known as the prostaglandins. This process is initiated when ,1
Category theory,1
Stefan-Boltzmann law ,1
Marginal revenue,1
Electron capture,1
Nicotine,1
Assertoric,1
Kidney stone,1
Color blindness,1
Oxypnictide,1
Iceberg,1
Lab rat (disambiguation),1
August,1
List of integrals of hyperbolic functions,1
Quantum number,1
Diagonal,1
Coil spring,1
Infant,1
Cytochrome c,1
Lowe sequence,1
Refrigerator,1
Ehrenberg-Siday-Aharonov-Bohm Effect,1
Beer-Lambert-Bouger Law,1
Valve,1
Constraint,1
Bee,1
Molecular beam epitaxy,1
Abiogenesis,1
Groundwater,1
Sparse matrix,1
Juventus F.C.,1
Karl Pearson,1
Reissner-Nordström Solution ,1
Metric expansion of space,1
Epilepsy,1
Descartes-Snellius law of refraction ,1
Photosystem I,1
Supersaturation,1
Testicle,1
X-shaped radio galaxy,1
Rod,1
Legendre-Frenchel transformation,1
Mix,1
Pons,1
Norbert Wiener,1
Ulna,1
RNA world,1
Kelvin-Helmholtz instability ,1
Wind wave,1
Static,1
Trojan,1
Korteweg-de Vries equation ,1
Decarboxylation,1
Radiation pressure,1
MOSFET,1
Scale factor (cosmology),1
Plum pudding model,1
Prostate cancer,1
CERN,1
Euler method,1
Metastasis,1
Stern-Gerlach experiment ,1
Bryophyta,1
Reverse transcription polymerase chain reaction,1
Pascal's triangle,1
Generator,1
Fujita scale,1
Max-flow min-cut theorem,1
Pleistocene,1
SuperPose,1
Iterative method,1
Genetic,1
Antimony,1
Markovnikov's rule,1
Matrix decomposition,1
Van 't Hoff equation,1
Grover's algorithm,1
Nuclear shell model,1
Ordovician,1
Rain,1
Geoid,1
Clausius-Mossotti relation ,1
Ferdinando Gliozzi,1
Acid dissociation constant,1
Thévenin's theorem,1
Sonication,1
Vein,1
Enthalpy of vaporization,1
Lambda calculus,1
Absolute value,1
Rho,1
Oxidation state,1
Salinity,1
Electrocardiography,1
Dwarf galaxy,1
Square,1
Dengue fever,1
Glasses,1
Baeyer-Villiger oxidation ,1
Purkinje cell,1
Excretory system,1
Stratigraphy,1
ISO 22000,1
Blue-footed booby,1
Electric flux,1
triphenylphosphene ,1
Villi,1
Radical,1
Lisp (programming language),1
Routing,1
Substance,1
Amine N-methyltransferase,1
Cell adhesion,1
Clinical urine tests,1
Satellite,1
Wheat,1
Joseph Liouville,1
Prandtl number,1
Hydrogen fluoride,1
Parathyroid hormone,1
Habitability of binary star systems,1
Plague,1
Applications of the calculus of variations,1
Article,1
Covariance,1
Voltaic pile,1
G,1
Swern oxidation,1
Gallium,1
Hydrolysis,1
Desmosome,1
VSOP (planets),1
Wisdom tooth,1
Oxbow lake,1
Opioid,1
Parity,1
Gauss-Markov Theorem,1
Octonion,1
Pre-exponential factor,1
Band gap,1
Smallpox,1
Freezing,1
Beer's law ,1
Kerr effect,1
Lake Vostok,1
List of acronyms: R,1
Cube (algebra),1
Utility,1
Geometrical frustration,1
Hyperglycemia,1
4 Vesta,1
Bernoulli,1
Silent Spring,1
Phenol-chloroform extraction,1
And,1
Rutherford gold foil experiment ,1
Fight-or-flight response,1
Eris (dwarf planet),1
Peano axioms,1
Hill sphere,1
Bayesian statistics,1
Theodore Lyman,1
Seyfert galaxy,1
Magnitude,1
Angiogenesis,1
Ophiuchus,1
Adhesion G protein-coupled receptor,1
The superoxide of this element is used in submarines to scrub carbon dioxide from the air and create oxygen gas. This element's bromide was once used to counter overactive libido. Although it is not magnesium,1
Eusociality,1
Bose-Einstein Condensate ,1
Mars 2,1
Tropical rainforest,1
Escherichia coli O157:H7,1
Ergodic hypothesis,1
Heavy water,1
Thermometer,1
Bose Einstein Condensate,1
Komodo dragon,1
Eocene,1
C-Jun N-terminal kinases,1
Toll,1
1/4,1
Heliospheric current sheet,1
Coelom,1
Retinoic acid,1
Contrail,1
Shock,1
Sympathetic nervous system,1
Quadtree,1
Zeeman,1
Louis Agassiz,1
Multiplicative inverse,1
Coronary artery disease,1
Elsässer,1
Einstein field equations,1
D-,1
Truss,1
Abelian group,1
George,1
Macula of retina,1
Solar flare,1
Indicator,1
Mountain range,1
Rounding,1
Pseudorandomness,1
Feit-Thompson theorem,1
Vibrio cholerae,1
Lempel-Ziv algorithm ,1
Compton wavelength,1
Diameter tape,1
Computer monitor,1
Halogenation,1
Rayleigh-Taylor instability,1
Primary production,1
Z,1
Water ice,1
Binomial,1
HSV,1
the Euler-Lagrange equations ,1
Acceptance sampling,1
Bing (bread),1
Pascal's law,1
Colluvium,1
law of conservation of electric charge,1
Thermal radiation,1
Harvey Jerome Brudner,1
Borane,1
Natural selection,1
Nuclear factor kappa B ,1
Academic genealogy of computer scientists,1
Water on Mars,1
Derechos,1
Cornea,1
EMF,1
Rigid body,1
Guard cell,1
Shear (geology),1
Pyroxene,1
Relational,1
Mars rover,1
Dominance,1
Constructed language,1
Root-finding algorithm,1
IO,1
Compilation,1
Permian-Triassic extinction event ,1
Prefix,1
Corey-Fuchs Reaction ,1
Chalconoid,1
Burgers vector,1
Recombination,1
Kim Jong-il,1
The Lonely Crowd,1
Ultraviolet catastrophe,1
Photomultiplier,1
Friedel-Crafts ,1
Zygote,1
Hash,1
"DOTS (Directly Observed Treatment, Short-Course)",1
Planar graph,1
Contact process,1
Organic acid anhydride,1
Okazaki fragments,1
Charles-Adolphe Wurtz,1
Two-body problem,1
Ectotherm,1
Thomas Graham,1
PES,1
COA,1
Refrigeration,1
Hardy-Weinberg Equilibrium/Principle/whatever,1
Migratory insertion,1
Allotropy,1
Trypsin,1
Chlamydia infection,1
Least squares,1
Degree,1
Metapopulation,1
9 (number),1
North Atlantic oscillation,1
Glycerol,1
10 (number),1
Coloration,1
Hyperreal number,1
Cooperativity,1
International trade,1
Euler force,1
Fault (geology),1
Partial derivative,1
Formal charge,1
Klein-Fock-Gordon equation ,1
Autophagy,1
Fatty acid,1
Metamorphosis,1
Windows XP Professional x64 Edition,1
Quantum,1
John Tukey,1
Chemical kinetics,1
Adolf von Baeyer,1
Node of Ranvier,1
Hall-Heroult process ,1
Edwin,1
Selenium,1
Bat,1
Angle trisection,1
Degrees of freedom,1
Bose-Einstein Condensation ,1
Red-Black Trees ,1
Conservative vector field,1
Division,1
Plant,1
Salt bridge (protein and supramolecular),1
Voyager program,1
p-n junction,1
Program optimization,1
Normal form,1
Group III intron,1
Schiff base,1
Twinning,1
Elasticity (economics),1
Dielectric,1
Priority queue,1
IP,1
Molecular clock,1
Gilman reagent,1
JPEG,1
Dalton's law,1
Lorenz,1
Metastability,1
Serum albumin,1
Physics,1
Wind turbine,1
Teruaki,1
Singular value decomposition,1
Sequence alignment,1
Jon Hess,1
Metallocene,1
List of things named after Charles Hermite,1
Dendritic cell,1
Pulmonary surfactant,1
Cytoskeleton,1
Homeostasis,1
Chromosome abnormality,1
Poisson's ratio,1
C. V. Raman,1
PATH (variable),1
Plasma oscillation,1
Femtochemistry,1
Phantom limb,1
complex electrical impedance ,1
Arithmetic,1
Cannibalism,1
Stephen Cole Kleene,1
Hamilton-Jacobi equation ,1
Candela,1
Commutator,1
Lenski's longterm E. coli evolution experiment ,1
Prussian blue,1
Glass transition,1
Subrahmanyan Chandrasekhar,1
Island,1
Eclipse,1
Wave velocity,1
Galvanization,1
Talc,1
Nuclear Overhauser effect,1
Intermolecular force,1
irrotational ‚ow ,1
Hall-Heroult process,1
Lucasian Professor of Mathematics,1
Highly composite number,1
Frame-dragging,1
Insertion,1
Myc,1
Quantitative trait locus,1
Great Attractor,1
Transitive closure,1
Absorption,1
Andrew Wiles,1
Botulism,1
Brook Taylor,1
Hydroformylation,1
Zeta potential,1
Young stellar object,1
boundary layer flows,1
Asymptote,1
List of meteorologists,1
Sulfonate,1
Billon (alloy),1
Specific,1
Right angle,1
Ruby,1
Serine protease,1
Medes,1
Bond length,1
Piltdown Man,1
Formic acid,1
Proton-pump inhibitor,1
Metre,1
Electrochemistry,1
X-ray photoelectron spectroscopy,1
Gaia hypothesis,1
Spectroscopy,1
Ossification,1
Homo floresiensis,1
Competitive inhibition,1
Oklo,1
Bacillus,1
Paper,1
Terminator,1
Jane Goodall,1
Ethylene glycol,1
Lobotomy,1
Apolipoprotein E,1
Pulsating white dwarf,1
Olbers' paradox,1
Cahn-Ingold-Prelog rules,1
Pacific Ocean,1
Debye-Huckel equation/theory,1
Broca's area,1
Parabolic,1
Red Queen,1
Layered intrusion,1
Krill,1
Google,1
Cortisol,1
Combination,1
Bowen,1
Molecular cloud,1
Attention deficit hyperactivity disorder,1
Insect,1
Cephalochordate,1
Alpine,1
Formate,1
Radio atmospheric,1
Taq polymerase,1
AVL tree,1
Beta-lactam,1
Monsoon,1
Phase (matter),1
Antoine,1
Svante,1
Audio,1
Molecular geometry,1
Hadron,1
Greedy algorithm,1
Boolean satisfiability problem,1
Cleavage (geology),1
Bellman-Ford algorithm,1
Heron's formula,1
Beer-Lambert Law ,1
Induced subgraph,1
Geostrophic current,1
Lever,1
Caesium,1
Genetic recombination,1
Riemann mapping theorem,1
Chloride,1
John Forbes Nash Jr.,1
Big Dipper (disambiguation),1
Electrical impedance,1
Weinberg angle,1
Artery,1
Chain rule,1
Randomness,1
Epigenetics,1
Coulomb,1
Radio-frequency identification,1
Cosmic censorship hypothesis,1
Gustav,1
Externality,1
Soil liquefaction,1
Protein sequencing,1
Simplex algorithm,1
Protostar,1
Drosophila embryogenesis,1
Wu experiment,1
Cahn-Ingold-Prelog,1
Plasma parameters,1
Unsaturated hydrocarbon,1
Schwarzschild metric,1
Monte Carlo algorithm,1
Nuclease,1
Universal Studios,1
Van,1
Compression,1
Ozone layer,1
Waveplate,1
De Morgan's laws,1
Muson Centre,1
Twistor theory,1
stress-energy tensor,1
Cytotoxic T cell,1
David R. Smith,1
Pigeonhole principle,1
Compact,1
Polymerase,1
Mitochondrial DNA,1
Madden-Julian oscillation ,1
Shading,1
Null hypothesis,1
Jones oxidation,1
Peroxy acid,1
Erwin,1
Bivalvia,1
Golgi,1
Salt,1
Prospect theory,1
Oscillation,1
Cascadia subduction zone,1
Chromosome 15 (human),1
Neon,1
Enantiomer,1
Clostridium botulinum,1
Ring,1
Feature detection,1
Error function,1
Expected value,1
Surjective function,1
Endospore,1
Bone morphogenetic protein,1
Cochlear implant,1
Emil Lang,1
Casimir-Onsager reciprocal relations ,1
cis/trans ,1
Collatz conjecture,1
Titin,1
Poincaré conjecture,1
Circumference,1
Hunsdiecker-Borodin reaction ,1
Ordinary differential equation,1
Eicosanoid,1
Microsatellite,1
K,1
Rhodopsin,1
Contact,1
PlanetPol,1
Benedict's reagent,1
Lyman-alpha line,1
Huygens's principle ,1
Ciliate,1
Crystallography,1
Pyrite,1
Gunn-Peterson,1
Spectral line,1
Barry M. McCoy,1
Antiderivative,1
Biofilm,1
Quinine,1
Cone,1
Differentiation,1
Calorie,1
Conductivity,1
Carbonate minerals,1
Darkness,1
"Murray ""T.N.T."" Gell-Mann",1
Chromosomal crossover,1
Lars Onsager,1
Brachistochrone curve,1
Flip-flops,1
Factoring,1
Methionine,1
Clausius Clapeyron equation,1
Fokker-Planck,1
Jean-Martin Charcot,1
Devil's Coulee Dinosaur Heritage Museum,1
Spindle apparatus,1
Europa,1
ROMP,1
Creatine,1
Poliovirus,1
Septum,1
Principal quantum number,1
Angular momentum operator,1
Complete metric space,1
Myogenesis,1
Relativistic programming,1
Antenna array,1
Diazonium compound,1
Phenyl group,1
Five-prime cap,1
Intel,1
Nucleophilic substitution,1
Iridium,1
Sonar,1
Variational principle,1
Boltzmann machine,1
Cytochrome,1
Energy level,1
Rhizobium,1
Identity function,1
Herpes simplex virus,1
New Worlds Mission,1
Symmetric group,1
Microwave,1
Despeciation,1
File system,1
Miller-Urey experiment,1
Q cycle,1
Fermionic condensate,1
DNA synthesis,1
Molybdenum,1
"Two members of this family cause an infant disease also known as sixth disease, roseola. Another member of this family causes benign lymph node tumors in Castleman's disease, though it was first identified as the causative agent of blotchy lesions often found on the face of AIDS patients. Besides Kaposi's Sarcoma-associated, another member of its gamma subfamily causes Burkett's Lymphoma, while members of its alpha subfamily lie dormant in nerves between outbreaks. For 10 points, name this virus family including the Epstein-Barr virus and the chicken pox-causing Varicella zoster, whose types 1 and 2,",1
Sackur-Tetrode equation ,1
Online algorithm,1
UV-vis spectroscopy ,1
Staining,1
B-tree,1
List,1
Stromatolite,1
Friction loss,1
Matter,1
Bracket,1
Chebyshev's inequality,1
Quadrupole,1
Absorbed dose,1
Symmetric polynomial,1
Noether's theorem,1
Richard M. Karp,1
Hofmann elimination,1
Dissolution,1
Independence (probability theory),1
Econometrics,1
Distributive property,1
Exchange spring magnet,1
Eutectic system,1
Hair cell,1
Horse,1
Field-programmable gate array,1
Three Tales (opera),1
Exception handling,1
Cellular differentiation,1
Panniculitis,1
Finite,1
Bowen's reaction series,1
Dieckmann condensation,1
Cold dark matter,1
Australopithecus africanus,1
Hall,1
Hydroxyl,1
Rotifer,1
Continental crust,1
Friedrich Wöhler,1
Miller-Urey Experiment,1
Science fiction,1
Peptide bond,1
spin relaxation,1
New Madrid,1
Mating,1
Drought,1
Game theory,1
Brachiopod,1
Rocket propellant,1
Armand-Augustin-Louis de Caulaincourt,1
Ferrofluid,1
Proteoglycan,1
Voronoi diagram,1
Appendix (anatomy),1
Adenylyl cyclase,1
N-Formylmethionine,1
Kinase,1
Sodium hydroxide,1
Lorentz transformation,1
Photographic film,1
Neutrino oscillation,1
Trilobite,1
The Cut,1
Web server,1
Hamiltonian (quantum mechanics),1
Arthur C. Cope,1
Separability,1
EM,1
Method of moments (statistics),1
Clausius-Clapeyron equation ,1
Cambium,1
Mutagenesis,1
Stroop effect,1
EX,1
Duplication,1
DebyeHückel equation,1
Gap junction,1
Gibbs-Duhem equation,1
Riemann surface,1
Isoprene,1
Cellular automaton,1
creep strain,1
Millimeter Anisotropy eXperiment IMaging Array,1
Hurricane Bob (1979),1
IC 1613,1
VEGF receptor,1
Young's,1
Cache,1
Solid-state nuclear magnetic resonance,1
TCP,1
Hydrogen ion,1
Hamiltonian path,1
Henri Poincaré,1
Normal (geometry),1
Sewage treatment,1
Antenna,1
Achromatic lens,1
London equations,1
Mariana Trench,1
Edward Wright (mathematician),1
EpsteinBarr virus ,1
Acetylation,1
Identity element,1
Locust,1
Biaxial nematic,1
Peter Higgs,1
Leptin,1
Jean-Baptiste,1
Diabetes mellitus type 2,1
Basel problem,1
Lie algebra,1
Phyletic gradualism,1
Seismometer,1
Concentration,1
Extinction,1
Chinese room,1
Neutron cross section,1
Polychaete,1
Electrophilic aromatic substitution,1
Pierre,1
Beryl,1
Ziegler-Natta catalyst,1
Carboxyglutamic acid,1
Pythagorean triple,1
Powder diffraction,1
Richard E. Bellman,1
Material derivative,1
Clostridium,1
Avalanche,1
Net neutrality,1
Ramsauer-Townsend effect ,1
Beta cell,1
Tangent,1
Muller's ratchet,1
Baryon number,1
Asexual reproduction,1
Magnet,1
Exponential distribution,1
The,1
Microscopy,1
Hydrotherapy,1
Blood transfusion,1
Transcendence,1
Mechanistic target of rapamycin,1
Stalagmite,1
Symmetry in quantum mechanics,1
Cantor set,1
Analog-to-digital converter,1
Davisson Germer,1
Dwarf Stars Award,1
Terminal velocity,1
Laser cooling,1
Casimir effect,1
Caesium fluoride,1
Method of images,1
Hill,1
Disulfide,1
Ring system (astronomy),1
Ehrenfest theorem,1
Electron degeneracy pressure,1
Graviton,1
CPU cache,1
Anaphase-promoting complex,1
Lens (anatomy),1
Lymph,1
Cosmic Background Explorer,1
Mathematical optimization,1
Sea ice,1
Target peptide,1
Embryonic stem cell,1
Urey-Miller experiment,1
Dynamo theory,1
3/2,1
Boson,1
Electric power,1
Control system,1
Fast inverse square root,1
Triceratops,1
Pump,1
Parallelity,1
"James Lindsay, 3rd Baron Lindsay of Birker",1
Optical illusion,1
Pruning,1
Southern blot,1
Reversible reaction,1
France,1
Fog,1
Ludwig Gattermann,1
Satisfiability,1
Equality,1
Flory-Huggins theory,1
Barium,1
Centaur,1
the Michelson-Morley experiment,1
Centrosome,1
Thunderstorm,1
Coulomb collision,1
Interactive proof,1
Sea,1
Greenhouse effect,1
Anisotropy,1
Satyendra Nath Bose,1
Luis Walter Alvarez,1
Little string theory,1
Dmitry,1
Focal length,1
René Descartes,1
Prior,1
Theodore von Kármán,1
Work (physics),1
August Ferdinand Möbius,1
Poisson point process,1
Diels-Alder Reaction ,1
Aerosol,1
Newton's law of cooling,1
Diarrhea,1
Cross section (physics),1
Drainage system (geomorphology),1
Fossil,1
Feather,1
Seven Bridges of Königsberg,1
Ziegler-Natta catalysts,1
Calculus,1
Boolean expression,1
Hormone,1
Goto,1
Greenhouse gas,1
Moss,1
Empirical distribution function,1
Green-Tao,1
Glaucoma,1
Free energy,1
N,1
Type Ia supernova,1
Law of large numbers,1
Membrane transport protein,1
Gravitational potential,1
Richter magnitude scale,1
Bowman's capsule,1
Meselson-Stahl experiment ,1
Virtual memory,1
Capsaicin,1
perixosome,1
Pelagic sediment,1
Feynman diagram,1
Measure,1
Anaerobic,1
Retrograde and prograde motion,1
Proxima Centauri,1
Wolff-Kishner reduction ,1
Salivary gland,1
Redlich-Kwong,1
Hulse-Taylor,1
Translocation,1
Electric potential energy,1
Adolf Eugen Fick,1
DLVO theory,1
Osteichthyes,1
Madelung constant,1
ABO blood group system,1
Second-order,1
Conic section,1
phosphorylation factor-ATP synthase ,1
Precursor mRNA,1
Wrist,1
cryorefrigerator ,1
Lotka-Volterra Equations,1
Marie Curie,1
Gottfried Wilhelm Leibniz,1
Marginal utility,1
MHC class I,1
Ageing,1
Asymptotic freedom,1
Zircon,1
Ackermann function,1
Path integral formulation,1
Seismic wave,1
Cassini-Huygens Mission ,1
Daniel Quare,1
Lustre,1
wave-particle duality ,1
Vestigiality,1
Academy,1
Bitmap,1
Jürgen Ehlers,1
Magnetic quantum number,1
Gastropoda,1
Kinetic,1
Atoll,1
Muscle tissue,1
Pedigree,1
Internet,1
Boule (crystal),1
Cushing's syndrome,1
Wigner effect,1
Metallicity,1
Monsanto process,1
Bairstow's method,1
Snake,1
Genetic code,1
Compressibility factor,1
Kepler (spacecraft),1
DIIS,1
Archaeopteryx,1
Tetrahedral molecular geometry,1
Nikolai,1
Thomas Edison,1
Jahn-Teller Effect/Distortion,1
Tricyclic,1
Chi-squared distribution,1
Legendre polynomials,1
Bose-Einstein condensate,1
Tryptophan,1
Position,1
Mohorovicic Discontinuity,1
Or,1
Hypersphere,1
Sertoli cell,1
Alanine,1
Skeleton,1
Symmetric matrix,1
Amyotrophic lateral sclerosis,1
Biomass,1
Selective breeding,1
Anode,1
Ibiúna,1
Metaphysics,1
Ubiquitin,1
limbic-hypothalamic-pituitary-adrenal-gonadotropic axis,1
Virgo Cluster,1
Sandstone,1
Pigeonhole,1
R/K selection theory,1
Magnetar,1
Wavelet,1
Nitrous oxide,1
Joseph Fourier,1
Romulus and Remus,1
Email,1
Butterfly,1
Photorespiration,1
Charles David Keeling,1
Discriminant,1
Hidden variable theory,1
Miscibility,1
Permeability (electromagnetism),1
Apollo,1
Node,1
Abraham de Moivre,1
Square matrix,1
Radiative transfer,1
glyph1197AD ,1
Humidity,1
Bog,1
Oxidative phosphorylation,1
Domain,1
Hiram Maxim,1
Osmium tetroxide,1
Error detection and correction,1
Angelman syndrome,1
Scar,1
Karl Barry Sharpless,1
Fusor,1
Walter H. Schottky,1
Skyscraper,1
Ventricle,1
Action (physics),1
Qubit,1
Lymph node,1
meltingpoint,1
KCDSA,1
Fritz Haber,1
Composite,1
Habitat fragmentation,1
Fructose,1
Runge-Kutta method,1
Immunoglobulin E,1
Bond,1
Cold Atom Laboratory,1
Syllogism,1
Morphine,1
Fermi surface,1
Limaçon,1
Friedel-Crafts acylation,1
Water content,1
Nuclear weapon,1
Concorde TSP Solver,1
Pioneer program,1
Stellar population,1
Emmy Noether,1
Firewall,1
Dolphin,1
Bijection,1
Pascal,1
Wilson's disease,1
Frost diagram,1
Blastula,1
Pair production,1
Computer graphics,1
Metalloid,1
Linear independence,1
Hydrogen cyanide,1
A Brief History of Time,1
Tully-Fisher relation/law,1
Prism,1
Curtius,1
Subclavian artery,1
Hexokinase,1
Map,1
Transcendental number,1
Organic semiconductor,1
the Navier-Stokes equations,1
Conformal map,1
Spontaneous generation,1
Linear least squares,1
SN1 reaction,1
Composite number,1
Conway's Game of Life,1
T3,1
Halite,1
Acidity function,1
Orders of magnitude (entropy),1
acid-base titration,1
Allergy,1
Shell,1
Anton Zeilinger,1
Hexosaminidase,1
Fermi-Pasta-Ulam experiment/problem ,1
Geometric transformation,1
BLAST,1
Dispersion (optics),1
Galápagos Islands,1
Ergodicity,1
Hartree-Fock ,1
Tetrapyrrole,1
Hydra,1
Spider mite,1
Square kilometre,1
Ursa Major,1
Cipher,1
Not,1
False positives and false negatives,1
Activity coefficient,1
Enchinodermata ,1
Membrane potential,1
Coastlines,1
Quantization,1
Epstein-Barr,1
P,1
Group selection,1
Clique problem,1
Metrization theorem,1
Salicylic acid,1
Ampere,1
Carl Gustav Jacob Jacobi,1
Gastrulation,1
Abstract data type,1
Lactose intolerance,1
Anesthesia,1
RR Lyrae variable,1
Capacitive deionization,1
Render,1
Thymine,1
Acetate,1
Collision,1
Mean value theorem,1
Mandelbrot set,1
Shock wave,1
Primer,1
Thin-film solar cell,1
Integral transform,1
New York University,1
Epileptic seizure,1
Radiation,1
Lakota,1
Interquartile range,1
Addition reaction,1
Theta,1
Transformation,1
Pyrophosphate,1
the self-force ,1
African trypanosomiasis,1
Friedel-Crafts Acylation,1
Protein targeting,1
John Henry Poynting,1
Intelligence quotient,1
Ore,1
Arithmetic mean,1
Cryovolcano,1
Robert H. Dicke,1
Cosmology,1
Epstein-Barr virus,1
Green,1
Clay,1
Strange quark,1
Positive feedback,1
Josephson,1
Oda Nobunaga,1
Memory leak,1
Null,1
Republic of Macedonia,1
Coronary circulation,1
Antihydrogen,1
Miller-Modigliani theorem ,1
John Herschel,1
High-temperature superconductivity,1
NP,1
Aryne,1
Parallax,1
Password cracking,1
James Prescott Joule,1
Hermann Emil Fischer,1
Carnivorous plant,1
Kelvin,1
Hyperbolic,1
Jordan curve theorem,1
Cryptographically secure pseudorandom number generator,1
Sphingolipid,1
JAKs ,1
Quinone,1
Mangrove,1
Consonant,1
Spherical coordinate system,1
Inverse-square law,1
Magnetohydrodynamics,1
Air-free technique,1
Crustacean,1
Eugene,1
Ernest Rutherford,1
Folic acid,1
Weight,1
Mechanical energy,1
Giant squid,1
Period,1
Lehmann discontinuity,1
Ziegler-Natta Catalyst ,1
Mauna Kea,1
The Core,1
Carnot cycle,1
Planet Nine,1
Nine-point circle,1
Penguin,1
Divide and conquer algorithms,1
Leukorrhea,1
Close-packing of equal spheres,1
Maxwell-Boltzmann speed distribution ,1
Ion channel,1
Eratosthenes,1
Henry Louis Le Châtelier,1
Cadmium,1
Gilbert Lewis,1
Carbon fixation,1
Density of states,1
Branch predictor,1
Mannich reaction,1
Oxidase,1
Molecular dynamics,1
Gravitational singularity,1
Coefficient,1
Human mitochondrial genetics,1
ABC,1
Double-slit experiment,1
Eightfold Way,1
Opiate,1
Fischer Esterification,1
Gall,1
Conservatism,1
Astrocyte,1
Grassland,1
In situ hybridization,1
Planar,1
Quantum state,1
William Shockley,1
Molar mass,1
"Hardy-Weinberg principle, equilibrium,",1
Ring of integers,1
Hans Adolf Krebs,1
Reducing agent,1
Zeeman e€ect,1
Software bug,1
Omar Khayyam,1
Lindlar catalyst,1
Interference,1
Simple rational approximation,1
Microlensing Observations in Astrophysics,1
Vertical bar,1
Isothiocyanate,1
Birch reduction,1
Poliomyelitis,1
Queens,1
Rossby wave,1
Sense and reference,1
Robert D. Maurer,1
Interstellar cloud,1
Hepatitis C virus,1
Ionic liquid,1
Petasis reaction,1
Manifold,1
Aniline,1
Oxaloacetic acid,1
Hydrazone,1
Clebsch-Gordan Coefficients,1
Horizon problem,1
Fletcher-Millikan oil-drop experiment ,1
Seismic anisotropy,1
Listeria monocytogenes,1
Complex conjugate,1
Rayleigh scattering,1
Sid Meier's Alpha Centauri,1
Frog,1
Vagina,1
One-to-one,1
Ocean acidification,1
Decibel,1
Ergativity ,1
Transversion,1
Surface plasmon,1
Neutralization (chemistry),1
Cantilever,1
Racemization,1
Relative humidity,1
Self-assembled monolayer,1
Echidna,1
Henderson-Hasselbalch equation ,1
Hepatyrix,1
Fisher-Yates Shuffle,1
Precipitation (chemistry),1
Scientific control,1
Big Gemini,1
Gaussian elimination,1
Iguanodon,1
Fundamental,1
Newton's theorem of revolving orbits,1
Gauge theory,1
Apothem,1
Conductor,1
Bipedalism,1
Histone deacetylase,1
IPv6,1
Flatness,1
Continuous symmetry,1
Color vision,1
Lamb,1
Call stack,1
Schrödinger's cat,1
Lead scandium tantalate,1
Haldane,1
Guido Tonelli,1
Planarian,1
Tobacco mosaic virus,1
Approximations of π,1
Pathfinding,1
Neutral theory,1
Shield (disambiguation),1
Distributed computing,1
WORL,1
Argon,1
Singularity,1
Relative permittivity,1
Heritability,1
Instruction pipelining,1
Demyelinating disease,1
Kinetics,1
Binary search tree,1
Hydrogen line,1
Niobium,1
R,1
George Biddell Airy,1
Rosalind Franklin,1
Oligodendrocyte,1
Ferrocene,1
Classical,1
Non-Euclidean geometry,1
Cluster,1
KT,1
Null allele,1
Franck-Hertz experiment,1
Toxic shock syndrome,1
Information,1
Munchausen syndrome by proxy,1
Thomas Hunt Morgan,1
Rings of Jupiter,1
Analytic,1
Iodide,1
Abelian,1
Quasicrystal,1
Mesoscopic physics,1
Anti-pattern,1
PITURARY,1
Optical comparator,1
Diffraction topography,1
Charon,1
Transpiration,1
Karst,1
African clawed frog,1
Weathering,1
Methylation,1
Binomial theorem,1
Rate equation,1
Basal body temperature,1
Potts model,1
Radian,1
Horizon,1
Lagrange multiplier,1
Point group,1
Boundedness,1
Estuary,1
B meson,1
Édouard Roche,1
Quadratic reciprocity,1
Bose-Einstein distribution ,1
Daniel Bernoulli,1
Mantle (geology),1
Leonhard,1
Euclidean space,1
Robert Boyle,1
Dirichlet distribution,1
Craton,1
Dwarf star,1
Eukaryote,1
Methyl group,1
A15 phases,1
Gram staining,1
Alexander Hamilton,1
Sachs-Wolfe,1
Peroxidase,1
Ligase chain reaction,1
Independence,1
Ehrenberg-Siday-Aharonov-Bohm effect,1
Substance P,1
Self-balancing binary search tree,1
Toxicity,1
Turing test,1
Ludwig Prandtl,1
Mania,1
Leo Szilard,1
Predation,1
Oogenesis,1
Chua's circuit,1
Vasodilation,1
Sea level,1
Sackur-Tetrode Equation,1
Taste bud,1
Galois group,1
Parenchyma,1
Deterministic finite automaton,1
Classical Kuiper belt object,1
Tornado (disambiguation),1
Werner,1
Beta particle,1
Travelling salesman,1
Purkinje fibers,1
Hartree-Fock method ,1
Multiple integral,1
Hermann Joseph Muller,1
Area,1
Conformational isomerism,1
Scientific method,1
Neoplasm,1
Magnetic impurity,1
the Fletcher-Millikan oil-drop experiment ,1
White,1
Slater's rules,1
Léon Brillouin,1
Protein kinase,1
Aurora,1
Crossing Over,1
Condensation reaction,1
Dulong-Petit Law,1
Malpighian tubule system,1
Nazca Plate,1
Continuous function,1
Luria-Delbruck experiment ,1
Anglerfish,1
Voting,1
Scrotum,1
Cryptographic hash function,1
Saddle point,1
Thermal equilibrium,1
Axiom of countability,1
Isidor Isaac Rabi,1
Stokes parameters,1
Stress tensor,1
Le Chatelier,1
Segmentation fault,1
General equilibrium theory,1
Mohorovicic Discontinuity ,1
Velociraptor,1
Dendrochronology,1
Gas exchange,1
Cross section,1
Ehrenberg-Siday-Aharonov-Bohm effect ,1
the square root of 674 units,1
Gödel's incompleteness theorems,1
Molecular mass,1
Osmium,1
W and Z bosons,1
Boundary,1
Transitive relation,1
Giant panda,1
Mitsunobu reaction,1
Dyson sphere,1
Emil Leon Post,1
Spin glass,1
Spin-orbit coupling,1
Antenna (radio),1
Sudoku,1
Interacting galaxy,1
Julian Schwinger,1
Reaction coordinate,1
Rationality,1
Timeline of scientific experiments,1
Molecular motor,1
Irving Langmuir,1
Fluid catalytic cracking,1
Ozonolysis,1
Kolmogorov-Arnold-Moser theorem ,1
Bubonic plague,1
Instability,1
Third trochanter,1
Princeton University,1
Ethylene oxide,1
Irrigation,1
Probability,1
Isobaric process,1
Fresh water,1
Debye model,1
Statistical hypothesis testing,1
Graph coloring,1
Intermediate filament,1
Arthur Eddington,1
Polymorphism,1
Quadratic function,1
Thermite,1
geographic range size ,1
House mouse,1
DebyeHuckel equation,1
Quintic function,1
History of loop quantum gravity,1
Sodium hypochlorite,1
Predator (disambiguation),1
Distribution function,1
Optical rotation,1
P-adic number,1
Nondisjunction,1
Möbius aromaticity,1
Exclusive or,1
Strategic Offensive Reductions Treaty,1
Op amp integrator,1
Graphite,1
Reinforcement,1
Stack (geology),1
Cell (biology),1
Medial globus pallidus,1
Charge conservation,1
Generalized forces,1
Dominance (genetics),1
De Vries,1
Arachnid,1
Complement system,1
Vera Rubin,1
H-theorem,1
Carbonate,1
Correlation coefficient,1
Melvin Calvin,1
Magnetic isotope effect,1
Net (polyhedron),1
Guanine,1
Fat,1
Major histocompatibility complex,1
Single displacement reaction,1
Fad,1
Cleverdicks,1
Electrode potential,1
Tetraquark,1
Rare earth element,1
Nicotiana,1
Punnett square,1
Proof,1
Lorand,1
Kite,1
Galaxy High,1
Von Willebrand factor,1
Growth factor,1
Saponification,1
Asano contraction,1
Aldol Condensation Reaction,1
Steroid,1
Hardy-Weinberg principle ,1
Abyssal zone,1
Pnictogen,1
Oxygenase,1
Noncentral chi-squared distribution,1
Nucleosynthesis,1
Klein-Nishina,1
Irreducible polynomial,1
Electromagnetism,1
M-theory,1
Matter wave,1
DNA barcoding,1
Tyrosine-protein kinase CSK,1
Annealing,1
Van Deemter equation,1
Alpha decay,1
Lectin,1
Cauchy-Riemann equations,1
Autodesk,1
Carl Woese,1
Groom (disambiguation),1
Thin film,1
Atmosphere of Venus,1
Japan,1
Arctic,1
Orion Nebula,1
S phase,1
Water vascular system,1
Virgo,1
Neuromuscular junction,1
Inflammation,1
Obsessive-compulsive disorder,1
Urination,1
phenol-chloroform extraction ,1
Mandarin Chinese,1
Notch,1
Didier Astruc,1
Femininity,1
Neutralization,1
Exact,1
Grace Hopper,1
Viridiplantae,1
Paul Ehrenfest,1
Size-exclusion chromatography,1
Telescope,1
Regression analysis,1
Pound-Rebka experiment,1
Leucine,1
Parallel (geometry),1
Barrier island,1
Topology,1
Hydrocarbon,1
Thermocline,1
Photoelasticity,1
Lake Superior,1
Barbiturate,1
Four Color,1
Lungfish,1
Dereference operator,1
HSAB theory,1
KARL,1
Windows 8.1,1
Mohs scale of mineral hardness,1
Chaotian (geology),1
Cyclic nucleotide-gated ion channel,1
Cardiac arrhythmia,1
Mid-ocean ridge,1
Fatigue,1
Closed set,1
Fibonacci heap,1
Xerocomellus zelleri,1
Magellanic Clouds,1
Progesterone,1
Frontal lobe,1
Salt (cryptography),1
Xenon,1
Cyanide,1
"Sir George Stokes, 1st Baronet",1
Magnetosphere,1
Allotropes of oxygen,1
Polyurethane,1
CD160,1
B3,1
Path integral,1
