Maurice Ravel,18
Pyotr Ilyich Tchaikovsky,16
Claude Debussy,16
Frédéric Chopin,16
The,16
Ludwig van Beethoven,16
Johannes Brahms,16
Robert Schumann,16
Sergei Prokofiev,15
Arnold Schoenberg,15
Piano sonatas (Beethoven),14
Ralph Vaughan Williams,14
Aaron Copland,14
Gian Lorenzo Bernini,13
Wolfgang Amadeus Mozart,13
George Frideric Handel,13
Dmitri Shostakovich,12
Giorgio de Chirico,12
Marc Chagall,12
Charles Ives,12
Richard Strauss,12
Benjamin Britten,11
Titian,11
Clarinet,11
String quartet,11
Jean Sibelius,11
Franz Schubert,11
Joseph Haydn,11
Spain,10
Symphony No. 8 (Mahler),10
Frank Lloyd Wright,10
Peter Paul Rubens,10
Diego Velázquez,10
Anton Bruckner,10
Edvard Grieg,10
Bedřich Smetana,10
Felix Mendelssohn,10
Béla Bartók,10
Nicolas Poussin,9
La traviata,9
Paul Cézanne,9
Paul Hindemith,9
Edvard Munch,9
Igor Stravinsky,9
Pablo Picasso,9
Raphael,9
Swan Lake,9
Russia,9
Hector Berlioz,9
Antonio Vivaldi,9
George Gershwin,9
Camille Saint-Saëns,9
Jean-Auguste-Dominique Ingres,9
Prelude,9
Paul Gauguin,8
Edward Hopper,8
Winslow Homer,8
Albrecht Dürer,8
David,8
Jacques-Louis David,8
Jean-Antoine Watteau,8
Edgar Degas,8
Bronzino,8
Charlie Parker,8
Flute,8
Georges Bizet,8
Violin concerto,8
Paul Klee,8
Mexico,8
Niccolò Paganini,8
Oboe,8
Eugène Delacroix,8
Germany,8
Olympia,8
Franz Liszt,8
Thelonious Monk,8
Pictures at an Exhibition,8
George Bellows,8
Tosca,8
Anthony van Dyck,8
Gustave Courbet,8
Constantin Brâncuși,8
Edward Elgar,8
James Abbott McNeill Whistler,8
Thomas Eakins,8
Samuel Barber,8
John Singleton Copley,8
J. M. W. Turner,8
Jan van Eyck,8
Benjamin West,7
Gustav Mahler,7
Henry Purcell,7
Le Corbusier,7
John Singer Sargent,7
The Garden of Earthly Delights,7
John Everett Millais,7
Ghent Altarpiece,7
Philip Glass,7
The Planets,7
Aida,7
Alfred Stieglitz,7
John Cage,7
Last Supper,7
Henri Rousseau,7
Joshua Reynolds,7
France,7
Donatello,7
Benvenuto Cellini,7
Salvador Dalí,7
Italy,7
Bassoon,7
Cello,7
Krzysztof Penderecki,7
Erik Satie,7
Paolo Veronese,7
Joan Miró,7
Sergei Rachmaninoff,7
John Constable,7
Andrea Mantegna,7
Last Judgment,7
Pipe organ,6
Henri Matisse,6
Antonín Dvořák,6
Ottorino Respighi,6
Gustave Caillebotte,6
The Four Seasons,6
Johann Strauss II,6
Manuel de Falla,6
Rigoletto,6
Rembrandt,6
Nikolai Rimsky-Korsakov,6
Arthur Honegger,6
William Hogarth,6
John Coltrane,6
Annunciation,6
Leningrad première of Shostakovich's Symphony No. 7,6
Giuseppe Verdi,6
El Greco,6
Johannes Vermeer,6
Der Blaue Reiter,6
The Painter's Studio,6
Norma,6
Carl Nielsen,6
Brandenburg Concertos,6
Henry Moore,6
Symphonie fantastique,6
John Adams (composer),6
Harold en Italie,6
La bohème,6
Caravaggio,6
Piano concerto,6
Saxophone,6
Étude,6
Modest Mussorgsky,6
René Magritte,6
The Death of Marat,6
Marcel Duchamp,6
Pieter Bruegel the Elder,6
The Apotheosis of Homer,6
Heitor Villa-Lobos,6
Sandro Botticelli,6
Francis Bacon,6
Alexander Borodin,6
Violin,6
The Rite of Spring,6
The Embarkation for Cythera,6
Japan,6
Louis Sullivan,6
The Hay Wain,5
Olivier Messiaen,5
Piano,5
Andy Warhol,5
Alexander Scriabin,5
Napoleon,5
Frans Hals,5
Thomas Cole,5
Martha Graham,5
Pre-Raphaelite Brotherhood,5
Michelangelo,5
The Death of General Wolfe,5
Carmina Burana,5
Leonard Bernstein,5
Gioachino Rossini,5
Karlheinz Stockhausen,5
Giovanni Pierluigi da Palestrina,5
Frank Gehry,5
Diego Rivera,5
Romeo and Juliet,5
London symphonies,5
William Walton,5
Filippo Brunelleschi,5
Caspar David Friedrich,5
Auguste Rodin,5
Dizzy Gillespie,5
Venice,5
Gustav Holst,5
Così fan tutte,5
Pierre-Auguste Renoir,5
Pagliacci,5
United States,5
Dido and Aeneas,5
Honoré Daumier,5
Don Giovanni,5
Luncheon of the Boating Party,5
Cavalleria rusticana,5
Ludwig Mies van der Rohe,5
The Burial of the Count of Orgaz,5
Viola,5
Milkmaid (disambiguation),5
José Clemente Orozco,5
Jean-François Millet,5
Frederic Edwin Church,5
Watson and the Shark,5
1812 Overture,5
Piano trio,5
Praxiteles,5
Gustav Klimt,5
Grant Wood,5
Thomas Gainsborough,5
Hieronymus Bosch,5
The Carnival of the Animals,5
Georges Seurat,5
Primavera,5
Jacques Offenbach,5
Lucia di Lammermoor,5
Trumpet,5
Carmen,5
John Adams,5
George Washington,5
"Washington, D.C.",5
Die Fledermaus,4
Giorgione,4
Lakmé,4
Alberto Giacometti,4
Giacomo Meyerbeer,4
Miles Davis,4
Oscar Niemeyer,4
The Yellow Christ,4
French horn,4
Frida Kahlo,4
White Crucifixion,4
Waltz,4
The Anatomy Lesson of Dr. Nicolaes Tulp,4
Francisco Goya,4
Chicago,4
Thirty-six Views of Mount Fuji,4
Christ's Entry Into Brussels in 1889,4
Guernica,4
Beethoven Quartet,4
Charles Demuth,4
"Venus, Cupid, Folly and Time",4
Édouard Manet,4
L'elisir d'amore,4
Rococo,4
The Disrobing of Christ,4
Soviet Union,4
Descent from the Cross,4
Danse Macabre,4
The Course of Empire,4
Artemisia Gentileschi,4
Pelléas and Mélisande,4
Apollo,4
The Massacre at Chios,4
Andrea del Sarto,4
Thus Spoke Zarathustra,4
The Art of Painting,4
Equestrian statue,4
John the Baptist,4
Brazil,4
Claes Oldenburg,4
Maya Lin,4
David Hockney,4
Where Do We Come From? What Are We? Where Are We Going?,4
De Stijl,4
Dave Brubeck,4
Giambologna,4
Arnold Böcklin,4
Sistine Chapel,4
George Caleb Bingham,4
Jean-Luc Godard,4
Scott Joplin,4
Arvo Pärt,4
Symphony No. 6 (Beethoven),4
Hans Holbein the Younger,4
List of symphonies by Johannes Brahms,4
The Tales of Hoffmann,4
William Blake,4
Johann Sebastian Bach,4
Dog,4
Francesco Borromini,4
Belgium,4
Parsifal,4
The Gates of Hell,4
Double bass,4
Leoš Janáček,4
Harp,4
Futurism,4
Andrew Wyeth,4
Claude Monet,4
The Seasons,4
Jackson Pollock,4
Federico Fellini,4
Jean-Honoré Fragonard,4
Giotto,4
Robert Motherwell,4
Parmigianino,4
Water Music,4
Arshile Gorky,4
Carl Maria von Weber,4
The Magic Flute,4
Piano Sonata No. 2 (Ives),4
Diane Arbus,4
Théodore Géricault,4
Roy Lichtenstein,4
Der Rosenkavalier,4
The Night Watch,4
Petrushka,4
Prélude à l'après-midi d'un faune,4
Benny Goodman,4
Drum kit,4
Paris,4
Los Angeles,4
Antonio Canova,4
Jean-Baptiste-Siméon Chardin,4
Harpsichord,4
Vincent van Gogh,4
Turandot,4
César Franck,4
Lucas Cranach the Elder,4
Poland,4
György Ligeti,4
I. M. Pei,4
Don Pasquale,3
Symphony No. 41 (Mozart),3
Rogier van der Weyden,3
Violin sonata,3
Man at the Crossroads,3
Jacob wrestling with the angel,3
Max Bruch,3
Duke Ellington,3
Symphony: Mathis der Maler,3
Empire State Building,3
Painting,3
Madama Butterfly,3
The Coronation of Napoleon,3
Symphony of Psalms,3
Black Paintings,3
Odilon Redon,3
The Daughters of Edward Darley Boit,3
The Hunters in the Snow,3
Songs Without Words,3
Frederick Delius,3
"Norman Foster, Baron Foster of Thames Bank",3
Nixon in China,3
Miracle of the Slave (Tintoretto),3
Claudio Monteverdi,3
Goldberg Variations,3
Caprichos,3
Symphony No. 9 (Dvořák),3
"Music for Strings, Percussion and Celesta",3
The Art of Fugue,3
String quintet,3
Classical guitar,3
William Holman Hunt,3
Alexander the Great,3
Serge (name),3
Flight into Egypt,3
Sonny Rollins,3
Alvin Ailey,3
Walter Gropius,3
Giacomo Balla,3
The Burghers of Calais,3
Piano quintet,3
Masaccio,3
Tristan and Iseult,3
Henry Fuseli,3
Symphony No. 6 (Mahler),3
Winged Victory of Samothrace,3
Piano Sonata No. 29 (Beethoven),3
Variation (music),3
Philip Johnson,3
Symphony No. 3 (Beethoven),3
Christoph Willibald Gluck,3
Orfeo ed Euridice,3
César Pelli,3
Anselm Kiefer,3
The Barber of Seville,3
The Dance,3
Las Meninas,3
Adoration of the Magi,3
Pietà,3
Louis Kahn,3
Adolphe Adam,3
Symphony No. 6 (Tchaikovsky),3
Norman Rockwell,3
La Gioconda,3
Serenade,3
Portinari Altarpiece,3
Ashcan School,3
Ansel Adams,3
The Rape of Europa,3
Christo and Jeanne-Claude,3
Sleeping Beauty (disambiguation),3
Concerto for Orchestra,3
Edgard Varèse,3
The Surrender of Breda,3
Donato Bramante,3
Jules Massenet,3
The Firebird,3
Laocoön and His Sons,3
Frederic Remington,3
Barcelona,3
Eero Saarinen,3
The Bartered Bride,3
Max Ernst,3
Richard Wagner,3
Steve Reich,3
Bacchus and Ariadne,3
Hokusai,3
Great Britain,3
Mily Balakirev,3
Ariadne auf Naxos,3
The School of Athens,3
Dorothea Lange,3
Tannhäuser,3
Paris Opera,3
Horse,3
V – The New Mythology Suite,3
Die Entführung aus dem Serail,3
Ophelia,3
Jean-Baptiste Carpeaux,3
Tintoretto,3
Wassily Kandinsky,3
Bridge,3
"Toccata and Fugue in D minor, BWV 565",3
Sacred and Profane Love,3
New York City,3
Madonna of Chancellor Rolin,3
Piero della Francesca,3
8 (number),3
William Byrd,3
Symphony No. 3,3
Franz,3
The Calling of St Matthew (Caravaggio),3
Gabriel Fauré,3
Darius Milhaud,3
Symphony No. 2 (Mahler),3
Orpheus in the Underworld,3
The Death of Socrates,3
Andrea Palladio,3
A German Requiem,3
Virgil Thomson,3
Albrecht Altdorfer,3
Un Chien Andalou,3
The Musical Offering,3
The Night Café,3
Man Ray,3
St. Louis,3
Herbie Hancock,3
Andrea del Verrocchio,3
Fidelio,3
Henry Ossawa Tanner,3
Frederick Law Olmsted,3
Antoni Gaudí,3
A Sunday Afternoon on the Island of La Grande Jatte,3
Bicycle Thieves,3
Jean-Baptiste-Camille Corot,3
Antonio da Correggio,3
The Barque of Dante,3
The 400 Blows,3
A Dance to the Music of Time,3
Symphony No. 8 (Schubert),3
Symphony No. 3 (Mendelssohn),3
Francis Poulenc,3
Der Freischütz,3
Isenheim Altarpiece,3
Willem de Kooning,3
Jerome,3
Renzo Piano,3
Lyric Pieces,3
Augustus Saint-Gaudens,3
The Masses (disambiguation),3
Oskar Kokoschka,3
Georgia O'Keeffe,3
England,3
Mark Rothko,3
Hudson River School,3
Robert Venturi,3
Piet Mondrian,3
Ernst Ludwig Kirchner,3
Portraits of Vincent van Gogh,2
Études (Chopin),2
Phillip Johnson,2
Reichstag building,2
Claude,2
The Potato Eaters,2
Buster Keaton,2
Swimsuit,2
Landscape with the Fall of Icarus,2
Gutzon Borglum,2
Villa Savoye,2
Piano Concerto No. 5 (Mozart),2
Te Deum,2
Scheherazade,2
Missa solemnis,2
Clarinet concerto,2
Motet,2
Black Orpheus,2
Pathetique,2
Blue,2
Jukka-Pekka Saraste,2
Jean-Léon Gérôme,2
Die Meistersinger von Nürnberg,2
Orsanmichele,2
Lincoln Center for the Performing Arts,2
Édouard Lalo,2
Mikhail Glinka,2
Crucifixion of Jesus,2
The Battle of Alexander at Issus,2
Manon Lescaut,2
Charles-Valentin Alkan,2
L'incoronazione di Poppea,2
West Side Story,2
Transcendental Étude No. 1 (Liszt),2
Carl Orff,2
Charles Gounod,2
Fanfare for the Common Man,2
North by Northwest,2
Statue of Liberty,2
La serva padrona,2
Pop art,2
Russian Empire,2
Mephisto Waltzes,2
Giacomo Puccini,2
Ben Shahn,2
Epic Rap Battles of History,2
Music for the Royal Fireworks,2
Anish Kapoor,2
Hungarian Rhapsodies,2
The Third of May 1808,2
Book of Judith,2
John,2
Guillaume de Machaut,2
Ecstasy of Saint Teresa,2
Spider-Woman (TV series),2
Soldier,2
Aubrey Beardsley,2
American Gothic,2
Adams,2
Tokyo,2
Michael Haydn,2
Amahl and the Night Visitors,2
Maestà (Duccio),2
Symphony No. 9 (Beethoven),2
D major,2
Kenny vs. Spenny,2
Gabriel,2
Pottery,2
The Triumph of Death,2
Ella Fitzgerald,2
Faust,2
Beethoven Frieze,2
Charles Willson Peale,2
The Ambassadors,2
Sinfonietta,2
The Kiss,2
The Well-Tempered Clavier,2
Die Walküre,2
Piano Concerto No. 4 (Beethoven),2
Daniel Libeskind,2
El amor brujo,2
Rodeo,2
La muette de Portici,2
At the Moulin Rouge,2
Mona Lisa,2
Marriage à-la-mode,2
Czech,2
Peer Gynt (Grieg),2
Casa Milà,2
Vincenzo Bellini,2
Grande Odalisque,2
Kurt Eichhorn,2
World War II,2
Jan Steen,2
Tango,2
Rashomon,2
Frank Stella,2
Matthew the Apostle,2
Porgy and Bess,2
An Alpine Symphony,2
The Ten,2
El Jaleo,2
3 (number),2
Zoltán Kodály,2
Bartolomé Esteban Murillo,2
Cathedral,2
Fountain,2
Giselle,2
Take Five,2
Flying Dutchman,2
Mary Cassatt,2
Kindred Spirits,2
Ilya Repin,2
The Three-Cornered Hat,2
Rome,2
Piano Concerto No. 2 (Rachmaninoff),2
John 16,2
Pietro Perugino,2
Fritz Lang,2
Max Schmitt in a Single Scull,2
Castor et Pollux,2
Alban Berg,2
Hungary,2
Last Year at Marienbad,2
Wanderer,2
Lorenzo Ghiberti,2
Les Nabis,2
St Matthew Passion,2
Time out,2
Kurt Weill,2
Charlie Chaplin,2
Playing card,2
Ship of fools,2
Hansel and Gretel,2
C major,2
Inigo Jones,2
In the Steppes of Central Asia,2
Edward Weston,2
Impressionism,2
Swan (disambiguation),2
Giant Steps,2
Gretchen am Spinnrade,2
Gulf Stream,2
Les Huguenots,2
Madonna with the Long Neck,2
Sofonisba Anguissola,2
Angel,2
Toccata,2
Fugue,2
Pierrot Lunaire,2
The Four Stages of Cruelty,2
Pierre Bonnard,2
Holberg Suite,2
Wyeth,2
Asher Brown Durand,2
Frank Sinatra,2
"String Quartets, Op. 50 (Haydn)",2
White House,2
François Couperin,2
Annibale Carracci,2
Bluebeard's Castle,2
Vertumnus,2
Umberto Boccioni,2
Rhapsody,2
Musée d'Orsay,2
Georges,2
Mikhail Baryshnikov,2
Hail Mary,2
Mary,2
Christ in the House of His Parents,2
Andrea Chénier,2
Acropolis of Athens,2
Waltz in A minor (Chopin),2
The Raft of the Medusa,2
House,2
Cinderella,2
Schubert's symphonies,2
The Swing (painting),2
Alexander Stirling Calder,2
Antoine-Louis Barye,2
Falstaff,2
Alexander Calder,2
Electric guitar,2
The Peasant Wedding,2
Siena Cathedral,2
The Rake's Progress,2
Brancacci Chapel,2
Liberty Leading the People,2
The Merry Widow,2
Finland,2
Ein Heldenleben,2
View of Delft,2
Mr and Mrs Andrews,2
Giovanni Battista Tiepolo,2
Istanbul,2
The Epic of American Civilization,2
Adagio,2
Léo Delibes,2
Battleship Potemkin,2
Gian Carlo Menotti,2
Nosferatu,2
Daniel Chester French,2
François Boucher,2
Henri Cartier-Bresson,2
Hans Memling,2
Scrovegni Chapel,2
The Dream of Gerontius,2
Vienna Secession,2
Monticello,2
Thomas Tallis,2
Rokeby Venus,2
Rem Koolhaas,2
Claude Lorrain,2
Aram Khachaturian,2
Emmanuelle Chriqui,2
Napoleon Crossing the Alps,2
Anna Larsson (singer),2
Cello Concerto (Elgar),2
Elliott Carter,2
Symphony No. 1 (Brahms),2
Skull,2
The Agnew Clinic,2
Young British Artists,2
La fanciulla del West,2
Nabucco,2
Delft,2
Claus Sluter,2
Singing,2
Ara Pacis,2
Earl of Ashburnham,2
Orson Welles,2
Wainwright Building,2
Photorealism,2
Anton Webern,2
Sonia Ganassi,2
Cor anglais,2
Westminster Abbey,2
Die Brücke,2
Requiem,2
Dmitry,2
Guitar,2
Alberto Ginastera,2
Akira Kurosawa,2
Joaquín Rodrigo,2
Henryk Górecki,2
Albert Pinkham Ryder,2
Gilbert Stuart,2
Alvar Aalto,2
Sketches of Spain,2
Kind of Blue,2
Timpani,2
I and the Village,2
Moshe Safdie,2
Funeral march,2
Symphony No. 2 (Beethoven),2
David Alfaro Siqueiros,2
Symphony No. 1,2
Symphony No. 4 (Sibelius),2
Symphony No. 7,2
"Nike, Inc.",2
Siena,2
Siegfried,2
Luis Buñuel,2
Melencolia I,2
Frédéric Auguste Bartholdi,2
A German Requiem (Brahms),2
Carlo Gesualdo,2
Jørn Utzon,2
Études (Ligeti),2
Prophet (disambiguation),2
Jean-Baptiste Lully,2
The Pirates of Penzance,2
Zaha Hadid,2
Billy Budd,2
Mural,2
Jean-Philippe Rameau,2
Nocturne,2
Dimitri Mitropoulos,2
Louise Élisabeth Vigée Le Brun,2
The History of Sexuality,2
Salome,2
Jacques Lipchitz,2
H.M.S. Pinafore,2
Raphael Rooms,2
War Requiem,2
Johann Nepomuk Hummel,2
Laocoön,2
Ford Madox Brown,2
Pisa,2
The Death of Sardanapalus,2
The Bridge,2
Denmark,2
Gaetano Donizetti,2
The Swing,2
Library,2
Otello,2
La fille du régiment,2
Margaret Bourke-White,2
Cimabue,2
Fragaria,2
Orpheus,2
Coppelia,2
Sarah Siddons,2
Henri de Toulouse-Lautrec,2
Venus,2
Arles,2
Vision After the Sermon,2
A minor,2
Enigma Variations,2
Trout Quintet,2
Messiah,2
Gong,2
Tondaiman,2
La Dolce Vita,2
Iran,2
Adagio for Strings,2
Leonardo da Vinci,2
Tomb of Pope Julius II,2
Greece,2
Conversion of Paul the Apostle,2
Emil Nolde,2
Appalachian Spring,2
The Sleeping Gypsy,2
Richard Hamilton,2
Carl Theodor Dreyer,2
Jacob,2
Wargasm,2
Triptych,2
A Burial At Ornans,2
Chartres Cathedral,2
Mass in B minor,2
Minimalism,2
La mer,2
Emmanuel Chabrier,2
Barcarolle,2
Hiram Powers,2
F major,2
The Swimming Hole,2
Marie de' Medici,2
Jeff Koons,2
Netherlandish Proverbs,2
Lohengrin,2
Jasper Johns,2
Vietnam Veterans Memorial,2
Il trovatore,2
Trombone,2
Cupid,2
Apollo Belvedere,2
Al-Nusra Front,2
Isamu Noguchi,2
Madrigal,2
Peer Gynt,2
Scarlatti,2
Giuseppe Arcimboldo,2
St Paul's Cathedral,2
Lieutenant Kijé (Prokofiev),2
Symphony No. 101 (Haydn),2
A Rake's Progress,2
Eroica,2
Washington Crossing the Delaware,2
Slavonic Dances,2
Skeleton,2
Pergamon Altar,2
Portrait of Madame X,2
Symphony No. 94 (Haydn),2
Three Studies for Figures at the Base of a Crucifixion,2
Les Demoiselles d'Avignon,2
Étienne Maurice Falconet,1
Anton Raphael Mengs,1
Queen of spades,1
Duino Elegies,1
The Turkish Bath,1
London Symphony,1
Toledo,1
List of masses by Wolfgang Amadeus Mozart,1
Ways of Seeing,1
Apoxyomenos,1
5 (number),1
The Harlequin's Carnival,1
1869 in Norway,1
Jazz piano,1
Pipe,1
Cahiers du cinéma,1
Kenji Mizoguchi,1
Fontana dei Quattro Fiumi,1
Woolworth Building,1
Dalai Lama,1
Kaaba,1
Frederic Leighton,1
Hercules,1
Violin Sonata in G minor (Tartini),1
The Disquieting Muses,1
Naum Gabo,1
Urbino,1
Sunrise,1
Mikrokosmos,1
Franz Lehár,1
The Voyage of Life,1
Into the Woods,1
Mack the Knife,1
Palazzo Pitti,1
Lamas,1
The Marriage of Figaro,1
String Quartet No. 5 (Shostakovich),1
Sonata,1
London Convention (1884),1
The Feast in the House of Levi,1
Maria Stuarda,1
Photograph,1
Luigi Boccherini,1
Saint Sebastian,1
Giovanni Battista Pergolesi,1
Passover Seder,1
Passacaglia,1
Heinrich Ignaz Franz Biber,1
The Civilizing Process,1
Nat King Cole,1
Philippe Halsman,1
Palmyra,1
Michel Richard Delalande,1
Justinian Tamusuza,1
A Sportsman's Sketches,1
Pines of Rome,1
Chorale cantata (Bach),1
Degenerate Art Exhibition,1
Hugo van der Goes,1
Bellini,1
Sacraments of the Catholic Church,1
André Derain,1
Daniel Burnham,1
CONFIG.SYS,1
Mount Rushmore,1
V,1
Night Watch,1
Henry Hobson Richardson,1
Bismarck-Mandan Symphony Orchestra,1
Santiago Calatrava,1
Occitan language,1
Lincoln Cathedral,1
L'Africaine,1
Le tombeau de Couperin,1
Polyclitus,1
The Charging Chasseur,1
Ralph,1
Tokyo Story,1
Spinning Wheels (PAT station),1
Piano Concerto No. 4 (Prokofiev),1
"At the start of Russian Easter Festival Overture, this instrument's section splits into three soloists and a tutti after a dolce solo by it. Four soloists from this instrumental section play in the opening of the 1812 Overture. This instrument is the soloist in Tchaikovsky's Variations on a Rococo Theme and Max Bruch's ",1
Ukiyo-e,1
The Mystical Nativity,1
Russian Easter Festival Overture,1
A,1
IllumiNations,1
Alpha particle,1
Trinity Church,1
F-sharp minor,1
Adolf Hitler,1
"In this film's opening credits, a still image of Michelangelo's Creation of Adam accompanies an overture by Miklos Rosza. In one sequence in this film, a row of hanging gold sculptures of dolphins gets tipped over one by one. Its title character wears a slave ring given to him by Simonides's daughter Esther, and is aided by Ilderim, an ",1
Iron Pagoda,1
Weiner,1
Coleman Hawkins,1
Air (music),1
Can-can,1
A Trip to the Moon,1
Werther,1
Natalia Goncharova,1
Judgement of Paris,1
Christian Marclay,1
Weak interaction,1
Tate Modern,1
Ludwig,1
Yves Tanguy,1
Isle of the Dead,1
Pieter de Hooch,1
1888 in art,1
BACH motif,1
La Cenerentola,1
Béla Tarr,1
Virgin of the Rocks,1
Suite bergamasque,1
Richard Morris Hunt,1
Stan Getz,1
India,1
"Piano Sonata No. 23 in F minor, Opus 57, ""Appasionata"" ",1
Milan,1
Canizzarro reaction,1
Vladimir Tatlin,1
Ingmar Bergman,1
Dean of Westminster,1
Watermelon Man,1
Pierre Puget,1
Diner,1
Florence Baptistery,1
Academic Festival Overture,1
Hiroshige,1
Muse,1
William,1
"Rain, Steam and Speed",1
Deep Play: Notes on the Balinese Cockight ,1
Missa Papae Marcelli,1
Mikhail Chigorin,1
Denise Scott Brown,1
The Threepenny Opera,1
Jean Philippe,1
Children of Paradise,1
Egg,1
Vincenzo,1
Petrus Christus,1
Gaspard de la nuit,1
Gentile da Fabriano,1
Pennies for Peace,1
The Saint of Bleecker Street,1
Vilnius,1
Sufi whirling,1
Cistercians,1
Mirror,1
Homer Simpson,1
Vancouver Symphony Orchestra,1
Robert Campin,1
Rebel Without a Cause,1
History of art,1
Albright–Knox Art Gallery,1
Peter Harvey (baritone),1
Alexander,1
Napoleon as Mars the Peacemaker,1
Night on Bald Mountain,1
Now We Are Six,1
Gang of Four,1
The Progress of Love,1
Manichaeism,1
The Allegory of Good and Bad Government,1
Marina Abramović,1
Paul Signac,1
Luciano Berio,1
Pelleas und Melisande (Schoenberg),1
Cormac mac Airt,1
Johannes,1
Temple of Artemis,1
Maestà,1
Sylvia,1
Saturn Devouring His Son,1
Will of George Frideric Handel,1
Alan Hovhaness,1
First Street station,1
2014–15 Szombathelyi Haladás season,1
Ziggurat,1
Symphony No. 3 (Górecki),1
Lucy,1
Lieutenant Kijé,1
Rosa Bonheur,1
"Dmitri Shostakovitch's Symphony No. 4 in C minor, Opus 43",1
Snare drum,1
Madonna del cardellino,1
Lewis,1
Irving Penn,1
The Blacks,1
William Julius Wilson,1
Idomeneo,1
Camera Work,1
Teddy bear,1
Egon Schiele,1
The Persistence of Memory,1
Victor Hugo,1
Solomon (Handel),1
Art museum,1
The Glass House,1
Gianni Schicchi,1
Photography,1
Deposition,1
Frits Hartvigson,1
Sompo Japan Building,1
Mozart piano concertos,1
Netherlands,1
Dietrich Fischer-Dieskau,1
Saint Basil's Cathedral,1
Punishment of Marsyas,1
Regionalism (art),1
Blue Mosque,1
Jupiter,1
osef Anton Bruckner,1
"""V-J day in Times Square, 1945"" ",1
Gerrit Rietveld,1
Jade Emperor,1
"Arden, Warwickshire",1
Walt Disney Concert Hall,1
Jacob Lawrence,1
Fondation Alberto et Annette Giacometti,1
Hermes and the Infant Dionysus,1
Préludes (Debussy),1
Transverse flute,1
William Hazlitt,1
Some Like It Hot,1
Buckingham Palace,1
Wozzeck,1
Howard Hawks,1
Hugo Wolf,1
Family Voices,1
Hippolyte Lucas,1
Ole Christian Bach,1
Brasília,1
Banditen-Galopp,1
David and Goliath (Caravaggio),1
Mérode Altarpiece,1
Billie Holiday,1
Trill consonant,1
A Wedding,1
Agnes de Mille,1
Colombian Declaration of Independence,1
The Tempest,1
Northern Italy,1
1881 in music,1
Anthony the Great,1
Marriage at Cana,1
"Nashville, Tennessee",1
The Gates of Paradise,1
Disputation of the Holy Sacrament,1
Judy Chicago,1
Blue straggler,1
In Search of Lost Time,1
Má vlast,1
Leni Riefenstahl,1
Uffizi,1
The Nutcracker,1
Empedocles,1
Peal de Becerro,1
Athena,1
Piazza dei Miracoli,1
The Hebrides (overture),1
Captain Macheath,1
John Vanbrugh,1
New Orleans Cotton Exchange,1
Museo del Prado,1
Frederick the Great,1
Johannes Ockeghem,1
Airplane,1
Piano Sonata No. 6 (Prokofiev),1
Esa-Pekka Salonen,1
Parma,1
List of Doctor Who supporting characters,1
Wynton Marsalis,1
Années de pèlerinage,1
Venus and Amor,1
List of symphonies by Robert Schumann,1
Georges de La Tour,1
La Notte,1
1776,1
F. W. Murnau,1
Susan Macdowell Eakins,1
Oregon Symphony discography,1
Gates of Paradise,1
Krishna,1
Peale's Barber Farm Mastodon Exhumation Site,1
Venus de Milo,1
Children's Corner,1
James,1
"Asheville, North Carolina",1
Gymnopédies,1
Bathers at Asnières,1
List of Holocaust memorials and museums,1
Triumphal arch,1
Surrealism,1
Jahangir,1
Seascapes,1
Paris symphonies,1
Vaterländischer Künstlerverein,1
Lacrimosa,1
Carlisle Floyd,1
Artwork of Isaac Mendez,1
Giovanni Bellini,1
Cube,1
Roberto Rossellini,1
King Arthur (opera),1
Tracking shot,1
List of operas by Meyerbeer,1
Arcadia,1
Guys and Dolls,1
Richard Neutra,1
Tubas,1
Gerhard Richter,1
Mark the Evangelist,1
Strange Fruit,1
Godfrey Kneller,1
Time Transfixed,1
Aaron,1
Franz Ritter von Liszt,1
Tone cluster,1
Hand,1
Carnaval (Schumann),1
Mantua,1
Column,1
Colonel Crackpot's Circus,1
L'Enseigne de Gersaint,1
Jean Marcel Honoré,1
Jean,1
Patience,1
Transcendental Études,1
Marriage à-la-mode: 3. The Inspection,1
Prague,1
Cool jazz,1
Pat Nixon,1
8 (disambiguation),1
Cenacle,1
Andrey,1
Annie Leibovitz,1
Galleria Borghese,1
The Grand Budapest Hotel,1
Lucian Freud,1
Bagpipes,1
Goldberg,1
Simon Boccanegra,1
Metropolitan Opera,1
The Battle of San Romano,1
Jean-Louis-Ernest Meissonier,1
String Quartet No. 2 (Shostakovich),1
Charles,1
Andreas Gursky,1
Film noir,1
The Intervention of the Sabine Women,1
Lisztomania,1
Elephant,1
Käthe Kollwitz,1
Weighing of souls,1
How the Other Half Lives,1
The Comedian as the Letter C,1
Russian Census (2010),1
Die Forelle,1
Citizen Kane,1
Frédéric Bazille,1
Taliesin (studio),1
Honoré de Balzac,1
Lady Macbeth,1
The Great Wave off Kanagawa,1
Sergei Diaghilev,1
The Blue Dahlia,1
Les Paul,1
Bill Hicks,1
Canon,1
Terry Pratchett,1
Dialogues of the Carmelites,1
Symphony No. 7 (Beethoven),1
Bashar Jaafari,1
Four Crowned Martyrs,1
Crown,1
West Coast Hotel Co. v. Parrish,1
Salvador Dalí Museum,1
Catalog of the paintings on show at the Rijksmuseum in 1956,1
Blue Nude II,1
Islamey,1
Luigi Cherubini,1
The Slave Ship,1
Palace of Versailles,1
Buddy DeFranco,1
Diptych,1
Pacific Ocean,1
Philip Morris,1
Book of Kells,1
Édith Piaf,1
Doctor Faustus,1
Portugal,1
Sweden,1
Cindy Sherman,1
Alec Guinness,1
"Kansas City, Missouri",1
Knoxville: Summer of 1915,1
Merce Cunningham,1
Concert (disambiguation),1
Papier-mâché,1
Alberto,1
The Creation of Adam,1
Strangers on a Train,1
Gioachino,1
Osmo Tapio Räihälä,1
Florence Cathedral,1
Peter Baldacchino,1
Mosaic,1
James VI and I,1
Girl with a Pearl Earring,1
Meditations on First Philosophy,1
F,1
Free jazz,1
Lexington-Concord Sesquicentennial half dollar,1
The Creation (Haydn),1
The Helga Pictures,1
Romare Bearden,1
Martina Steckholzer,1
The Age of Bronze,1
Wong Kar-wai,1
Rothko Chapel,1
Work of art,1
Lyric Suite (Berg),1
Dante Alighieri,1
Louhi,1
Symphony,1
György,1
The Chairman Dances,1
Basilica of Santa Maria Novella,1
Borobudur,1
Arpeggione Sonata,1
Yves Klein,1
Samuel Coleridge-Taylor,1
Op art,1
Swans Reflecting Elephants,1
B-flat,1
Almost Angels,1
Parable of the talents or minas,1
LE,1
Chinese calligraphy,1
Tarantella (ballet),1
The Snake Charmer,1
Kusamakura (novel),1
The Rape of Europa (Rubens),1
The Medium,1
Alexander Glazunov,1
Nuccia Focile,1
Danaë,1
Bal du moulin de la Galette,1
Verklärte Nacht,1
White,1
Ruslan and Ludmila,1
Dallas,1
Belshazzar's feast,1
Un ballo in maschera,1
World War I,1
Jacob van Ruisdael,1
Robert Henri,1
Paul Taylor,1
Virgil Tibbs,1
George Enescu,1
Mariachi,1
Ice skating,1
The Silence of the Lambs,1
Harold Arlen,1
Le marteau sans maître,1
Lullaby,1
Le Déjeuner sur l’herbe,1
Symphony No. 5 (Mendelssohn),1
Sydney Opera House,1
Yellow,1
Benjamin Johnson Lang,1
Pope Innocent X,1
The God of Small Things,1
The Feast of the Gods,1
The Bacchae,1
Zealand,1
Green Stripe,1
Charles Bulfinch,1
Guadalajara,1
A-Train,1
Clifford Geertz,1
Michigan,1
Cello concerto,1
Harmandir Sahib,1
Elizabeth I of England,1
Cadence (music),1
The Frogs,1
Thomas Hart Benton,1
Anger,1
Tristan und Isolde,1
Pavel Štěpán,1
The Dying Swan,1
"Hydriotaphia, Urn Burial",1
The Battle of Algiers,1
Columbus Globe for State and Industry Leaders,1
Georges Perec,1
Swings,1
Black,1
Roberto Bolaño,1
Hysteresis,1
In the Mood for Love,1
The Ghosts of Versailles,1
Saint Jerome in His Study,1
Third Siege of Missolonghi,1
Jacob Epstein,1
Dmitry Kabalevsky,1
François Truffaut,1
Pablo Casals,1
Windsor Castle,1
Faust (opera),1
Germaine Tailleferre,1
The Architect's Dream,1
Judith beheading Holofernes,1
Yama,1
Los Angeles Philharmonic,1
Lysippos,1
Capriccio Espagnol,1
Oedipus at Colonus,1
Andrei Tarkovsky,1
Dido,1
"El Sombrero de tres picos, ballet in 2 parts, G. 53 ",1
North of Boston,1
Marlene Dietrich,1
The Nightmare,1
The Ruins of Athens,1
T. E. Lawrence,1
Amsterdam,1
Symphony No. 3 (Michael Haydn),1
Iberian Peninsula,1
Minaret,1
Moksha,1
Gaetano,1
Dan Flavin,1
Diego Velázquez de Cuéllar,1
David Pereira,1
Caprice No. 24 (Paganini),1
On the Transmigration of Souls,1
Baroque,1
Count Basie Orchestra,1
Slavery in ancient Greece,1
Caryatid,1
List of symphonies by Joseph Haydn,1
Abstract expressionism,1
Le Martyre de saint Sébastien,1
List of symphonies in D minor,1
David Garrick,1
Robert Rauschenberg,1
Winslow,1
Michel Fokine,1
Ginevra de' Benci,1
Budapest Philharmonic Orchestra,1
Berlin,1
Palenque,1
Evelyn Waugh,1
Biblical apocrypha,1
Kalevala,1
Watts Towers,1
The Day He Himself Shall Wipe My Tears Away,1
Afghan Girl,1
Cleomenes I,1
Lady Macbeth of the Mtsensk District,1
Louis XIV of France,1
Iseult,1
Polonaise,1
Love's Labour's Lost,1
Moulin Rouge,1
Naima Jeffery,1
Night of the Hunter,1
24 Caprices for Solo Violin (Paganini),1
Christmas carol,1
Apollon,1
Charles IV of Spain and His Family,1
The Music Lesson,1
Kenzō Tange,1
Toshiko Akiyoshi,1
A Chorus Line,1
Leon Golub,1
HMS Temeraire (1798),1
BioWare,1
Cosmic ray,1
Octatonic scale,1
Pointillism,1
Hector,1
Giovanni Battista Piranesi,1
Habanera,1
"Va, pensiero",1
Die schöne Müllerin,1
Full Metal Jacket,1
Christopher Wren,1
Sixth,1
Winter Palace,1
Aphrodite,1
Salvador,1
Tower of Babel,1
Gospel of Mark,1
Battle of the Bulge,1
Perseus with the Head of Medusa,1
List of operas by Smetana,1
Dream,1
Goring-by-Sea,1
Arius,1
The 39 Steps,1
Graffiti,1
Charles and Ray Eames,1
Symphony No. 100 (Haydn),1
Camille Pissarro,1
Death,1
"This artist began the first of his ""painted conversations"" while under commission for his patron Pierre Crozat. The title figure plays the guitar on a bench and looks towards the sky in this artist's Mezzetin. In one of his paintings, a woman ignores the paintings all around her and stares in a mirror while men on the other side of the canvas put away a portrait of King ",1
A Bar at the Folies-Bergère,1
Hall of Mirrors,1
The Consolation of Philosophy,1
Bayeux Tapestry,1
Sinfonia antartica,1
George Balanchine,1
Hérodiade,1
Goliard,1
A House for Mr Biswas,1
Twelve Angry Men,1
Edward Said,1
Edvard,1
Notorious,1
Josquin des Prez,1
London,1
Rochester Philharmonic Orchestra,1
Vinteuil's Violin Sonata in F-sharp,1
Marc,1
Hammerklavier,1
Sunset Boulevard,1
Alfred,1
B minor,1
Coral Castle,1
Hector Guimard,1
Parthenon,1
The Miraculous Mandarin,1
Medea,1
Charles A. Prince,1
The Zoo Story,1
Buddhahood,1
Andrei Rublev,1
Bye Bye Birdie,1
Dionysus,1
The Dinner Party,1
Birth of the Cool,1
Burial,1
Art collection of Fondazione Cassa di Risparmio di Lucca,1
Robert Altman,1
Toru Takemitsu,1
Mood Indigo,1
The Cabinet of Dr. Caligari,1
Images,1
Bonampak,1
Cubism,1
Rhapsody in Blue,1
Giulio Cesare,1
Eduard Flipse,1
"Knight, Death and the Devil",1
Piano Sonata No. 14 (Beethoven),1
The Factory,1
Einojuhani Rautavaara,1
A Fine Balance,1
Franco Zeffirelli,1
Robert Capa,1
Schönbrunn Palace,1
King Vidor,1
Love Canal,1
List of string quartets by Joseph Haydn,1
Hans Werner Henze,1
The Americans,1
"Jesus nahm zu sich die Zwölfe, BWV 22",1
Peter Grimes,1
Fra Angelico,1
Philip IV of Spain,1
Seagram Building,1
Banjo,1
Confusion of tongues,1
Orlande de Lassus,1
Self-portraits in the Uffizi Gallery,1
Hahn,1
Charles Joseph Minard,1
Canaletto,1
Oratorio,1
Gravitational microlensing,1
Piano Concerto No. 13 (Mozart),1
Octet (Enescu),1
Ennio Morricone,1
Arthur Haselrig,1
A Sea Symphony,1
La gazza ladra,1
Thermae,1
Faust Symphony,1
Samuel,1
Tuba,1
Spem in alium,1
David Allen,1
Moses,1
Francis Picabia,1
Beata Beatrix,1
Tannhäuser (opera),1
masses by Wolfgang Amdeus Mozart ,1
Ahijah the Shilonite,1
Pierrot le Fou,1
A Twist in the Myth,1
Lobster Trap and Fish Tail,1
Piano Sonata No. 8 (Beethoven),1
The Maltese Falcon,1
The Raising of the Cross,1
Concerto grosso,1
Paolo Uccello,1
Psycho,1
Twelve-tone technique,1
Equestrian Statue of Marcus Aurelius,1
St Mark's Basilica,1
Symphony No. 3 (Schumann),1
Twyla Tharp,1
Iconoclasm,1
Der Ring des Nibelungen,1
Impromptus (Schubert),1
Annie Hall,1
High Noon,1
Armory Show,1
Edmund Spenser,1
Guan Yu,1
Percy Grainger,1
Black Sea,1
Charlie,1
Metropolis,1
The Imaginary Invalid,1
Nazarene,1
Mingus Ah Um,1
Wh-movement,1
Western concert flute,1
Caprice,1
Four Freedoms,1
Cyprus,1
Clara,1
Henryk Wieniawski,1
Grendel,1
The Two Fridas,1
Road to Emmaus appearance,1
Mr and Mrs Clark and Percy,1
"Des Moines, Iowa",1
Charles Foster Kane,1
The Three Philosophers,1
"4.	âLÃ  ci darem la manoâ ",1
The Four Apostles,1
Paul Revere,1
Symphony No. 5 in D major,1
Mount Parnassus,1
L'Atalante,1
Still life,1
Mass,1
Fairy,1
Steppenwolf (novel),1
Notre Dame,1
Group f/64,1
Hamlet,1
Symphonie espagnole,1
The Leopard,1
Beauty Revealed,1
Symphony No. 5 (Nielsen),1
Amnon Cohen,1
Carl Georg Heise,1
The Last of England,1
Repeal of Prohibition in the United States,1
Barbizon school,1
Rouen Cathedral,1
Sara Mingardo,1
"Self-portrait (Frick, Rembrandt)",1
Thais,1
Pictures of Fidelman,1
I,1
4 (number),1
Cybele,1
Pedro I of Brazil,1
"Frederick, Duke of Bohemia",1
Jazz waltz,1
Cass Gilbert,1
Mark Morris,1
Nam June Paik,1
The Book of Hours,1
Benjamin,1
Adoration of the Shepherds,1
Sonatas and partitas for solo violin (Bach),1
Jean-Michel Basquiat,1
Josef Suk,1
Ten Commandments,1
CCMIX,1
Emperor of Mexico,1
Cave painting,1
"Just what is it that makes today's homes so different, so appealing?",1
Electra (disambiguation),1
Robert Smithson,1
James Merrill,1
Lippi,1
Thomas Nast,1
A Bar at the Foiles-Bergere,1
Stained glass,1
Aristide Maillol,1
Czech Republic,1
Greece–Russia relations,1
Palace of Westminster,1
The Horse Fair,1
"Statue of David Lloyd George, Parliament Square",1
The Swan of Tuonela,1
Gane Pavilion,1
Jules and Jim,1
Johann Pachelbel,1
Alban,1
Desiree,1
Samson and Delilah,1
The Fighting Temeraire,1
The Silent Cry,1
Frederiksholms Kanal,1
John Ashbery,1
Beowulf,1
Pastorale,1
Jelly roll,1
1543 in art,1
The Yellow House (painting),1
Pedro Camacho's radio serials ,1
Nino,1
Georgia O'Kee€e's animal skulls ,1
Sergiu Celibidache,1
César Cui,1
Bernardo Bertolucci,1
View of Toledo,1
Amarcord,1
Marche slave,1
Triptychs by Francis Bacon,1
Richard Diebenkorn,1
Kullervo,1
Lotus Sutra,1
Catacombs of Rome,1
Sayat-Nova,1
the Tay Nihn Great Temple of Cao Dai ,1
Alhambra,1
James Hoban,1
Montmartre,1
Cinema Paradiso,1
One-child policy,1
Marsden Hartley,1
Nuremberg Rally,1
Pierre Boulez,1
Ganymede,1
Chinese,1
Paris Street; Rainy Day,1
Airplane!,1
List of symphonies by Wolfgang Amadeus Mozart,1
Symphony No. 19 (Haydn),1
Burj Khalifa,1
Damien Hirst,1
Domenico Scarlatti,1
Stadium,1
Les Troyens,1
Sergei Eisenstein,1
Rijeka,1
Dziga Vertov,1
Overture,1
Takashi Murakami,1
Caravaggisti,1
Fauvism,1
In Praise of Shadows,1
Mystic Marriage of Saint Catherine (Correggio),1
Eadweard (film),1
Nuclear weapon,1
Creation,1
Avant-Garde and Kitsch,1
Adam and Eve,1
Tapestry,1
Iain Macleod,1
String Quartet No. 6 (Bartók),1
Finlandia,1
Woody Allen,1
The Sirens and Ulysses,1
Red-figure pottery,1
L'homme armé,1
Broadway Boogie-Woogie,1
Benjamin Tyler Henry,1
Clement Greenberg,1
Tarantella,1
Charles Mingus,1
Sistine Chapel ceiling,1
Constructivism,1
"Impression, Sunrise",1
Viola pomposa,1
"the Great Proletarian Cultural Revolution13. One of this man's works expresses doubt that The Iliad's current form was ever popular and is filled with excerpts from authors like Longfellow and Shelley; that work cites aesthetic appeal as the primary aim of the title works, which should be under 100 lines. Another of his works notes that Godwin's Caleb Williams was written backwards and extols the literary effect of killing a beautiful woman. This author of ""The Poetic Principle"" claimed in ""The ",1
Giulio Romano,1
Anna Karenina (Eifman),1
Minneapolis,1
The Crystal Palace,1
The Rules of the Game,1
Braque Triptych,1
String Quartet No. 5 (Beethoven),1
Women of Algiers in Their Apartment,1
Flore et Zéphire,1
Public library,1
Carl Czerny,1
Through a Glass Darkly,1
Alessandro Scarlatti,1
The Ambassadors (Holbein),1
Fountains of Rome,1
A Bar at the Folies-Berg`ere ,1
Gustave Moreau,1
Vietnam War,1
Abraham Lincoln,1
4′33″,1
The Lictors Bring to Brutus the Bodies of His Sons,1
Luddite,1
Belshazzar,1
E-flat major,1
March (territorial entity),1
My Favorite Things,1
Rosso Fiorentino,1
Louis Armstrong,1
L'Angélus,1
English,1
Voltaire,1
The Lark Ascending,1
Miss Saigon,1
Symphonies by Pyotr Ilyich Tchaikovsky,1
Jewish museum,1
Daphnis et Chloé,1
Gilles,1
Train,1
Carl,1
Symphony No. 103 (Haydn),1
Common law,1
The Third-Class Carriage,1
Hippolyte et Aricie,1
Adam's Rib,1
Piano Sonata No. 21 (Beethoven),1
Charles Le Brun,1
Cologne Cathedral,1
Martina Aitolehti,1
Sir Edward Pellew Group of Islands,1
United States Supreme Court Building,1
Church,1
Johannes Chrysostomus Wolfgangus Gottlieb Amadeus Theophilus,1
George Farquhar,1
Josef Albers,1
Paul Strand,1
Prison,1
La Sylphide,1
Triptych of the Temptation of St. Anthony,1
Italian Concerto (Bach),1
Rhapsody on a Theme of Paganini,1
Elgin Marbles,1
Music for the Requiem Mass,1
The Great Dictator,1
Edvard Hagerup,1
Symphony No. 1 (Mahler),1
Henryk Mikoł Gorecki,1
Mahavira,1
Hyman Bloom,1
The Son of Man,1
tring octets ,1
Tōkaidō,1
Jerusalem,1
Piracy,1
Myron,1
Missa L'homme armé,1
Minuet,1
Zealots (Judea),1
Photomontage,1
William Penn,1
Franz Marc,1
Women of Algiers,1
Charles E. Burchfield,1
To Catch a Thief,1
The Cunning Little Vixen,1
Sesshū Tōyō,1
Die,1
Deutsher Werkbund ,1
Shark,1
Harlem,1
Symphony No. 8,1
The Young Person's Guide to the Orchestra,1
Shane MacGowan and The Popes,1
The Gleaners,1
Ortaköy,1
Amyotrophic lateral sclerosis,1
Symphony No. 5,1
Symphony No. 6,1
Ashley Montagu,1
List of churches in London,1
Fernand Léger,1
E major,1
London Schools Symphony Orchestra,1
Dream Caused by the Flight of a Bee Around a Pomegranate a Second Before Awakening,1
Seoul,1
Saxophone Colossus,1
John Field,1
Odin,1
Antonio,1
James Ensor,1
Bob,1
Square,1
List of Roman victory columns,1
Roman de la Rose,1
Glenn,1
Jacob Isaackszon van Ruisdael,1
Carmen Fantasy,1
Waterfall model,1
Roy,1
Lion,1
Symphonic Metamorphosis of Themes by Carl Maria von Weber,1
Beyond Good and Evil,1
B,1
François,1
Speech,1
"Self-Portrait (Dürer, Munich)",1
Belarus,1
symphonies by Dimitry Dimitryevich Shostakovich,1
Prelude and fugue,1
Arthur Sullivan,1
Slavery,1
La Strada,1
Joseph II of Constantinople,1
Switzerland,1
Beijing,1
Rietveld Schröder House,1
Piccolo,1
Leos,1
Pontormo,1
Mad scene,1
Florence,1
The Ox-Bow Incident,1
Death and Transfiguration,1
Francisco de Zurbarán,1
New York Public Library Main Branch,1
Chandigarh,1
The Death of Klinghoffer,1
Bachianas Brasileiras,1
Guggenheim Museum,1
Eugene Onegin,1
Michelangelo Antonioni,1
Vienna,1
Richard Taruskin,1
7 (number),1
Lisbon,1
Flora Purim,1
C minor,1
Fashion photography,1
Hannah Arendt,1
Le roi David,1
The General,1
Stabiles,1
Alfred Sisley,1
Violin Concerto (Mendelssohn),1
On Hearing the First Cuckoo in Spring,1
The Conspiracy of Claudius Civilis,1
Cinema Novo,1
Carlo Carrà,1
Glass,1
Klangfiguren,1
String Quartet No. 1,1
Organ,1
Dichterliebe,1
Perfect fourth,1
Bachbusters,1
Maurice,1
Henry Cowell,1
Quatuor pour la fin du temps,1
Rashi,1
"Saint Lucius, Brugherio",1
Tracey Emin,1
"No Woman, No Cry",1
Herbert von Karajan,1
Tuning,1
Ottorini Respighi,1
The Last Night of the Yankee Dynasty,1
Sonata form,1
Ship burial,1
Norway,1
Chloroplast,1
Linz,1
Red algae,1
Bone char,1
The Wedding at Cana,1
John Huston,1
White Rose,1
The Temptation of Saint Anthony (Flaubert),1
Napoléon (1927 film),1
Late string quartets (Beethoven),1
Equestrian Portrait of the Count-Duke of Olivares,1
Tilted Arc,1
Light,1
Très Riches Heures du Duc de Berry,1
Self-Portrait with Seven Fingers,1
Paul Dukas,1
E minor,1
The Goddess – Music for the Ancient of Days,1
Ignacy Jan Paderewski,1
Scherzo,1
Obbligato,1
Casa Buonarroti,1
Robert,1
Cantata,1
Robert Doisneau,1
Monkey,1
Der Erlkönig,1
Dali,1
Aphrodite of Cnidus,1
Sculptural Ensemble of Constantin Brâncuși at Târgu Jiu,1
Michael Tippett,1
Adalin Wichman,1
Opening of the Fifth Seal,1
Flanders,1
Pietro da Cortona,1
Herculaneum,1
The Sense of Beauty,1
The Mikado,1
Holy Trinity (Masaccio),1
Chick Corea,1
Lady with an Ermine,1
Concierto de Aranjuez,1
Breathless,1
Robert Mapplethorpe,1
List of compositions by Wolfgang Amadeus Mozart,1
Turangalîla-Symphonie,1
Costa-Gavras,1
David Smith (sculptor),1
Oath of the Horatii,1
M. A. Numminen,1
Artist's Studio—Look Mickey,1
The Call of Cthulhu,1
Madame de Pompadour,1
Metamorphosis of Narcissus,1
The Little Mermaid,1
Clint Eastwood,1
Figured bass,1
Mont Saint Michel Abbey,1
Marcel,1
Farewell,1
Tahiti,1
August Bournonville,1
Adderley,1
The Work of Art in the Age of Mechanical Reproduction,1
Prince Igor,1
Solomon R. Guggenheim Museum,1
Attar of Nishapur,1
Soprano,1
First Great Awakening,1
List of concert halls,1
The Dessert: Harmony in Red (The Red Room),1
Cat,1
Ossia,1
Symphony No. 4 (Tchaikovsky),1
Adam,1
Mother,1
Symphony No. 4 (Mendelssohn),1
Diabelli Variations,1
Rear Window,1
Symphony No. 4 (Brahms),1
Zuccone,1
Phidias,1
Harmony,1
An Experiment on a Bird in the Air Pump,1
Oregon Crusaders Drum and Bugle Corps,1
Season,1
China,1
piano concertos by Sergei Vasielievich Rachmaninoff,1
Indonesia,1
Henryk Miko?ai Gorecki,1
Ikiru,1
Nazarene movement,1
French Suites (Bach),1
Jesus,1
The Golden Cockerel,1
"osi Fan Tutte, ossia La scuola degli amanti ",1
"Piano Sonata in F minor, D 625 (Schubert)",1
Nadar,1
Self-portrait,1
George Crumb,1
Jackson,1
Allegory of Divine Providence and Barberini Power (Cortona),1
Hestia Tapestry,1
Bronze Horseman,1
The Unanswered Question,1
Max Beckmann,1
Art Tatum,1
The Great Exhibition,1
Watercolor painting,1
The Dark Side of the Moon,1
Sirius XM Pops,1
Death and the Maiden,1
Kanye West,1
Louis Spohr,1
Metaphysical art,1
Juan Gris,1
Jerome Robbins,1
Neoclassical architecture,1
Zadok the Priest,1
Diadumenos,1
Judith Leyster,1
Cardsharps (Caravaggio),1
Texas Rangers,1
Degenerate art,1
Avison Ensemble,1
Flagellation of Christ,1
Edward Hicks,1
Issenheim,1
Centre Georges Pompidou,1
Tropical cyclone,1
Kiss,1
Spring Symphony,1
Diffraction,1
Parmigiano-Reggiano,1
Pesaro Madonna,1
Isadora Duncan,1
George Grosz,1
Albert Speer,1
Manifesto of Futurism,1
Count Basie,1
The Walt Disney Company,1
Midnight on the Water (Mark O'Connor album),1
Josef von Sternberg,1
"Haydnâs Symphony No. 104 in D major, H. I/104 ",1
6 (number),1
Carnegie Hall (film),1
Course in General Linguistics,1
Thrones,1
Vanessa,1
Thomas Jefferson,1
Abbas Kiarostami,1
Dubrovnik,1
"Aguirre, the Wrath of God",1
Film score,1
Emma Goldman,1
Edward Burne-Jones,1
Stella,1
"Self-portrait (Rembrandt, Indianapolis)",1
"Harle	quin's Carnival ",1
Kindertotenlieder,1
Italian,1
Duccio,1
"Music for ""The Knee Plays""",1
Music for 18 Musicians,1
The Jewish Bride,1
Eadweard Muybridge,1
El Lissitzky,1
The Legend of Zelda: Phantom Hourglass,1
Jupiter and Thetis,1
Angry Birds Space,1
Isaac Albéniz,1
Lev Ivanov,1
A Harlot's Progress,1
Tennis Court Oath,1
Carl Philipp Emanuel Bach,1
Ornans,1
A Feather on the Breath of God,1
Baependi,1
8½,1
Seven Samurai,1
Speak No Evil,1
The Crazy Day or The Marriage of Figaro,1
Syphilis,1
The Bathers (Cézanne),1
Symphony No. 7 (Shostakovich),1
Michael Weiss (figure skater),1
"Pantheon, Rome",1
Sandro,1
Jean Renoir,1
Rosie the Riveter,1
MELOS,1
Tribute Money,1
Antonio Placido Guillermo Gaudi i Cornet ,1
Camille,1
Number,1
Saint Peter,1
Nativity,1
Four Saints in Three Acts,1
Karl Friedrich,1
Simone Martini,1
Three Places in New England,1
Daphnis and Chloe,1
Cannonball Adderley,1
Diabelli Variations (album),1
La Wally,1
Paul Delaroche,1
Aquiles Delle Vigne,1
Franz Joseph I of Austria,1
Poster,1
Jules Hardouin-Mansart,1
Scythian Suite,1
United States Academic Decathlon,1
.bcn,1
"Banqueting House, Whitehall",1
Portrait of Dr. Gachet,1
Mannerism,1
Airport,1
The Passion of Joan of Arc,1
Sagrada Família,1
George Stubbs,1
Pauline Brockless,1
Spring,1
Charles I in Three Positions,1
Karol Szymanowski,1
Jacques Derrida,1
Flower,1
School of Fontainebleau,1
Washington Allston,1
Basilica of St Denis,1
Magi,1
Hermes,1
L'Absinthe,1
List of string quartets by Béla Bartók,1
Crucifixion,1
Jazz flute,1
Detroit Industry Murals,1
Piano Concerto No. 5 (Beethoven),1
Cologne,1
The Deposition from the Cross (Pontormo),1
Horn Concertos (Mozart),1
De pictura,1
Romola,1
Modern Times,1
Actor,1
Takanyi Garanganga,1
Athol Fugard,1
The Stages of Life,1
Musician,1
Nijmegen Helmet,1
William Schuman,1
Last Supper (Tintoretto),1
Stairs,1
Antonello da Messina,1
String symphonies (Mendelssohn),1
Petrarch,1
Richard Serra,1
Willem,1
Opera house,1
List of compositions by Franz Liszt (S.351–S.999),1
The Greek Slave,1
Joseph Wright of Derby,1
Albretcht Durer,1
Symphony on a French Mountain Air,1
Suprematism,1
Grape,1
Pincher Martin,1
Das Lied von der Erde,1
Thaïs,1
Guercino,1
"After seeing this painting, an intellectual compared the ""C"" shape traced out by its figures to a plate bent by Augustus the Strong. In this painting, a self-portrait of the artist is holding his left hand at a painful-looking right angle behind his back and holding a young girl's hand with his right. The background of this painting contains a racetrack where the viewer can barely make out the activity of racing horses. In the foreground of this painting, a girl in pink with her back to the viewer is holding a basket full of flowers; at a distance from her, a woman in a red skirt who may be Fernande Olivier sits, far from the rest of the group, next to a pitcher of water. In this painting, a sack-wielding fat man in ",1
El Escorial,1
Nanook of the North,1
Saint Anthony,1
Francis I of France,1
The Communist Manifesto,1
Fresco,1
"Cathedral of St. Matthew the Apostle (Washington, D.C.)",1
Fred Astaire,1
Brideshead Revisited,1
"String Quartets, Op. 20 (Haydn)",1
Der,1
Robert Indiana,1
L'italiana in Algeri,1
Arcangelo Corelli,1
Bicycle,1
Rockquiem,1
Bedroom in Arles,1
Capital asset pricing model,1
Rabindranath Tagore,1
Vertigo,1
Roscoe Conkling,1
John Brown,1
Olmec,1
Symphony No. 41,1
List of Kannada films of the 1930s,1
Les Grandes Baigneuses (Renoir),1
Guerrillero Heroico,1
A Clockwork Orange,1
Lyric,1
Confederate State Capitol building (Arkansas),1
"Anatoly ""Lazy"" Liadov ",1
William Albright (musician),1
Hot n Cold,1
David Mamet,1
French overture,1
Umbrella,0
"Rain, Steam and Speed – The Great Western Railway",0
Werner Herzog,0
Messiah (disambiguation),0
Kazimir Malevich,0
The Temptation of St. Anthony,0
List of works designed with the golden ratio,0
Hockney–Falco thesis,0
"Buffalo, New York",0
Witches' Sabbath (The Great He-Goat),0
Glenn Gould,0
Apostrophe,0
Brahma,0
Gayane,0
Birds (disambiguation),0
Catechism of the Catholic Church,0
Ivan Pavlov,0
Stormblåst,0
Jazz drumming,0
Eye,0
Seine (Van Gogh series),0
Anna Pavlova,0
Stephen Foster,0
Symphony No. 5 (Beethoven),0
Mali Empire,0
Necklace,0
Madonna,0
Ludwing Mies Van Der Rohe ,0
Guru Granth Sahib,0
Éric,0
Subjunctive mood,0
Czechoslovakia,0
Oliver Goldsmith,0
The Anatomy Lesson of Dr. glyph817icholas Tulp ,0
Eddie Redmayne,0
"Mahler's Symphony glyph817o. 1 in D-Major,""Titan"" ",0
Bronze,0
Train station,0
The Starry Night,0
John Henry,0
Marcel Marceau,0
Rhinoceros,0
Commutative property,0
List of compositions by Johann Nepomuk Hummel,0
Georgia,0
Sculpture,0
Rock (geology),0
Athens,0
The Love Song of J. Alfred Prufrock,0
Suspension bridge,0
René,0
Mission San Juan Capistrano,0
D,0
Messiah Part II,0
The Scream,0
Constantin Brâncuși University,0
William Tell,0
Western (genre),0
Dome of the Rock,0
Lincoln Memorial,0
The Phantom of the Opera,0
Dada,0
Ancient Rome,0
Judas Maccabeus,0
Puppet,0
Art Deco,0
Andrew,0
John Wayne,0
Pomp and Circumstance Marches,0
Hunt,0
Michelangelo Buenarroti ,0
Figaro,0
Piano sonata,0
Twilight of the Idols,0
Red,0
Percussion instrument,0
Pachelbel's Canon,0
Bolero,0
Bed,0
Ancient Greece,0
Pyramid,0
Artistic revolution,0
Kingdom of the Netherlands,0
Campanella,0
List of operettas by Johann Strauss II,0
Dante Gabriel Rossetti,0
Jenůfa,0
Noccolo Paganini,0
Schumann,0
Rhapsody in Blue (film),0
Carmina Burana: Secular songs for singers and choruses accompanied by instruments and magical images,0
In the Hall of the Mountain King,0
The Sound of Music,0
Mile,0
John Williams,0
Tragedy,0
Tritone,0
The Thinker,0
From the New World,0
Great Depression,0
Ludwig Mies van der Rohe?,0
Chromatic scale,0
Cole Porter,0
The Stars and Stripes Forever,0
"Triptych, May–June 1973",0
Louis,0
The Grapes of Wrath,0
The New Yorker,0
The Seventh Seal,0
C. S. Lewis,0
The Blue Boy,0
Symphony No. 4 (Beethoven),0
Bird vocalization,0
The Birth of Venus,0
Readymades,0
Qin Shi Huang,0
Flight of the Bumblebee,0
Thales,0
Richard Nixon,0
David (Michelangelo),0
Vincent,0
Hillaire Germaine Edgar Degas,0
Wood,0
Bauhaus,0
Frédéric,0
JULES,0
Nighthawks,0
Siegfried (opera),0
Candle,0
United Kingdom,0
Dome,0
Julia Warhola,0
Leonardo,0
Stephen Sondheim,0
Andrew Lloyd Webber,0
John Philip Sousa,0
The Red Wheelbarrow,0
Arch,0
M. C. Escher,0
J,0
Prosper Mérimée,0
Joseph,0
Boat,0
Past tense,0
Granite,0
Villa Gamberaia,0
Mary (mother of Jesus),0
Symphony No. 3 (Simpson),0
Mathew Brady,0
Vasily,0
Gustav,0
Venus of Urbino,0
Ode to Joy (disambiguation),0
Pablo,0
Moon,0
The Brothers Karamazov,0
Renaissance,0
Arc de Triomphe,0
Terracotta,0
The Disasters of War,0
Apollo Theater,0
"Abbey Road, London",0
Bulls,0
Collage,0
Günter Grass,0
Clown,0
Pyotr Ilytch Tchaikovsky,0
Mephistopheles,0
Scottish,0
Pastoral,0
Hagia Sophia,0
A Midsummer Night's Dream,0
Flag,0
Alfred Hitchcock,0
The Gross Clinic,0
Holliday,0
George,0
Minute Waltz,0
Kabuki,0
Altarpiece,0
Walter Nouvel,0
Gravitational lens,0
Beethoven's glyph817inth Symphony ,0
David Bowie,0
Simon Pullman,0
Peter and the Wolf,0
M,0
Rembrandt Harmeenszoon van Rijn,0
Martin Scorsese,0
Egypt,0
Star Trek III: The Search for Spock,0
"Picasso: Magic, Sex & Death",0
Johannesburg,0
Woodblock printing,0
Viktor Ullmann,0
French,0
Through the Looking-Glass,0
Park,0
Garbage collection,0
Guru Arjan,0
Annie,0
Pazzi conspiracy,0
Woodcut,0
War,0
California,0
Metronome,0
Ethics,0
Tower of London,0
Trevi Fountain,0
Frederic,0
Assumption of Mary,0
Boris Godunov,0
Tripiṭaka,0
From a Window,0
Symphony No. 9,0
Marc Zaharovich Chagall ,0
David (Donatello),0
Chikamatsu Monzaemon,0
Frank,0
Taj Mahal,0
Baritone,0
Skyscraper,0
Gateway Arch,0
Christina's World,0
Edward,0
Owl City,0
Opera,0
Fallingwater,0
Cycloid,0
Bone marrow,0
Duke Ellington House,0
Madonna (art),0
Buttress,0
Marble,0
Arnolfini Portrait,0
Noh,0
Mozart family grand tour,0
Johann Wolfgang von Goethe,0
Restoration of the Sistine Chapel frescoes,0
Hooked on Classics 4 - Baroque,0
Symphony No. 65 (Haydn),0
My Fair Lady,0
Green,0
Bathing,0
Palace,0
Doctor,0
Piano Concerto No. 1 (Bartók),0
Sabines,0
Wedding,0
Franz Kafka,0
Vaslav Nijinsky,0
Gold leaf,0
Egyptian pyramids,0
The Last Supper (Leonardo da Vinci),0
Elvis Presley,0
Bird,0
Dubai,0
"Hagia Sophia, Thessaloniki",0
Wayne Eagling,0
Symphony No. 8 (Sibelius),0
Gaia,0
United States Capitol,0
Australian Recording Industry Association,0
New York,0
Diego,0
Jersey Boys,0
2001: A Space Odyssey,0
E-flat,0
Dwarf,0
Modern sculpture,0
"Nude Descending a Staircase, No. 2",0
Absinthe,0
Charter school,0
Matsuo Bashō,0
Farmhouse in Provence,0
D. W. Griffith,0
Triple metre,0
Central Park,0
Luciano Pavarotti,0
Rent (musical),0
Morning Mood,0
Concerto,0
(120178) 2003 OP32,0
Pizzicato,0
Dragon,0
St. Peter's Basilica,0
Commemoration (prayer),0
Oklahoma!,0
Simple Gifts,0
Pygmalion,0
Casablanca,0
Forbidden City,0
Sun,0
Ragtime,0
Dies Irae,0
Andrea del Sarto (poem),0
Venus and Mars,0
Igor,0
Distillation,0
Heart transplantation,0
Child,0
Raising the Flag on Iwo Jima,0
Gold,0
Bob Dylan,0
Roman emperor,0
Conquistador,0
Lorenzo Da Ponte,0
Pyongyang,0
Flamenco,0
