Johann Sebastian Bach,13
Pyotr Ilyich Tchaikovsky,12
Michelangelo,12
Richard Wagner,12
Johannes Brahms,11
Franz Schubert,10
The Magic Flute,10
Wolfgang Amadeus Mozart,9
Sandro Botticelli,9
Spain,8
Rembrandt,8
Claude Debussy,8
Raphael,8
Aaron Copland,8
Carmen,8
Nighthawks,7
Eugène Delacroix,7
Salvador Dalí,7
Ludwig van Beethoven,7
Leonardo da Vinci,7
Trumpet,7
Gustav Mahler,6
The Persistence of Memory,6
Edvard Munch,6
Gioachino Rossini,6
Jacques-Louis David,6
Edgar Degas,6
Diego Velázquez,6
Igor Stravinsky,6
Auguste Rodin,6
Giuseppe Verdi,6
The School of Athens,6
Franz Liszt,6
Claude Monet,6
Joseph Haydn,6
Edward Elgar,6
,5
Antonín Dvořák,5
Giacomo Puccini,5
The Garden of Earthly Delights,5
Sergei Prokofiev,5
The Barber of Seville,5
The Birth of Venus,5
El Greco,5
Maurice Ravel,5
Frédéric Chopin,5
Last Supper,5
Don Giovanni,5
Saxophone,5
Donatello,5
Felix Mendelssohn,5
Antonio Vivaldi,5
Grant Wood,5
Richard Strauss,5
Robert Schumann,5
Thomas Eakins,5
Violin,5
Vincent van Gogh,5
The Hay Wain,4
Francisco Goya,4
Guernica,4
Benjamin Britten,4
American Gothic,4
Édouard Manet,4
Piano sonatas (Beethoven),4
Leonard Bernstein,4
Titian,4
Frank Lloyd Wright,4
Las Meninas,4
Le Déjeuner sur l’herbe,4
Ansel Adams,4
String quartet,4
Gustav Holst,4
Pablo,4
Edvard Grieg,4
Symphonie fantastique,4
Caravaggio,4
Arnold Schoenberg,4
I and the Village,4
René Magritte,4
Arnolfini Portrait,4
Constantin Brâncuși,4
The Carnival of the Animals,4
George Frideric Handel,4
The Rite of Spring,4
Béla Bartók,4
J. M. W. Turner,4
Andy Warhol,3
Madama Butterfly,3
Edward Hopper,3
Waltz,3
The Four Seasons,3
Photography,3
Paul Cézanne,3
Faust,3
The Scream,3
Albrecht Dürer,3
David,3
Bolero,3
Symphony,3
Marc Chagall,3
Peter Paul Rubens,3
John Coltrane,3
Diego Rivera,3
Philip Glass,3
Clarinet,3
Eero Saarinen,3
Symphony No. 6 (Beethoven),3
Aida,3
Johannes Vermeer,3
Parthenon,3
Pablo Picasso,3
Flute,3
John Cage,3
United States,3
La bohème,3
Requiem,3
Louis Armstrong,3
Akira Kurosawa,3
Jackson Pollock,3
Pictures at an Exhibition,3
Modest Mussorgsky,3
Cello,3
Swan Lake,3
Russia,3
1812 Overture,3
Marcel Duchamp,3
The Night Watch,3
George Gershwin,3
Messiah,3
Camille Saint-Saëns,3
George Washington,3
Jan van Eyck,3
Turandot,3
Washington Crossing the Delaware,3
I. M. Pei,3
Benjamin West,2
Piano,2
Empire State Building,2
La traviata,2
Dmitri Shostakovich,2
Le Corbusier,2
Pop art,2
Symphony No. 9 (Dvořák),2
The Starry Night,2
Martha Graham,2
The Nutcracker,2
D major,2
Rococo,2
Rigoletto,2
The Kiss,2
Nikolai Rimsky-Korsakov,2
Pachelbel's Canon,2
Frank Gehry,2
Mary Cassatt,2
Norman Rockwell,2
C major,2
Fugue,2
Scott Joplin,2
David (Michelangelo),2
Christopher Wren,2
John Philip Sousa,2
Cubism,2
Rhapsody in Blue,2
The Raft of the Medusa,2
Boat,2
Charlie Parker,2
Mathew Brady,2
Venus of Urbino,2
Pagliacci,2
Alexander Calder,2
Georges Bizet,2
Der Ring des Nibelungen,2
Dog,2
Oboe,2
List of symphonies by Wolfgang Amadeus Mozart,2
Fauvism,2
Jean Sibelius,2
Sistine Chapel ceiling,2
Guitar,2
The Death of Socrates,2
The Death of Marat,2
Pieter Bruegel the Elder,2
Hector Berlioz,2
Gustave Courbet,2
Praxiteles,2
Wayne Eagling,2
Sergei Rachmaninoff,2
Jesus,2
Sirius XM Pops,2
James Abbott McNeill Whistler,2
Concerto,2
Mannerism,2
The Masses (disambiguation),2
England,2
Hudson River School,2
Die Fledermaus,1
Pipe organ,1
Sonata,1
Photograph,1
Paul Gauguin,1
Henri Matisse,1
Mount Rushmore,1
Night Watch,1
Henry Purcell,1
Ralph,1
Miles Davis,1
A,1
Birds (disambiguation),1
Catechism of the Catholic Church,1
Blue,1
Frida Kahlo,1
Crucifixion of Jesus,1
Ingmar Bergman,1
West Side Story,1
Statue of Liberty,1
Night on Bald Mountain,1
The Anatomy Lesson of Dr. Nicolaes Tulp,1
John Singer Sargent,1
Chicago,1
Thomas Cole,1
Claudio Monteverdi,1
Bronze,1
The Third of May 1808,1
Ecstasy of Saint Teresa,1
Rhinoceros,1
Symphony No. 8 (Mahler),1
Georgia,1
Amahl and the Night Visitors,1
Pre-Raphaelite Brotherhood,1
Sculpture,1
The Ambassadors,1
D,1
Messiah Part II,1
Surrealism,1
Constantin Brâncuși University,1
William Tell,1
Dome of the Rock,1
The Phantom of the Opera,1
Time Transfixed,1
Franz Ritter von Liszt,1
Winslow Homer,1
Peer Gynt (Grieg),1
Puppet,1
William Hogarth,1
Carmina Burana,1
Tango,1
Figaro,1
Honoré de Balzac,1
Porgy and Bess,1
Apollo,1
Palace of Versailles,1
Percussion instrument,1
Florence Cathedral,1
Bed,1
Pyramid,1
Kingdom of the Netherlands,1
List of operettas by Johann Strauss II,1
White,1
Noccolo Paganini,1
Rhapsody in Blue (film),1
In the Hall of the Mountain King,1
Sydney Opera House,1
John Williams,1
Tragedy,1
Tritone,1
The Thinker,1
Hungary,1
From the New World,1
Great Depression,1
Chromatic scale,1
Maya Lin,1
Ashcan School,1
Impressionism,1
C. S. Lewis,1
The Blue Boy,1
Symphony No. 4 (Beethoven),1
Bird vocalization,1
Flight of the Bumblebee,1
Thales,1
Richard Nixon,1
Sistine Chapel,1
The Planets,1
Caspar David Friedrich,1
Vincent,1
Pointillism,1
Frederic Remington,1
Dizzy Gillespie,1
Venice,1
Bauhaus,1
Salvador,1
Der Blaue Reiter,1
Death,1
Dome,1
Rhapsody,1
London,1
Charles Ives,1
Great Britain,1
Piano Sonata No. 14 (Beethoven),1
Ralph Vaughan Williams,1
Arch,1
J,1
Prosper Mérimée,1
Seagram Building,1
Pierre-Auguste Renoir,1
Mary (mother of Jesus),1
Symphony No. 3 (Simpson),1
Alfred Stieglitz,1
Ode to Joy (disambiguation),1
Tuba,1
Renaissance,1
Arc de Triomphe,1
Violin concerto,1
Liberty Leading the People,1
Finland,1
Brandenburg Concertos,1
Bulls,1
Gian Carlo Menotti,1
Pictures of Fidelman,1
Clown,1
Horse,1
Niccolò Paganini,1
John Adams (composer),1
The Gross Clinic,1
Tintoretto,1
Alhambra,1
Minute Waltz,1
Kabuki,1
Skull,1
Altarpiece,1
Wassily Kandinsky,1
Walter Nouvel,1
Pierre Boulez,1
David Bowie,1
Simon Pullman,1
Gian Lorenzo Bernini,1
Peter and the Wolf,1
M,1
Woodblock printing,1
French,1
France,1
Luncheon of the Boating Party,1
Abraham Lincoln,1
Annie,1
March (territorial entity),1
My Favorite Things,1
Bedřich Smetana,1
Ludwig Mies van der Rohe,1
Benvenuto Cellini,1
The Burial of the Count of Orgaz,1
Ethics,1
Italy,1
Boris Godunov,1
Symphony No. 9,1
Symphony No. 5,1
Franz,1
Lion,1
Skyscraper,1
Gateway Arch,1
Tosca,1
Christina's World,1
Florence,1
Opera,1
Vienna,1
Madonna (art),1
Marble,1
Watson and the Shark,1
Andrea Palladio,1
Glass,1
Nocturne,1
Théodore Géricault,1
Wedding,1
Gaetano Donizetti,1
The Swing,1
Oath of the Horatii,1
The Night Café,1
The Last Supper (Leonardo da Vinci),1
Elvis Presley,1
Soprano,1
Hieronymus Bosch,1
Symphony No. 8 (Sibelius),1
Venus,1
Fidelio,1
United States Capitol,1
Prélude à l'après-midi d'un faune,1
Antoni Gaudí,1
Benny Goodman,1
Georges Seurat,1
Australian Recording Industry Association,1
New York,1
Centre Georges Pompidou,1
Symphony No. 8 (Schubert),1
Modern sculpture,1
John Constable,1
Matsuo Bashō,1
Farmhouse in Provence,1
Luciano Pavarotti,1
"Pantheon, Rome",1
Dragon,1
St. Peter's Basilica,1
Commemoration (prayer),1
Samuel Barber,1
Simple Gifts,1
John Singleton Copley,1
Flower,1
Georgia O'Keeffe,1
Madrigal,1
Crucifixion,1
John Adams,1
Japan,1
Piet Mondrian,1
Bob Dylan,1
Conquistador,1
Prelude,1
Étienne Maurice Falconet,0
Anton Raphael Mengs,0
Queen of spades,0
Portraits of Vincent van Gogh,0
Duino Elegies,0
Don Pasquale,0
The Turkish Bath,0
London Symphony,0
Symphony No. 41 (Mozart),0
Toledo,0
List of masses by Wolfgang Amadeus Mozart,0
Ways of Seeing,0
Études (Chopin),0
Apoxyomenos,0
Umbrella,0
"Rain, Steam and Speed – The Great Western Railway",0
Phillip Johnson,0
Olivier Messiaen,0
5 (number),0
Rogier van der Weyden,0
Violin sonata,0
Reichstag building,0
The Harlequin's Carnival,0
1869 in Norway,0
Werner Herzog,0
Jazz piano,0
Pipe,0
Cahiers du cinéma,0
Kenji Mizoguchi,0
Fontana dei Quattro Fiumi,0
Messiah (disambiguation),0
Woolworth Building,0
Dalai Lama,0
Kaaba,0
Frederic Leighton,0
Hercules,0
Violin Sonata in G minor (Tartini),0
The Disquieting Muses,0
Giorgione,0
Naum Gabo,0
Urbino,0
Sunrise,0
Mikrokosmos,0
Franz Lehár,0
The Voyage of Life,0
Claude,0
Into the Woods,0
Man at the Crossroads,0
Mack the Knife,0
The Potato Eaters,0
Kazimir Malevich,0
Palazzo Pitti,0
Lamas,0
The Marriage of Figaro,0
Jacob wrestling with the angel,0
The Temptation of St. Anthony,0
Buster Keaton,0
Lakmé,0
String Quartet No. 5 (Shostakovich),0
Max Bruch,0
London Convention (1884),0
The Feast in the House of Levi,0
List of works designed with the golden ratio,0
Maria Stuarda,0
Luigi Boccherini,0
Saint Sebastian,0
Giovanni Battista Pergolesi,0
Passover Seder,0
Nicolas Poussin,0
Passacaglia,0
Swimsuit,0
Hockney–Falco thesis,0
Heinrich Ignaz Franz Biber,0
Landscape with the Fall of Icarus,0
"Buffalo, New York",0
Duke Ellington,0
The Civilizing Process,0
Nat King Cole,0
Philippe Halsman,0
Gutzon Borglum,0
Palmyra,0
Michel Richard Delalande,0
Villa Savoye,0
Justinian Tamusuza,0
Piano Concerto No. 5 (Mozart),0
A Sportsman's Sketches,0
Te Deum,0
Pines of Rome,0
Chorale cantata (Bach),0
Degenerate Art Exhibition,0
Hugo van der Goes,0
Symphony: Mathis der Maler,0
Bellini,0
Scheherazade,0
Sacraments of the Catholic Church,0
André Derain,0
Witches' Sabbath (The Great He-Goat),0
Daniel Burnham,0
CONFIG.SYS,0
Glenn Gould,0
Alberto Giacometti,0
V,0
Apostrophe,0
Painting,0
Henry Hobson Richardson,0
Bismarck-Mandan Symphony Orchestra,0
Santiago Calatrava,0
Occitan language,0
Missa solemnis,0
Lincoln Cathedral,0
L'Africaine,0
Clarinet concerto,0
Brahma,0
Le tombeau de Couperin,0
Polyclitus,0
The Charging Chasseur,0
Motet,0
Tokyo Story,0
Gayane,0
Spinning Wheels (PAT station),0
Piano Concerto No. 4 (Prokofiev),0
"At the start of Russian Easter Festival Overture, this instrument's section splits into three soloists and a tutti after a dolce solo by it. Four soloists from this instrumental section play in the opening of the 1812 Overture. This instrument is the soloist in Tchaikovsky's Variations on a Rococo Theme and Max Bruch's ",0
Ukiyo-e,0
Giacomo Meyerbeer,0
The Mystical Nativity,0
Russian Easter Festival Overture,0
IllumiNations,0
Ottorino Respighi,0
Alpha particle,0
Trinity Church,0
F-sharp minor,0
Ivan Pavlov,0
Adolf Hitler,0
"In this film's opening credits, a still image of Michelangelo's Creation of Adam accompanies an overture by Miklos Rosza. In one sequence in this film, a row of hanging gold sculptures of dolphins gets tipped over one by one. Its title character wears a slave ring given to him by Simonides's daughter Esther, and is aided by Ilderim, an ",0
Iron Pagoda,0
Black Orpheus,0
Weiner,0
Oscar Niemeyer,0
Coleman Hawkins,0
Air (music),0
Can-can,0
Pathetique,0
A Trip to the Moon,0
Stormblåst,0
Werther,0
The Yellow Christ,0
Natalia Goncharova,0
Jazz drumming,0
Judgement of Paris,0
Eye,0
Christian Marclay,0
Weak interaction,0
Jukka-Pekka Saraste,0
Tate Modern,0
Jean-Léon Gérôme,0
Ludwig,0
Die Meistersinger von Nürnberg,0
Orsanmichele,0
Yves Tanguy,0
The Coronation of Napoleon,0
Isle of the Dead,0
Pieter de Hooch,0
French horn,0
Lincoln Center for the Performing Arts,0
Symphony of Psalms,0
Édouard Lalo,0
1888 in art,0
Black Paintings,0
BACH motif,0
La Cenerentola,0
Béla Tarr,0
Virgin of the Rocks,0
Suite bergamasque,0
Richard Morris Hunt,0
Stan Getz,0
India,0
"Piano Sonata No. 23 in F minor, Opus 57, ""Appasionata"" ",0
Milan,0
Canizzarro reaction,0
Alexander Scriabin,0
Seine (Van Gogh series),0
Vladimir Tatlin,0
Mikhail Glinka,0
Dean of Westminster,0
The Battle of Alexander at Issus,0
Watermelon Man,0
Odilon Redon,0
Pierre Puget,0
Diner,0
Florence Baptistery,0
Academic Festival Overture,0
Manon Lescaut,0
Hiroshige,0
Muse,0
William,0
"Rain, Steam and Speed",0
Anna Pavlova,0
Deep Play: Notes on the Balinese Cockight ,0
Missa Papae Marcelli,0
Napoleon,0
White Crucifixion,0
Mikhail Chigorin,0
Denise Scott Brown,0
Charles-Valentin Alkan,0
The Threepenny Opera,0
Gustave Caillebotte,0
Jean Philippe,0
Children of Paradise,0
Egg,0
Vincenzo,0
L'incoronazione di Poppea,0
Petrus Christus,0
Gaspard de la nuit,0
Gentile da Fabriano,0
Pennies for Peace,0
The Saint of Bleecker Street,0
Stephen Foster,0
Vilnius,0
Sufi whirling,0
Cistercians,0
Mirror,0
Homer Simpson,0
Frans Hals,0
Vancouver Symphony Orchestra,0
Transcendental Étude No. 1 (Liszt),0
Robert Campin,0
Carl Orff,0
Rebel Without a Cause,0
Charles Gounod,0
The Daughters of Edward Darley Boit,0
Symphony No. 5 (Beethoven),0
History of art,0
Fanfare for the Common Man,0
North by Northwest,0
Albright–Knox Art Gallery,0
Peter Harvey (baritone),0
Alexander,0
Napoleon as Mars the Peacemaker,0
Now We Are Six,0
La serva padrona,0
Gang of Four,0
Mali Empire,0
Necklace,0
The Hunters in the Snow,0
The Progress of Love,0
Manichaeism,0
The Allegory of Good and Bad Government,0
Russian Empire,0
Marina Abramović,0
Paul Signac,0
Madonna,0
Songs Without Words,0
Frederick Delius,0
Ludwing Mies Van Der Rohe ,0
Luciano Berio,0
Pelleas und Melisande (Schoenberg),0
Cormac mac Airt,0
Johannes,0
Temple of Artemis,0
Guru Granth Sahib,0
Maestà,0
Éric,0
Sylvia,0
Saturn Devouring His Son,0
Subjunctive mood,0
Will of George Frideric Handel,0
Czechoslovakia,0
Alan Hovhaness,0
"Norman Foster, Baron Foster of Thames Bank",0
First Street station,0
Mephisto Waltzes,0
2014–15 Szombathelyi Haladás season,0
Ziggurat,0
Symphony No. 3 (Górecki),0
Nixon in China,0
Miracle of the Slave (Tintoretto),0
Lucy,0
Lieutenant Kijé,0
Ben Shahn,0
Thirty-six Views of Mount Fuji,0
Christ's Entry Into Brussels in 1889,0
Rosa Bonheur,0
"Dmitri Shostakovitch's Symphony No. 4 in C minor, Opus 43",0
Snare drum,0
Epic Rap Battles of History,0
Madonna del cardellino,0
Lewis,0
Oliver Goldsmith,0
Irving Penn,0
The Blacks,0
William Julius Wilson,0
Goldberg Variations,0
Idomeneo,0
Music for the Royal Fireworks,0
Camera Work,0
Teddy bear,0
The Anatomy Lesson of Dr. glyph817icholas Tulp ,0
Egon Schiele,0
Victor Hugo,0
Solomon (Handel),0
Caprichos,0
Art museum,0
The Glass House,0
Gianni Schicchi,0
Deposition,0
Frits Hartvigson,0
Eddie Redmayne,0
"Mahler's Symphony glyph817o. 1 in D-Major,""Titan"" ",0
Sompo Japan Building,0
Mozart piano concertos,0
Netherlands,0
Anish Kapoor,0
Hungarian Rhapsodies,0
Dietrich Fischer-Dieskau,0
Saint Basil's Cathedral,0
Punishment of Marsyas,0
Regionalism (art),0
Blue Mosque,0
Jupiter,0
osef Anton Bruckner,0
Beethoven Quartet,0
"""V-J day in Times Square, 1945"" ",0
Book of Judith,0
Gerrit Rietveld,0
Jade Emperor,0
"Music for Strings, Percussion and Celesta",0
John,0
"Arden, Warwickshire",0
Walt Disney Concert Hall,0
Guillaume de Machaut,0
Jacob Lawrence,0
The Art of Fugue,0
Fondation Alberto et Annette Giacometti,0
Hermes and the Infant Dionysus,0
Préludes (Debussy),0
Transverse flute,0
John Everett Millais,0
William Hazlitt,0
Some Like It Hot,0
Buckingham Palace,0
Charles Demuth,0
Spider-Woman (TV series),0
Wozzeck,0
String quintet,0
Soldier,0
Train station,0
Howard Hawks,0
Hugo Wolf,0
Family Voices,0
Hippolyte Lucas,0
Classical guitar,0
Ole Christian Bach,0
Brasília,0
John Henry,0
Banditen-Galopp,0
Aubrey Beardsley,0
David and Goliath (Caravaggio),0
Mérode Altarpiece,0
Marcel Marceau,0
Billie Holiday,0
William Holman Hunt,0
Trill consonant,0
A Wedding,0
Agnes de Mille,0
Colombian Declaration of Independence,0
The Tempest,0
Northern Italy,0
"Venus, Cupid, Folly and Time",0
1881 in music,0
Alexander the Great,0
Commutative property,0
Anthony the Great,0
Marriage at Cana,0
"Nashville, Tennessee",0
The Gates of Paradise,0
Disputation of the Holy Sacrament,0
Serge (name),0
List of compositions by Johann Nepomuk Hummel,0
Judy Chicago,0
Adams,0
Tokyo,0
Michael Haydn,0
Blue straggler,0
In Search of Lost Time,0
Má vlast,0
Flight into Egypt,0
Maestà (Duccio),0
Leni Riefenstahl,0
Uffizi,0
L'elisir d'amore,0
Rock (geology),0
Symphony No. 9 (Beethoven),0
Athens,0
Empedocles,0
Peal de Becerro,0
Athena,0
Piazza dei Miracoli,0
Kenny vs. Spenny,0
The Hebrides (overture),0
Sonny Rollins,0
Gabriel,0
Johann Strauss II,0
Captain Macheath,0
Pottery,0
The Triumph of Death,0
Alvin Ailey,0
Ella Fitzgerald,0
John Vanbrugh,0
New Orleans Cotton Exchange,0
The Love Song of J. Alfred Prufrock,0
Walter Gropius,0
Museo del Prado,0
The Disrobing of Christ,0
Frederick the Great,0
Johannes Ockeghem,0
Airplane,0
Soviet Union,0
Manuel de Falla,0
Piano Sonata No. 6 (Prokofiev),0
Suspension bridge,0
Esa-Pekka Salonen,0
Parma,0
The Death of General Wolfe,0
List of Doctor Who supporting characters,0
René,0
Beethoven Frieze,0
Wynton Marsalis,0
Années de pèlerinage,0
Venus and Amor,0
List of symphonies by Robert Schumann,0
Mission San Juan Capistrano,0
Georges de La Tour,0
Charles Willson Peale,0
La Notte,0
1776,0
Paul Hindemith,0
Giacomo Balla,0
Sinfonietta,0
F. W. Murnau,0
Susan Macdowell Eakins,0
Oregon Symphony discography,0
Gates of Paradise,0
Krishna,0
Peale's Barber Farm Mastodon Exhumation Site,0
Venus de Milo,0
Children's Corner,0
James,0
"Asheville, North Carolina",0
Descent from the Cross,0
The Well-Tempered Clavier,0
The Burghers of Calais,0
Gymnopédies,0
Bathers at Asnières,0
Die Walküre,0
List of Holocaust memorials and museums,0
Triumphal arch,0
Jahangir,0
Piano Concerto No. 4 (Beethoven),0
Piano quintet,0
Seascapes,0
Paris symphonies,0
Vaterländischer Künstlerverein,0
Lacrimosa,0
Carlisle Floyd,0
Artwork of Isaac Mendez,0
Giovanni Bellini,0
Cube,0
Roberto Rossellini,0
Daniel Libeskind,0
King Arthur (opera),0
Tracking shot,0
List of operas by Meyerbeer,0
Western (genre),0
Arcadia,0
Ghent Altarpiece,0
El amor brujo,0
Rodeo,0
Lincoln Memorial,0
La muette de Portici,0
Guys and Dolls,0
Richard Neutra,0
Tubas,0
At the Moulin Rouge,0
Mona Lisa,0
Gerhard Richter,0
Marriage à-la-mode,0
Mark the Evangelist,0
Masaccio,0
Tristan and Iseult,0
Strange Fruit,0
Danse Macabre,0
Godfrey Kneller,0
Aaron,0
Tone cluster,0
The Course of Empire,0
Henry Fuseli,0
Hand,0
Carnaval (Schumann),0
Mantua,0
Column,0
Colonel Crackpot's Circus,0
Dada,0
L'Enseigne de Gersaint,0
Jean Marcel Honoré,0
Ancient Rome,0
Jean,0
Judas Maccabeus,0
Symphony No. 6 (Mahler),0
Czech,0
Patience,0
Transcendental Études,0
Casa Milà,0
Art Deco,0
Marriage à-la-mode: 3. The Inspection,0
Prague,0
Cool jazz,0
Pat Nixon,0
8 (disambiguation),0
Artemisia Gentileschi,0
Arthur Honegger,0
Vincenzo Bellini,0
Grande Odalisque,0
Cenacle,0
Andrey,0
Annie Leibovitz,0
Galleria Borghese,0
Andrew,0
John Wayne,0
The Grand Budapest Hotel,0
Lucian Freud,0
Bagpipes,0
Goldberg,0
Simon Boccanegra,0
Pomp and Circumstance Marches,0
Hunt,0
Metropolitan Opera,0
The Battle of San Romano,0
Jean-Louis-Ernest Meissonier,0
String Quartet No. 2 (Shostakovich),0
Winged Victory of Samothrace,0
Piano Sonata No. 29 (Beethoven),0
Kurt Eichhorn,0
World War II,0
Jan Steen,0
Charles,0
Andreas Gursky,0
Michelangelo Buenarroti ,0
Film noir,0
The Intervention of the Sabine Women,0
Lisztomania,0
Elephant,0
Rashomon,0
Käthe Kollwitz,0
Weighing of souls,0
How the Other Half Lives,0
Frank Stella,0
The Comedian as the Letter C,0
Variation (music),0
Russian Census (2010),0
Die Forelle,0
Citizen Kane,0
Frédéric Bazille,0
Matthew the Apostle,0
Taliesin (studio),0
Lady Macbeth,0
Philip Johnson,0
Piano sonata,0
The Great Wave off Kanagawa,0
Sergei Diaghilev,0
Twilight of the Idols,0
Pelléas and Mélisande,0
The Blue Dahlia,0
Les Paul,0
An Alpine Symphony,0
Bill Hicks,0
Canon,0
Symphony No. 3 (Beethoven),0
Terry Pratchett,0
Dialogues of the Carmelites,0
Symphony No. 7 (Beethoven),0
The Ten,0
Christoph Willibald Gluck,0
Orfeo ed Euridice,0
Bashar Jaafari,0
Four Crowned Martyrs,0
Crown,0
West Coast Hotel Co. v. Parrish,0
Karlheinz Stockhausen,0
Salvador Dalí Museum,0
César Pelli,0
Catalog of the paintings on show at the Rijksmuseum in 1956,0
Blue Nude II,0
Red,0
Islamey,0
Luigi Cherubini,0
The Slave Ship,0
El Jaleo,0
3 (number),0
Buddy DeFranco,0
Anselm Kiefer,0
Giovanni Pierluigi da Palestrina,0
Zoltán Kodály,0
Diptych,0
Pacific Ocean,0
The Massacre at Chios,0
Philip Morris,0
Bartolomé Esteban Murillo,0
Cathedral,0
Book of Kells,0
Édith Piaf,0
Doctor Faustus,0
Portugal,0
Sweden,0
Cindy Sherman,0
Giorgio de Chirico,0
Alec Guinness,0
"Kansas City, Missouri",0
Knoxville: Summer of 1915,0
Merce Cunningham,0
Concert (disambiguation),0
Papier-mâché,0
Fountain,0
Alberto,0
The Creation of Adam,0
Strangers on a Train,0
Gioachino,0
Giselle,0
Andrea del Sarto,0
Osmo Tapio Räihälä,0
Peter Baldacchino,0
Mosaic,0
James VI and I,0
Girl with a Pearl Earring,0
Meditations on First Philosophy,0
F,0
Free jazz,0
Lexington-Concord Sesquicentennial half dollar,0
The Creation (Haydn),0
Ancient Greece,0
The Helga Pictures,0
Romare Bearden,0
Martina Steckholzer,0
Artistic revolution,0
Thus Spoke Zarathustra,0
The Age of Bronze,0
The Dance,0
Wong Kar-wai,0
Rothko Chapel,0
Take Five,0
Work of art,0
Lyric Suite (Berg),0
Dante Alighieri,0
Louhi,0
György,0
Campanella,0
Flying Dutchman,0
The Chairman Dances,0
Basilica of Santa Maria Novella,0
Borobudur,0
Arpeggione Sonata,0
Yves Klein,0
Dante Gabriel Rossetti,0
Kindred Spirits,0
Samuel Coleridge-Taylor,0
Op art,0
Swans Reflecting Elephants,0
B-flat,0
Almost Angels,0
Adoration of the Magi,0
Parable of the talents or minas,0
LE,0
Chinese calligraphy,0
Jean-Antoine Watteau,0
Tarantella (ballet),0
The Snake Charmer,0
Ilya Repin,0
Kusamakura (novel),0
The Rape of Europa (Rubens),0
The Art of Painting,0
The Medium,0
Alexander Glazunov,0
The Three-Cornered Hat,0
Nuccia Focile,0
Equestrian statue,0
Danaë,0
Bal du moulin de la Galette,0
Pietà,0
Verklärte Nacht,0
Jenůfa,0
Ruslan and Ludmila,0
Dallas,0
Belshazzar's feast,0
Un ballo in maschera,0
Louis Kahn,0
Schumann,0
World War I,0
Jacob van Ruisdael,0
Robert Henri,0
John the Baptist,0
Paul Taylor,0
Virgil Tibbs,0
George Enescu,0
Mariachi,0
Ice skating,0
Rome,0
Carmina Burana: Secular songs for singers and choruses accompanied by instruments and magical images,0
The Silence of the Lambs,0
Piano Concerto No. 2 (Rachmaninoff),0
Harold Arlen,0
Le marteau sans maître,0
Lullaby,0
John 16,0
Adolphe Adam,0
Symphony No. 5 (Mendelssohn),0
Pietro Perugino,0
Yellow,0
Fritz Lang,0
The Sound of Music,0
Mile,0
Benjamin Johnson Lang,0
Pope Innocent X,0
The God of Small Things,0
The Feast of the Gods,0
The Bacchae,0
Zealand,0
Green Stripe,0
Charles Bulfinch,0
Guadalajara,0
A-Train,0
Clifford Geertz,0
Michigan,0
Cello concerto,0
Symphony No. 6 (Tchaikovsky),0
Harmandir Sahib,0
Elizabeth I of England,0
Cadence (music),0
The Frogs,0
Thomas Hart Benton,0
Anger,0
Tristan und Isolde,0
Max Schmitt in a Single Scull,0
Pavel Štěpán,0
La Gioconda,0
Castor et Pollux,0
The Dying Swan,0
Alban Berg,0
Bronzino,0
"Hydriotaphia, Urn Burial",0
Last Year at Marienbad,0
Brazil,0
The Battle of Algiers,0
Wanderer,0
Lorenzo Ghiberti,0
Les Nabis,0
Romeo and Juliet,0
Columbus Globe for State and Industry Leaders,0
Georges Perec,0
Swings,0
Black,0
Claes Oldenburg,0
Ludwig Mies van der Rohe?,0
Roberto Bolaño,0
Hysteresis,0
St Matthew Passion,0
Time out,0
Annunciation,0
London symphonies,0
Kurt Weill,0
In the Mood for Love,0
The Ghosts of Versailles,0
Saint Jerome in His Study,0
Charlie Chaplin,0
Third Siege of Missolonghi,0
Playing card,0
Jacob Epstein,0
Serenade,0
Portinari Altarpiece,0
Dmitry Kabalevsky,0
David Hockney,0
Ship of fools,0
François Truffaut,0
Pablo Casals,0
Where Do We Come From? What Are We? Where Are We Going?,0
Windsor Castle,0
Hansel and Gretel,0
Faust (opera),0
Inigo Jones,0
Germaine Tailleferre,0
The Rape of Europa,0
Leningrad première of Shostakovich's Symphony No. 7,0
The Architect's Dream,0
Judith beheading Holofernes,0
Yama,0
Los Angeles Philharmonic,0
De Stijl,0
Lysippos,0
In the Steppes of Central Asia,0
Edward Weston,0
Capriccio Espagnol,0
Oedipus at Colonus,0
Cole Porter,0
Andrei Tarkovsky,0
The Stars and Stripes Forever,0
Dido,0
"Triptych, May–June 1973",0
"El Sombrero de tres picos, ballet in 2 parts, G. 53 ",0
Christo and Jeanne-Claude,0
North of Boston,0
Marlene Dietrich,0
The Nightmare,0
Swan (disambiguation),0
The Ruins of Athens,0
T. E. Lawrence,0
Amsterdam,0
Symphony No. 3 (Michael Haydn),0
Giant Steps,0
Sleeping Beauty (disambiguation),0
Concerto for Orchestra,0
Iberian Peninsula,0
William Walton,0
Dave Brubeck,0
Edgard Varèse,0
Minaret,0
Filippo Brunelleschi,0
Moksha,0
Gaetano,0
Dan Flavin,0
Giambologna,0
Gretchen am Spinnrade,0
Gulf Stream,0
Diego Velázquez de Cuéllar,0
Les Huguenots,0
Madonna with the Long Neck,0
Louis,0
The Grapes of Wrath,0
Sofonisba Anguissola,0
David Pereira,0
Caprice No. 24 (Paganini),0
On the Transmigration of Souls,0
Baroque,0
The New Yorker,0
Angel,0
Count Basie Orchestra,0
The Seventh Seal,0
Toccata,0
The Surrender of Breda,0
Donato Bramante,0
Slavery in ancient Greece,0
Caryatid,0
List of symphonies by Joseph Haydn,0
Abstract expressionism,0
Le Martyre de saint Sébastien,0
List of symphonies in D minor,0
Arnold Böcklin,0
David Garrick,0
Robert Rauschenberg,0
Winslow,0
Michel Fokine,0
Ginevra de' Benci,0
Readymades,0
Budapest Philharmonic Orchestra,0
Berlin,0
Qin Shi Huang,0
Palenque,0
Evelyn Waugh,0
Biblical apocrypha,0
Kalevala,0
Pierrot Lunaire,0
Watts Towers,0
The Day He Himself Shall Wipe My Tears Away,0
Afghan Girl,0
Cleomenes I,0
Jules Massenet,0
Lady Macbeth of the Mtsensk District,0
Louis XIV of France,0
Iseult,0
Polonaise,0
George Caleb Bingham,0
Jean-Luc Godard,0
Love's Labour's Lost,0
The Firebird,0
Moulin Rouge,0
The Four Stages of Cruelty,0
Naima Jeffery,0
Night of the Hunter,0
Pierre Bonnard,0
Holberg Suite,0
24 Caprices for Solo Violin (Paganini),0
Christmas carol,0
Apollon,0
Laocoön and His Sons,0
Charles IV of Spain and His Family,0
The Music Lesson,0
Kenzō Tange,0
Toshiko Akiyoshi,0
A Chorus Line,0
Leon Golub,0
HMS Temeraire (1798),0
BioWare,0
Cosmic ray,0
Octatonic scale,0
Hillaire Germaine Edgar Degas,0
Hector,0
Giovanni Battista Piranesi,0
Habanera,0
Wyeth,0
"Va, pensiero",0
Die schöne Müllerin,0
Asher Brown Durand,0
Frank Sinatra,0
Arvo Pärt,0
Wood,0
Full Metal Jacket,0
Sixth,0
"String Quartets, Op. 50 (Haydn)",0
Winter Palace,0
Frédéric,0
Aphrodite,0
Tower of Babel,0
Gospel of Mark,0
Battle of the Bulge,0
Barcelona,0
Perseus with the Head of Medusa,0
JULES,0
Siegfried (opera),0
Candle,0
List of operas by Smetana,0
Dream,0
Goring-by-Sea,0
The Bartered Bride,0
Arius,0
The 39 Steps,0
United Kingdom,0
Max Ernst,0
Graffiti,0
White House,0
Charles and Ray Eames,0
Symphony No. 100 (Haydn),0
Camille Pissarro,0
"This artist began the first of his ""painted conversations"" while under commission for his patron Pierre Crozat. The title figure plays the guitar on a bench and looks towards the sky in this artist's Mezzetin. In one of his paintings, a woman ignores the paintings all around her and stares in a mirror while men on the other side of the canvas put away a portrait of King ",0
A Bar at the Folies-Bergère,0
François Couperin,0
Hall of Mirrors,0
The Consolation of Philosophy,0
Annibale Carracci,0
Bluebeard's Castle,0
Vertumnus,0
Hans Holbein the Younger,0
Bayeux Tapestry,0
Sinfonia antartica,0
Umberto Boccioni,0
George Balanchine,0
Musée d'Orsay,0
Hérodiade,0
Goliard,0
A House for Mr Biswas,0
Georges,0
Twelve Angry Men,0
Edward Said,0
Steve Reich,0
Edvard,0
Notorious,0
Mikhail Baryshnikov,0
Josquin des Prez,0
Hail Mary,0
Rochester Philharmonic Orchestra,0
Vinteuil's Violin Sonata in F-sharp,0
The Painter's Studio,0
Marc,0
Hammerklavier,0
Sunset Boulevard,0
Alfred,0
Mary,0
B minor,0
Coral Castle,0
Hector Guimard,0
The Miraculous Mandarin,0
Medea,0
Charles A. Prince,0
Christ in the House of His Parents,0
The Zoo Story,0
Buddhahood,0
Julia Warhola,0
List of symphonies by Johannes Brahms,0
Andrei Rublev,0
Bye Bye Birdie,0
Bacchus and Ariadne,0
Dionysus,0
Leonardo,0
The Dinner Party,0
Birth of the Cool,0
Burial,0
Stephen Sondheim,0
Andrew Lloyd Webber,0
Art collection of Fondazione Cassa di Risparmio di Lucca,0
Robert Altman,0
Toru Takemitsu,0
Mood Indigo,0
Hokusai,0
The Cabinet of Dr. Caligari,0
Images,0
Bonampak,0
Andrea Chénier,0
Giulio Cesare,0
The Red Wheelbarrow,0
Eduard Flipse,0
"Knight, Death and the Devil",0
Norma,0
Acropolis of Athens,0
The Factory,0
Waltz in A minor (Chopin),0
M. C. Escher,0
Einojuhani Rautavaara,0
A Fine Balance,0
Franco Zeffirelli,0
Robert Capa,0
Schönbrunn Palace,0
King Vidor,0
Love Canal,0
List of string quartets by Joseph Haydn,0
Hans Werner Henze,0
House,0
Mily Balakirev,0
The Americans,0
"Jesus nahm zu sich die Zwölfe, BWV 22",0
Joseph,0
Peter Grimes,0
Fra Angelico,0
Così fan tutte,0
Philip IV of Spain,0
Past tense,0
Cinderella,0
Anton Bruckner,0
Ariadne auf Naxos,0
Granite,0
Banjo,0
Villa Gamberaia,0
Vasily,0
Confusion of tongues,0
Dorothea Lange,0
Orlande de Lassus,0
Self-portraits in the Uffizi Gallery,0
Gustav,0
Hahn,0
Charles Joseph Minard,0
Canaletto,0
Schubert's symphonies,0
Oratorio,0
Tannhäuser,0
Gravitational microlensing,0
Piano Concerto No. 13 (Mozart),0
Paris Opera,0
Octet (Enescu),0
Ennio Morricone,0
Arthur Haselrig,0
A Sea Symphony,0
The Swing (painting),0
La gazza ladra,0
Thermae,0
Faust Symphony,0
Samuel,0
Moon,0
Alexander Stirling Calder,0
Spem in alium,0
David Allen,0
Moses,0
Francis Picabia,0
The Brothers Karamazov,0
Antoine-Louis Barye,0
Falstaff,0
Beata Beatrix,0
Tannhäuser (opera),0
masses by Wolfgang Amdeus Mozart ,0
Ahijah the Shilonite,0
Pierrot le Fou,0
A Twist in the Myth,0
Lobster Trap and Fish Tail,0
Piano Sonata No. 8 (Beethoven),0
The Maltese Falcon,0
The Raising of the Cross,0
Electric guitar,0
Concerto grosso,0
The Peasant Wedding,0
Paolo Uccello,0
Psycho,0
Twelve-tone technique,0
Siena Cathedral,0
Equestrian Statue of Marcus Aurelius,0
St Mark's Basilica,0
Terracotta,0
Symphony No. 3 (Schumann),0
Twyla Tharp,0
Iconoclasm,0
Impromptus (Schubert),0
Annie Hall,0
The Tales of Hoffmann,0
High Noon,0
The Rake's Progress,0
William Blake,0
Armory Show,0
Edmund Spenser,0
Brancacci Chapel,0
Guan Yu,0
Percy Grainger,0
Black Sea,0
Carl Nielsen,0
The Disasters of War,0
The Merry Widow,0
Paul Klee,0
Charlie,0
Metropolis,0
Ein Heldenleben,0
Apollo Theater,0
The Imaginary Invalid,0
View of Delft,0
Nazarene,0
Mingus Ah Um,0
Wh-movement,0
Western concert flute,0
Caprice,0
Four Freedoms,0
Cyprus,0
Clara,0
Mr and Mrs Andrews,0
Henryk Wieniawski,0
Henry Moore,0
Grendel,0
"Abbey Road, London",0
The Two Fridas,0
Road to Emmaus appearance,0
Giovanni Battista Tiepolo,0
Mr and Mrs Clark and Percy,0
Istanbul,0
"Des Moines, Iowa",0
Charles Foster Kane,0
The Three Philosophers,0
The Epic of American Civilization,0
4.	âLÃ  ci darem la manoâ ,0
The Four Apostles,0
Paul Revere,0
Symphony No. 5 in D major,0
Adagio,0
Mount Parnassus,0
Léo Delibes,0
L'Atalante,0
Still life,0
Mass,0
Fairy,0
Steppenwolf (novel),0
Notre Dame,0
Collage,0
Group f/64,0
Hamlet,0
Symphonie espagnole,0
Battleship Potemkin,0
The Leopard,0
Beauty Revealed,0
Günter Grass,0
Symphony No. 5 (Nielsen),0
Amnon Cohen,0
Carl Georg Heise,0
The Last of England,0
Repeal of Prohibition in the United States,0
Barbizon school,0
Rouen Cathedral,0
Sara Mingardo,0
"Self-portrait (Frick, Rembrandt)",0
Nosferatu,0
Daniel Chester French,0
François Boucher,0
Henri Cartier-Bresson,0
Thais,0
Hans Memling,0
I,0
Mexico,0
4 (number),0
Pyotr Ilytch Tchaikovsky,0
Cybele,0
Pedro I of Brazil,0
"Frederick, Duke of Bohemia",0
Scrovegni Chapel,0
Jazz waltz,0
The Dream of Gerontius,0
Cass Gilbert,0
Vienna Secession,0
Mark Morris,0
Nam June Paik,0
V – The New Mythology Suite,0
The Book of Hours,0
Benjamin,0
Adoration of the Shepherds,0
Die Entführung aus dem Serail,0
Ophelia,0
Monticello,0
Sonatas and partitas for solo violin (Bach),0
Thomas Tallis,0
Francesco Borromini,0
Jean-Michel Basquiat,0
Josef Suk,0
Ten Commandments,0
Mephistopheles,0
CCMIX,0
Emperor of Mexico,0
Cave painting,0
Rokeby Venus,0
Rem Koolhaas,0
"Just what is it that makes today's homes so different, so appealing?",0
Electra (disambiguation),0
Robert Smithson,0
Claude Lorrain,0
James Merrill,0
Lippi,0
Thomas Nast,0
Scottish,0
A Bar at the Foiles-Bergere,0
Stained glass,0
Aristide Maillol,0
Pastoral,0
Czech Republic,0
Greece–Russia relations,0
Palace of Westminster,0
The Horse Fair,0
Hagia Sophia,0
"Statue of David Lloyd George, Parliament Square",0
The Swan of Tuonela,0
Aram Khachaturian,0
Gane Pavilion,0
A Midsummer Night's Dream,0
Henri Rousseau,0
Emmanuelle Chriqui,0
Jules and Jim,0
Johann Pachelbel,0
Jean-Baptiste Carpeaux,0
Alban,0
Desiree,0
Samson and Delilah,0
Flag,0
The Fighting Temeraire,0
The Silent Cry,0
Frederiksholms Kanal,0
Napoleon Crossing the Alps,0
John Ashbery,0
Beowulf,0
Pastorale,0
Alfred Hitchcock,0
Jelly roll,0
Dido and Aeneas,0
1543 in art,0
The Yellow House (painting),0
Pedro Camacho's radio serials ,0
Nino,0
Georgia O'Kee€e's animal skulls ,0
Sergiu Celibidache,0
César Cui,0
Holliday,0
George,0
Bernardo Bertolucci,0
View of Toledo,0
Anna Larsson (singer),0
Amarcord,0
Marche slave,0
Triptychs by Francis Bacon,0
Honoré Daumier,0
Cello Concerto (Elgar),0
Richard Diebenkorn,0
Kullervo,0
Lotus Sutra,0
Catacombs of Rome,0
Sayat-Nova,0
the Tay Nihn Great Temple of Cao Dai ,0
James Hoban,0
Elliott Carter,0
Belgium,0
Harold en Italie,0
Symphony No. 1 (Brahms),0
Montmartre,0
Cinema Paradiso,0
One-child policy,0
Marsden Hartley,0
Nuremberg Rally,0
The Agnew Clinic,0
Ganymede,0
Gravitational lens,0
Chinese,0
Beethoven's glyph817inth Symphony ,0
Paris Street; Rainy Day,0
Airplane!,0
Symphony No. 19 (Haydn),0
Burj Khalifa,0
Young British Artists,0
La fanciulla del West,0
Damien Hirst,0
Domenico Scarlatti,0
Stadium,0
Les Troyens,0
Nabucco,0
Sergei Eisenstein,0
Rijeka,0
Dziga Vertov,0
Overture,0
Germany,0
Parsifal,0
Takashi Murakami,0
Caravaggisti,0
In Praise of Shadows,0
Delft,0
Rembrandt Harmeenszoon van Rijn,0
The,0
Mystic Marriage of Saint Catherine (Correggio),0
Bridge,0
Eadweard (film),0
Nuclear weapon,0
Martin Scorsese,0
Egypt,0
Creation,0
Avant-Garde and Kitsch,0
Adam and Eve,0
Claus Sluter,0
Star Trek III: The Search for Spock,0
Singing,0
Tapestry,0
"Toccata and Fugue in D minor, BWV 565",0
Joshua Reynolds,0
Iain Macleod,0
String Quartet No. 6 (Bartók),0
"Picasso: Magic, Sex & Death",0
Sacred and Profane Love,0
Ara Pacis,0
Finlandia,0
Johannesburg,0
Woody Allen,0
Viktor Ullmann,0
The Sirens and Ulysses,0
Red-figure pottery,0
L'homme armé,0
Broadway Boogie-Woogie,0
Earl of Ashburnham,0
Benjamin Tyler Henry,0
Orson Welles,0
Wainwright Building,0
Clement Greenberg,0
Tarantella,0
Charles Mingus,0
Piano concerto,0
Constructivism,0
"Impression, Sunrise",0
Viola pomposa,0
Olympia,0
"the Great Proletarian Cultural Revolution13. One of this man's works expresses doubt that The Iliad's current form was ever popular and is filled with excerpts from authors like Longfellow and Shelley; that work cites aesthetic appeal as the primary aim of the title works, which should be under 100 lines. Another of his works notes that Godwin's Caleb Williams was written backwards and extols the literary effect of killing a beautiful woman. This author of ""The Poetic Principle"" claimed in ""The ",0
Photorealism,0
Giulio Romano,0
Anna Karenina (Eifman),0
Minneapolis,0
Anton Webern,0
The Crystal Palace,0
The Rules of the Game,0
Braque Triptych,0
String Quartet No. 5 (Beethoven),0
Sonia Ganassi,0
Through the Looking-Glass,0
Women of Algiers in Their Apartment,0
Cor anglais,0
Westminster Abbey,0
Flore et Zéphire,0
Die Brücke,0
Public library,0
Carl Czerny,0
Through a Glass Darkly,0
Alessandro Scarlatti,0
The Ambassadors (Holbein),0
Fountains of Rome,0
New York City,0
A Bar at the Folies-Berg`ere ,0
Park,0
Garbage collection,0
Gustave Moreau,0
The Gates of Hell,0
Guru Arjan,0
Vietnam War,0
4′33″,0
Double bass,0
The Lictors Bring to Brutus the Bodies of His Sons,0
Leoš Janáček,0
Dmitry,0
Luddite,0
Pazzi conspiracy,0
Belshazzar,0
E-flat major,0
Woodcut,0
Rosso Fiorentino,0
Harp,0
L'Angélus,0
English,0
Voltaire,0
The Lark Ascending,0
Miss Saigon,0
Symphonies by Pyotr Ilyich Tchaikovsky,0
Cavalleria rusticana,0
War,0
Jewish museum,0
Daphnis et Chloé,0
Gilles,0
Train,0
California,0
Carl,0
Symphony No. 103 (Haydn),0
Étude,0
Common law,0
Metronome,0
The Third-Class Carriage,0
Alberto Ginastera,0
Hippolyte et Aricie,0
Adam's Rib,0
Futurism,0
Piano Sonata No. 21 (Beethoven),0
Charles Le Brun,0
Andrew Wyeth,0
The Seasons,0
Cologne Cathedral,0
Martina Aitolehti,0
Tower of London,0
Sir Edward Pellew Group of Islands,0
Thelonious Monk,0
United States Supreme Court Building,0
Church,0
Johannes Chrysostomus Wolfgangus Gottlieb Amadeus Theophilus,0
George Farquhar,0
Bassoon,0
Josef Albers,0
Joaquín Rodrigo,0
Paul Strand,0
Viola,0
Prison,0
La Sylphide,0
Triptych of the Temptation of St. Anthony,0
Trevi Fountain,0
Italian Concerto (Bach),0
Henryk Górecki,0
Rhapsody on a Theme of Paganini,0
Albert Pinkham Ryder,0
Frederic,0
Elgin Marbles,0
Music for the Requiem Mass,0
Assumption of Mary,0
The Great Dictator,0
Federico Fellini,0
Gilbert Stuart,0
Edvard Hagerup,0
Symphony No. 1 (Mahler),0
Alvar Aalto,0
Madonna of Chancellor Rolin,0
Henryk Mikoł Gorecki,0
Tripiṭaka,0
Mahavira,0
Sketches of Spain,0
Hyman Bloom,0
The Son of Man,0
tring octets ,0
Piero della Francesca,0
Tōkaidō,0
Jerusalem,0
Kind of Blue,0
Piracy,0
Timpani,0
Milkmaid (disambiguation),0
8 (number),0
Myron,0
Missa L'homme armé,0
Minuet,0
Zealots (Judea),0
From a Window,0
Photomontage,0
William Penn,0
Franz Marc,0
Women of Algiers,0
Charles E. Burchfield,0
Jean-Honoré Fragonard,0
To Catch a Thief,0
Moshe Safdie,0
The Cunning Little Vixen,0
Sesshū Tōyō,0
Die,0
Deutsher Werkbund ,0
Shark,0
Funeral march,0
William Byrd,0
Symphony No. 2 (Beethoven),0
Harlem,0
Symphony No. 8,0
The Young Person's Guide to the Orchestra,0
Shane MacGowan and The Popes,0
David Alfaro Siqueiros,0
The Gleaners,0
Ortaköy,0
Symphony No. 1,0
Amyotrophic lateral sclerosis,0
Symphony No. 3,0
Symphony No. 4 (Sibelius),0
Symphony No. 6,0
Symphony No. 7,0
Ashley Montagu,0
Giotto,0
List of churches in London,0
Fernand Léger,0
E major,0
Marc Zaharovich Chagall ,0
"Nike, Inc.",0
David (Donatello),0
London Schools Symphony Orchestra,0
Siena,0
Chikamatsu Monzaemon,0
Dream Caused by the Flight of a Bee Around a Pomegranate a Second Before Awakening,0
Seoul,0
Saxophone Colossus,0
Frank,0
Robert Motherwell,0
Taj Mahal,0
John Field,0
Siegfried,0
Odin,0
The Calling of St Matthew (Caravaggio),0
Antonio,0
James Ensor,0
Luis Buñuel,0
Bob,0
Melencolia I,0
Square,0
List of Roman victory columns,0
Roman de la Rose,0
Glenn,0
Jacob Isaackszon van Ruisdael,0
Carmen Fantasy,0
Waterfall model,0
Parmigianino,0
Roy,0
Krzysztof Penderecki,0
Symphonic Metamorphosis of Themes by Carl Maria von Weber,0
Beyond Good and Evil,0
B,0
Baritone,0
Frédéric Auguste Bartholdi,0
François,0
Speech,0
"Self-Portrait (Dürer, Munich)",0
Belarus,0
José Clemente Orozco,0
Erik Satie,0
George Bellows,0
symphonies by Dimitry Dimitryevich Shostakovich,0
Jean-François Millet,0
Gabriel Fauré,0
Prelude and fugue,0
Arthur Sullivan,0
Slavery,0
La Strada,0
Joseph II of Constantinople,0
Switzerland,0
Water Music,0
Beijing,0
Rietveld Schröder House,0
Piccolo,0
Darius Milhaud,0
Leos,0
Pontormo,0
Mad scene,0
Arshile Gorky,0
A German Requiem (Brahms),0
The Ox-Bow Incident,0
Frederic Edwin Church,0
Carlo Gesualdo,0
Death and Transfiguration,0
Edward,0
Francisco de Zurbarán,0
Jørn Utzon,0
New York Public Library Main Branch,0
Owl City,0
Chandigarh,0
The Death of Klinghoffer,0
Bachianas Brasileiras,0
Guggenheim Museum,0
Eugene Onegin,0
Michelangelo Antonioni,0
Carl Maria von Weber,0
Études (Ligeti),0
Fallingwater,0
Prophet (disambiguation),0
Richard Taruskin,0
7 (number),0
Cycloid,0
Bone marrow,0
Lisbon,0
Duke Ellington House,0
Flora Purim,0
C minor,0
Fashion photography,0
Buttress,0
Hannah Arendt,0
Symphony No. 2 (Mahler),0
Le roi David,0
The General,0
Orpheus in the Underworld,0
Anthony van Dyck,0
Stabiles,0
Jean-Baptiste Lully,0
Alfred Sisley,0
Piano Sonata No. 2 (Ives),0
Violin Concerto (Mendelssohn),0
The Pirates of Penzance,0
Noh,0
On Hearing the First Cuckoo in Spring,0
Mozart family grand tour,0
The Conspiracy of Claudius Civilis,0
Cinema Novo,0
Carlo Carrà,0
Klangfiguren,0
String Quartet No. 1,0
Zaha Hadid,0
Organ,0
Johann Wolfgang von Goethe,0
Restoration of the Sistine Chapel frescoes,0
Dichterliebe,0
Perfect fourth,0
Bachbusters,0
Maurice,0
Henry Cowell,0
Quatuor pour la fin du temps,0
Billy Budd,0
Mural,0
Rashi,0
Diane Arbus,0
"Saint Lucius, Brugherio",0
Hooked on Classics 4 - Baroque,0
Tracey Emin,0
Jean-Philippe Rameau,0
"No Woman, No Cry",0
Symphony No. 65 (Haydn),0
Herbert von Karajan,0
Tuning,0
Dimitri Mitropoulos,0
Ottorini Respighi,0
The Last Night of the Yankee Dynasty,0
Sonata form,0
Ship burial,0
Norway,0
Chloroplast,0
A German Requiem,0
Louise Élisabeth Vigée Le Brun,0
Linz,0
My Fair Lady,0
Red algae,0
Bone char,0
The Wedding at Cana,0
John Huston,0
White Rose,0
The Temptation of Saint Anthony (Flaubert),0
Napoléon (1927 film),0
Late string quartets (Beethoven),0
The Apotheosis of Homer,0
Equestrian Portrait of the Count-Duke of Olivares,0
The History of Sexuality,0
Tilted Arc,0
Light,0
Salome,0
Green,0
Très Riches Heures du Duc de Berry,0
Jacques Lipchitz,0
Bathing,0
Self-Portrait with Seven Fingers,0
Paul Dukas,0
E minor,0
Palace,0
The Goddess – Music for the Ancient of Days,0
H.M.S. Pinafore,0
Ignacy Jan Paderewski,0
Scherzo,0
Raphael Rooms,0
Obbligato,0
War Requiem,0
Casa Buonarroti,0
Virgil Thomson,0
Albrecht Altdorfer,0
Johann Nepomuk Hummel,0
Doctor,0
Laocoön,0
Robert,0
Ford Madox Brown,0
Pisa,0
Roy Lichtenstein,0
Cantata,0
Piano Concerto No. 1 (Bartók),0
Heitor Villa-Lobos,0
Sabines,0
Robert Doisneau,0
Monkey,0
Der Erlkönig,0
Der Rosenkavalier,0
Dali,0
Piano trio,0
Aphrodite of Cnidus,0
Sculptural Ensemble of Constantin Brâncuși at Târgu Jiu,0
Michael Tippett,0
The Death of Sardanapalus,0
The Bridge,0
Adalin Wichman,0
Denmark,0
Opening of the Fifth Seal,0
Flanders,0
Pietro da Cortona,0
Paolo Veronese,0
Herculaneum,0
The Sense of Beauty,0
Franz Kafka,0
Vaslav Nijinsky,0
The Mikado,0
Library,0
Holy Trinity (Masaccio),0
Chick Corea,0
Otello,0
Lady with an Ermine,0
Concierto de Aranjuez,0
La fille du régiment,0
Margaret Bourke-White,0
Joan Miró,0
Breathless,0
Un Chien Andalou,0
Robert Mapplethorpe,0
List of compositions by Wolfgang Amadeus Mozart,0
Cimabue,0
Turangalîla-Symphonie,0
Costa-Gavras,0
Gold leaf,0
David Smith (sculptor),0
Gustav Klimt,0
M. A. Numminen,0
The Musical Offering,0
Artist's Studio—Look Mickey,0
The Call of Cthulhu,0
Madame de Pompadour,0
Man Ray,0
Metamorphosis of Narcissus,0
The Little Mermaid,0
Clint Eastwood,0
St. Louis,0
Figured bass,0
Mont Saint Michel Abbey,0
Marcel,0
Egyptian pyramids,0
Farewell,0
Tahiti,0
August Bournonville,0
Adderley,0
Fragaria,0
Orpheus,0
Coppelia,0
Bird,0
The Work of Art in the Age of Mechanical Reproduction,0
Herbie Hancock,0
Prince Igor,0
Solomon R. Guggenheim Museum,0
Attar of Nishapur,0
Thomas Gainsborough,0
First Great Awakening,0
Sarah Siddons,0
Henri de Toulouse-Lautrec,0
List of concert halls,0
Dubai,0
Andrea del Verrocchio,0
"Hagia Sophia, Thessaloniki",0
The Dessert: Harmony in Red (The Red Room),0
Cat,0
Ossia,0
Symphony No. 4 (Tchaikovsky),0
Adam,0
Mother,0
Symphony No. 4 (Mendelssohn),0
Gaia,0
Diabelli Variations,0
Rear Window,0
Petrushka,0
Symphony No. 4 (Brahms),0
Zuccone,0
Arles,0
Henry Ossawa Tanner,0
Phidias,0
Vision After the Sermon,0
Frederick Law Olmsted,0
Harmony,0
An Experiment on a Bird in the Air Pump,0
Oregon Crusaders Drum and Bugle Corps,0
Season,0
A minor,0
China,0
piano concertos by Sergei Vasielievich Rachmaninoff,0
A Sunday Afternoon on the Island of La Grande Jatte,0
Bicycle Thieves,0
Indonesia,0
Henryk Miko?ai Gorecki,0
Ikiru,0
Enigma Variations,0
Nazarene movement,0
Trout Quintet,0
Jean-Baptiste-Camille Corot,0
Gong,0
Tondaiman,0
French Suites (Bach),0
The Golden Cockerel,0
"osi Fan Tutte, ossia La scuola degli amanti ",0
"Piano Sonata in F minor, D 625 (Schubert)",0
Antonio da Correggio,0
Nadar,0
La Dolce Vita,0
Self-portrait,0
George Crumb,0
The Barque of Dante,0
Jackson,0
Allegory of Divine Providence and Barberini Power (Cortona),0
Iran,0
Hestia Tapestry,0
Bronze Horseman,0
The Unanswered Question,0
Primavera,0
Max Beckmann,0
Adagio for Strings,0
Art Tatum,0
The Great Exhibition,0
Watercolor painting,0
The 400 Blows,0
The Dark Side of the Moon,0
Death and the Maiden,0
Kanye West,0
Louis Spohr,0
Tomb of Pope Julius II,0
A Dance to the Music of Time,0
Metaphysical art,0
Juan Gris,0
Jerome Robbins,0
Neoclassical architecture,0
Diego,0
Jersey Boys,0
Zadok the Priest,0
Francis Bacon,0
Diadumenos,0
Judith Leyster,0
Cardsharps (Caravaggio),0
Texas Rangers,0
Degenerate art,0
Jacques Offenbach,0
2001: A Space Odyssey,0
Avison Ensemble,0
Flagellation of Christ,0
Drum kit,0
Edward Hicks,0
Issenheim,0
Tropical cyclone,0
Kiss,0
Symphony No. 3 (Mendelssohn),0
Francis Poulenc,0
Spring Symphony,0
Greece,0
Diffraction,0
Parmigiano-Reggiano,0
Der Freischütz,0
Pesaro Madonna,0
Isadora Duncan,0
E-flat,0
Dwarf,0
George Grosz,0
Isenheim Altarpiece,0
Albert Speer,0
Conversion of Paul the Apostle,0
Manifesto of Futurism,0
Emil Nolde,0
Count Basie,0
The Walt Disney Company,0
"Nude Descending a Staircase, No. 2",0
Midnight on the Water (Mark O'Connor album),0
Appalachian Spring,0
Josef von Sternberg,0
"Haydnâs Symphony No. 104 in D major, H. I/104 ",0
Willem de Kooning,0
6 (number),0
Absinthe,0
Paris,0
Carnegie Hall (film),0
The Sleeping Gypsy,0
Richard Hamilton,0
Course in General Linguistics,0
Thrones,0
Lucia di Lammermoor,0
Vanessa,0
Carl Theodor Dreyer,0
Thomas Jefferson,0
Abbas Kiarostami,0
Dubrovnik,0
Jacob,0
Wargasm,0
"Aguirre, the Wrath of God",0
Film score,0
Charter school,0
Emma Goldman,0
Edward Burne-Jones,0
Stella,0
Triptych,0
"Self-portrait (Rembrandt, Indianapolis)",0
Harle	quin's Carnival ,0
Kindertotenlieder,0
Italian,0
D. W. Griffith,0
Duccio,0
Alexander Borodin,0
"Music for ""The Knee Plays""",0
Music for 18 Musicians,0
The Jewish Bride,0
Triple metre,0
Eadweard Muybridge,0
El Lissitzky,0
The Legend of Zelda: Phantom Hourglass,0
Jerome,0
Jupiter and Thetis,0
A Burial At Ornans,0
Central Park,0
Angry Birds Space,0
Isaac Albéniz,0
Rent (musical),0
Morning Mood,0
Renzo Piano,0
Chartres Cathedral,0
Lev Ivanov,0
Los Angeles,0
Mass in B minor,0
A Harlot's Progress,0
(120178) 2003 OP32,0
Minimalism,0
Tennis Court Oath,0
Carl Philipp Emanuel Bach,0
Ornans,0
A Feather on the Breath of God,0
Baependi,0
La mer,0
8½,0
Emmanuel Chabrier,0
Seven Samurai,0
Barcarolle,0
Speak No Evil,0
Hiram Powers,0
The Crazy Day or The Marriage of Figaro,0
F major,0
Syphilis,0
The Bathers (Cézanne),0
Symphony No. 7 (Shostakovich),0
Lyric Pieces,0
Michael Weiss (figure skater),0
The Swimming Hole,0
Augustus Saint-Gaudens,0
Pizzicato,0
Sandro,0
Jean Renoir,0
Rosie the Riveter,0
Antonio Canova,0
MELOS,0
Marie de' Medici,0
Jeff Koons,0
Tribute Money,0
Antonio Placido Guillermo Gaudi i Cornet ,0
Netherlandish Proverbs,0
Camille,0
Lohengrin,0
Number,0
Saint Peter,0
Nativity,0
Four Saints in Three Acts,0
Karl Friedrich,0
Simone Martini,0
Three Places in New England,0
Daphnis and Chloe,0
Cannonball Adderley,0
Diabelli Variations (album),0
La Wally,0
Paul Delaroche,0
Aquiles Delle Vigne,0
Jasper Johns,0
Franz Joseph I of Austria,0
Poster,0
Jules Hardouin-Mansart,0
Vietnam Veterans Memorial,0
Oklahoma!,0
Scythian Suite,0
United States Academic Decathlon,0
Jean-Auguste-Dominique Ingres,0
.bcn,0
"Banqueting House, Whitehall",0
Portrait of Dr. Gachet,0
Airport,0
Andrea Mantegna,0
The Passion of Joan of Arc,0
Il trovatore,0
Sagrada Família,0
George Stubbs,0
Pauline Brockless,0
Jean-Baptiste-Siméon Chardin,0
Spring,0
Charles I in Three Positions,0
Karol Szymanowski,0
Jacques Derrida,0
Pygmalion,0
Trombone,0
Cupid,0
School of Fontainebleau,0
Harpsichord,0
Washington Allston,0
Basilica of St Denis,0
Apollo Belvedere,0
Al-Nusra Front,0
Oskar Kokoschka,0
Magi,0
Isamu Noguchi,0
Hermes,0
L'Absinthe,0
List of string quartets by Béla Bartók,0
Last Judgment,0
Jazz flute,0
Peer Gynt,0
Casablanca,0
Detroit Industry Murals,0
Piano Concerto No. 5 (Beethoven),0
Mark Rothko,0
Cologne,0
Forbidden City,0
The Embarkation for Cythera,0
The Deposition from the Cross (Pontormo),0
Horn Concertos (Mozart),0
De pictura,0
Romola,0
Sun,0
Modern Times,0
Actor,0
Takanyi Garanganga,0
Athol Fugard,0
The Stages of Life,0
Scarlatti,0
Giuseppe Arcimboldo,0
St Paul's Cathedral,0
Lieutenant Kijé (Prokofiev),0
Musician,0
Nijmegen Helmet,0
William Schuman,0
Ragtime,0
Dies Irae,0
Last Supper (Tintoretto),0
Stairs,0
Antonello da Messina,0
String symphonies (Mendelssohn),0
Petrarch,0
Andrea del Sarto (poem),0
Richard Serra,0
Venus and Mars,0
Robert Venturi,0
Willem,0
Opera house,0
Igor,0
List of compositions by Franz Liszt (S.351–S.999),0
The Greek Slave,0
Distillation,0
Joseph Wright of Derby,0
Albretcht Durer,0
Symphony on a French Mountain Air,0
Suprematism,0
Grape,0
Pincher Martin,0
Das Lied von der Erde,0
Thaïs,0
Symphony No. 101 (Haydn),0
Guercino,0
"After seeing this painting, an intellectual compared the ""C"" shape traced out by its figures to a plate bent by Augustus the Strong. In this painting, a self-portrait of the artist is holding his left hand at a painful-looking right angle behind his back and holding a young girl's hand with his right. The background of this painting contains a racetrack where the viewer can barely make out the activity of racing horses. In the foreground of this painting, a girl in pink with her back to the viewer is holding a basket full of flowers; at a distance from her, a woman in a red skirt who may be Fernande Olivier sits, far from the rest of the group, next to a pitcher of water. In this painting, a sack-wielding fat man in ",0
El Escorial,0
Nanook of the North,0
Heart transplantation,0
Saint Anthony,0
Francis I of France,0
The Communist Manifesto,0
Fresco,0
"Cathedral of St. Matthew the Apostle (Washington, D.C.)",0
Fred Astaire,0
Child,0
Ernst Ludwig Kirchner,0
Brideshead Revisited,0
"String Quartets, Op. 20 (Haydn)",0
Der,0
Raising the Flag on Iwo Jima,0
A Rake's Progress,0
Robert Indiana,0
L'italiana in Algeri,0
Arcangelo Corelli,0
César Franck,0
Bicycle,0
Gold,0
Rockquiem,0
Bedroom in Arles,0
Roman emperor,0
Lucas Cranach the Elder,0
Eroica,0
Capital asset pricing model,0
Rabindranath Tagore,0
Vertigo,0
Roscoe Conkling,0
John Brown,0
Slavonic Dances,0
Skeleton,0
Olmec,0
Symphony No. 41,0
List of Kannada films of the 1930s,0
Louis Sullivan,0
Les Grandes Baigneuses (Renoir),0
Guerrillero Heroico,0
A Clockwork Orange,0
Pergamon Altar,0
Lyric,0
Poland,0
György Ligeti,0
Confederate State Capitol building (Arkansas),0
"Anatoly ""Lazy"" Liadov ",0
Portrait of Madame X,0
Lorenzo Da Ponte,0
Symphony No. 94 (Haydn),0
Three Studies for Figures at the Base of a Crucifixion,0
William Albright (musician),0
Hot n Cold,0
David Mamet,0
French overture,0
Pyongyang,0
Flamenco,0
Les Demoiselles d'Avignon,0
"Washington, D.C.",0
